split,url,datePublished,headline,drought_label
train,https://elpais.com/diario/1999/07/28/economia/933112822_850215.html,1999-07-27 22:00:00+00:00,Críticas a las medidas contra la sequía,True
train,https://elpais.com/diario/1995/12/24/sociedad/819759606_850215.html,1995-12-23 23:00:00+00:00,Algo más grave que una «pertinaz» sequía,True
train,https://elpais.com/diario/2006/12/26/cvalenciana/1167164284_850215.html,2006-12-25 23:00:00+00:00,"Xúquer Viu ve positivas, pero insuficientes, las restricciones a las extracciones en La Mancha",True
train,https://elpais.com/diario/2008/04/12/catalunya/1207962438_850215.html,2008-04-11 22:00:00+00:00,El agua llegará por la autopista,True
train,https://elpais.com/diario/2005/08/12/paisvasco/1123875601_850215.html,2005-08-11 22:00:00+00:00,Los «baserritarras» creen insuficientes las medidas institucionales contra la sequía,True
train,https://elpais.com/deportes/2021-08-27/soler-deslumbra-en-mestalla.html,2021-08-27 22:23:25.624000+00:00,Soler deslumbra en Mestalla,False
train,https://elpais.com/diario/1992/03/18/espana/700873219_850215.html,1992-03-17 23:00:00+00:00,Borrell pide ahorro de agua,True
train,https://elpais.com/america-colombia/2022-10-16/el-extrano-gusano-que-surgio-de-las-profundidades-del-orinoco.html,2022-10-15 10:15:00.761000+00:00,El extraño gusano que surgió de las profundidades del Orinoco   ,False
train,https://elpais.com/diario/1995/03/04/economia/794271611_850215.html,1995-03-03 23:00:00+00:00,"Agricultura prepara un plan de regadíos que costará 1,12. billones de pesetas",False
train,https://elpais.com/diario/2006/01/18/cvalenciana/1137615477_850215.html,2006-01-17 23:00:00+00:00,La Confederación del Júcar prepara restricciones al regadío y medidas contra la sequía,False
train,https://elpais.com/diario/1986/05/12/espana/516232821_850215.html,1986-05-11 22:00:00+00:00,Los afectados de Riaño organizan una fiesta contra la construcción del pantano,False
train,https://elpais.com/economia/2015/09/23/actualidad/1443022479_955753.html,2015-09-26 22:03:37+00:00,Disney sucede a Disney en la guerra de los juguetes,False
train,https://elpais.com/clima-y-medio-ambiente/2022-02-22/las-ciudades-esponja-la-propuesta-china-para-adaptarse-al-cambio-climatico.html,2022-02-22 03:17:59.558000+00:00,Las ciudades esponja: la propuesta china para adaptarse al cambio climático ,True
train,https://elpais.com/opinion/2022-07-04/hambre-las-muertes-que-si-podemos-evitar.html,2022-07-04 03:00:00.691000+00:00,Hambre: las muertes que sí podemos evitar,True
train,https://elpais.com/diario/1995/06/07/sociedad/802476015_850215.html,1995-06-06 22:00:00+00:00,La difícil ecuación para hacer potable el agua del mar,True
train,https://elpais.com/podcasts/hoy-en-el-pais/2022-09-06/berrocal-lo-que-el-fuego-se-llevo.html,2022-09-06 03:45:00.276000+00:00,Berrocal: lo que el fuego se llevó,False
train,https://elpais.com/tecnologia/2013/12/02/actualidad/1385969482_968727.html,2013-12-02 07:31:22+00:00,Amazon prueba el envío de paquetes con drones,False
train,https://elpais.com/diario/2005/09/09/cvalenciana/1126293478_850215.html,2005-09-08 22:00:00+00:00,Medio Ambiente concluye que el trasvase alternativo dará más agua al Vinalopó,True
train,https://elpais.com/diario/2010/03/13/espana/1268434816_850215.html,2010-03-13 06:00:00+00:00,Los pueblos del apagón se vacían,False
train,https://elpais.com/deportes/2021-07-27/la-aventura-estaba-en-casa.html,2021-07-27 15:52:29.929000+00:00,La aventura estaba en casa,False
train,https://elpais.com/diario/2008/04/22/catalunya/1208826441_850215.html,2008-04-21 22:00:00+00:00,El agua y la política del tabú,False
train,https://elpais.com/sociedad/2019/12/06/actualidad/1575629031_639826.html,2019-12-06 23:05:42+00:00,‘Apps’ para comer las sobras del restaurante y salvar el planeta,False
train,https://elpais.com/diario/1989/10/23/espana/625100421_850215.html,1989-10-22 23:00:00+00:00,La sequía y el viento favorecen los incendios forestales en Cantabria,True
train,https://elpais.com/planeta-futuro/2022-08-29/las-pepenadoras-de-la-metalica-reciclar-basura-entre-la-miseria.html,2022-08-29 03:30:00+00:00,Las pepenadoras de La Metálica: reciclar basura entre la miseria,False
train,https://elpais.com/diario/2006/05/16/sociedad/1147730412_850215.html,2006-05-15 22:00:00+00:00,La sequía en el Cuerno de África amenaza la vida de 40.000 niños,True
train,https://elpais.com/cultura/2019/07/09/actualidad/1562623333_663931.html,2019-07-09 05:00:58+00:00,Muy rápido y limpio tercer encierro de San Fermín 2019,False
train,https://elpais.com/diario/1985/10/02/espana/497055624_850215.html,1985-10-01 23:00:00+00:00,La sequía provoca drásticas restricciones de agua y graves pérdidas en la ganadería,True
train,https://elpais.com/diario/2005/05/28/madrid/1117279461_850215.html,2005-05-27 22:00:00+00:00,Simancas reclama una reducción del consumo del agua ante la fuerte sequía,True
train,https://elpais.com/diario/2005/09/03/sociedad/1125698404_850215.html,2005-09-02 22:00:00+00:00,"Portugal, sequía extrema",True
train,https://elpais.com/diario/1999/03/17/ultima/921625202_850215.html,1999-03-16 23:00:00+00:00,Sequía,True
train,https://elpais.com/diario/1976/09/23/espana/212277618_850215.html,1976-09-22 22:00:00+00:00,Sevilla sólo tiene agua hasta fin de año,True
train,https://elpais.com/economia/2012/03/18/actualidad/1332095091_492991.html,2012-03-19 02:05:26+00:00,La falta récord de lluvias eleva los costes del campo,True
train,https://elpais.com/diario/1983/07/29/espana/428277610_850215.html,1983-07-28 22:00:00+00:00,Casi 8.000 millones de pesetas para paliar la sequía en Andalucía,True
train,https://elpais.com/diario/2000/09/25/andalucia/969834129_850215.html,2000-09-24 22:00:00+00:00,El plan nacional del agua mantiene el polémico canal del río Castril,False
train,https://elpais.com/diario/1994/12/05/espana/786582015_850215.html,1994-12-04 23:00:00+00:00,El agravamiento de la sequía obliga al Gobierno a preparar medidas de emergencia,True
train,https://elpais.com/diario/2005/06/15/catalunya/1118797654_850215.html,2005-06-14 22:00:00+00:00,La borrasca se aleja tras dejar escasas lluvias que no alivian la sequía,True
train,https://elpais.com/diario/1984/01/19/sociedad/443314801_850215.html,1984-01-18 23:00:00+00:00,"La actual sequía es la más severa desde hace 200 años, según el meteorólogo Inocencio Font",True
train,https://elpais.com/diario/2004/09/29/espana/1096408823_850215.html,2004-09-28 22:00:00+00:00,El juez desoye todos los informes en favor de liberar a Mangouras,False
train,https://elpais.com/sociedad/2013/12/16/actualidad/1387226311_076784.html,2013-12-16 23:58:00+00:00,¿Qué tóxico causa vómitos y puede matar en 12 horas?,False
train,https://elpais.com/diario/2008/02/26/catalunya/1203991638_850215.html,2008-02-25 23:00:00+00:00,Tarragona aprueba enviar agua por barco a Barcelona,True
train,https://elpais.com/diario/2001/04/29/andalucia/988496541_850215.html,2001-04-28 22:00:00+00:00,Más de 5.000 personas exigen en Almería soluciones a la falta de agua,True
train,https://elpais.com/diario/2008/05/13/catalunya/1210640840_850215.html,2008-05-12 22:00:00+00:00,Diferentes usos para la misma agua,True
train,https://elpais.com/espana/catalunya/2022-11-22/asi-afectaran-las-limitaciones-de-agua-a-los-barceloneses-por-la-sequia.html,2022-11-22 04:15:00.284000+00:00,Así afectarán las restricciones de agua en Barcelona por la sequía,True
train,https://elpais.com/economia/2019/06/09/actualidad/1560099779_759998.html,2019-06-09 22:20:48+00:00,La sequía golpea la cosecha cerealista,True
train,https://elpais.com/diario/1993/01/11/portada/726706803_850215.html,1993-01-10 23:00:00+00:00,La sequía obliga a siete capitales a beber agua de ínfima calidad,True
train,https://elpais.com/espana/andalucia/2022-09-05/espadas-busca-tomar-la-iniciativa-politica-en-andalucia-con-un-paquete-de-medidas-de-apoyo-a-la-clase-media.html,2022-09-05 11:56:41.470000+00:00,Espadas busca tomar la iniciativa política en Andalucía con un paquete de medidas de apoyo a la clase media,True
train,https://elpais.com/sociedad/2014/06/23/actualidad/1403543607_490287.html,2014-06-23 18:05:43+00:00,Del campo a la ciudad: las urbes brasileñas también se quedan secas,True
train,https://elpais.com/ccaa/2012/03/19/madrid/1332189861_056240.html,2012-03-20 07:40:32+00:00,Reservas de agua por un tubo,True
train,https://elpais.com/diario/1990/09/21/sociedad/653868011_850215.html,1990-09-20 22:00:00+00:00,Racionada el agua de Lourdes a causa de la sequía,True
train,https://elpais.com/diario/2005/06/16/catalunya/1118884047_850215.html,2005-06-15 22:00:00+00:00,Los embalses catalanes están al 44% y siguen perdiendo capacidad pese a la lluvia,True
train,https://elpais.com/diario/2005/10/22/madrid/1129980255_850215.html,2005-10-21 22:00:00+00:00,El agua que genera electricidad en el Alberche pasará a abastecer a Madrid,False
train,https://elpais.com/diario/2006/06/07/cvalenciana/1149707889_850215.html,2006-06-06 22:00:00+00:00,Sanidad alerta de temperaturas superiores a 40º hoy y mañana,False
train,https://elpais.com/cultura/2020-05-21/un-picasso-por-cien-euros.html,2020-05-21 11:23:04.514000+00:00,Un ‘picasso’ por 100 euros ,False
train,https://elpais.com/diario/1991/06/19/sociedad/677282402_850215.html,1991-06-18 22:00:00+00:00,La ceniza llega al continente,True
train,https://elpais.com/opinion/2022-08-14/sequia-y-cambio-climatico.html,2022-08-14 03:00:00.404000+00:00,Sequía y cambio climático,True
train,https://elpais.com/diario/1993/02/03/sociedad/728694010_850215.html,1993-02-02 23:00:00+00:00,La sequía y la contaminación,True
train,https://elpais.com/diario/2005/08/14/madrid/1124018669_850215.html,2005-08-13 22:00:00+00:00,Agua va,True
train,https://elpais.com/elpais/2019/01/08/planeta_futuro/1546944912_010963.html,2019-01-14 07:28:38+00:00,Llega la pajita para beber plegable y sostenible,False
train,https://elpais.com/diario/1986/01/06/espana/505350021_850215.html,1986-01-05 23:00:00+00:00,Cinco pueblos piden que se acabe el pantano de Riaño,False
train,https://elpais.com/clima-y-medio-ambiente/2022-08-14/los-cientificos-alertan-del-riesgo-de-grandes-inundaciones-catastroficas-en-california.html,2022-08-14 15:06:47.221000+00:00,Los científicos alertan del riesgo de grandes inundaciones catastróficas en California,True
train,https://elpais.com/diario/2000/01/18/cvalenciana/948226713_850215.html,2000-01-17 23:00:00+00:00,Protesta contra la CHJ por usar un pozo de Castellón para salvar peces del pantano de Ulldecona,True
train,https://elpais.com/diario/1994/05/06/sociedad/768175210_850215.html,1994-05-05 22:00:00+00:00,Seropositivos contagiados por el agua,False
train,https://elpais.com/clima-y-medio-ambiente/2022-07-06/un-alud-letal-y-una-historica-sequia-el-cambio-climatico-castiga-al-norte-de-italia.html,2022-07-06 03:30:00.594000+00:00,Un alud letal y una histórica sequía: el cambio climático castiga al norte de Italia,True
train,https://elpais.com/diario/1981/02/17/economia/351212415_850215.html,1981-02-16 23:00:00+00:00,La situación del campo en Andalucía,True
train,https://elpais.com/espana/2023-01-05/la-ultima-operacion-salida-de-navidad-comienza-con-41-millones-de-viajes-previstos-por-carretera.html,2023-01-05 15:27:12.810000+00:00,"La última Operación Salida de Navidad comienza con 4,1 millones de viajes previstos por carretera",False
train,https://elpais.com/diario/2007/11/17/galicia/1195298294_850215.html,2007-11-16 23:00:00+00:00,Llamamiento a abrir menos el grifo,True
train,https://elpais.com/escaparate/2021-12-01/los-mejores-termostatos-para-regular-la-calefaccion-en-el-hogar.html,2021-12-01 15:32:29.007000+00:00,Los mejores termostatos para regular la calefacción en el hogar,False
train,https://elpais.com/diario/2005/06/18/madrid/1119093863_850215.html,2005-06-17 22:00:00+00:00,La sequía amenaza la «batalla naval» de Vallecas,True
train,https://elpais.com/diario/2005/05/08/espana/1115503212_850215.html,2005-05-07 22:00:00+00:00,Viaje al epicentro de la sequía,True
train,https://elpais.com/ccaa/2019/11/18/madrid/1574098432_556057.html,2019-11-19 06:11:10+00:00,La cosecha de uva para vino baja más de un 40% por la sequía y las inundaciones,True
train,https://elpais.com/diario/1982/05/31/internacional/391644012_850215.html,1982-05-30 22:00:00+00:00,Cientos de personas mueren en las inundaciones de Honduras y Nicaragua,False
train,https://elpais.com/deportes/2019/12/13/actualidad/1576195544_597663.html,2019-12-13 04:54:25+00:00,Luka Doncic va de ‘MVP’ en el Arena Ciudad de México con 41 puntos y su octavo triple doble,False
train,https://elpais.com/diario/1993/10/22/opinion/751244406_850215.html,1993-10-21 23:00:00+00:00,De la pertinaz sequía,True
train,https://elpais.com/diario/1992/11/24/madrid/722607858_850215.html,1992-11-23 23:00:00+00:00,La contaminación llega a niveles altos en seis zonas de la capital,True
train,https://elpais.com/diario/2006/08/29/cvalenciana/1156879078_850215.html,2006-08-28 22:00:00+00:00,El Consell se niega a aplicar restricciones y responsabiliza de la sequía sólo al Gobierno,True
train,https://elpais.com/diario/1999/03/13/sociedad/921279612_850215.html,1999-03-12 23:00:00+00:00,Carlsberg suprime el maíz de su cerveza por el temor social a los transgénicos,False
train,https://elpais.com/deportes/2018/03/11/actualidad/1520792905_263748.html,2018-03-11 19:41:49+00:00,El Villarreal hunde a Las Palmas,False
train,https://elpais.com/diario/1983/04/28/espana/420328843_850215.html,1983-04-27 22:00:00+00:00,"Las lluvias de la semana pasada sólo aportaron a los embalses el 1,7% de su capacidad total",True
train,https://elpais.com/cultura/2017/10/23/actualidad/1508792805_104172.html,2017-11-04 20:10:11+00:00,Turismo de sequía: los pueblos ahogados resucitan,True
train,https://elpais.com/diario/2007/08/25/viajero/1188076088_850215.html,2007-08-24 22:00:00+00:00,Una fiesta refrescante,False
train,https://elpais.com/diario/1999/03/15/economia/921452416_850215.html,1999-03-14 23:00:00+00:00,El nuevo seguro obligatorio encarecerá la vivienda,False
train,https://elpais.com/diario/1999/11/15/sociedad/942620412_850215.html,1999-11-14 23:00:00+00:00,"La sequía en España está finalizando, según los expertos",True
train,https://elpais.com/diario/2006/08/20/andalucia/1156026126_850215.html,2006-08-19 22:00:00+00:00,Málaga encabeza las sanciones de la Junta por captar agua ilegalmente,True
train,https://elpais.com/planeta-futuro/2022-12-05/los-paises-del-sur-global-abren-una-grieta-en-el-muro-del-negacionismo-climatico.html,2022-12-05 04:35:00.334000+00:00,Los países del Sur Global abren una grieta en el muro del negacionismo climático,True
train,https://elpais.com/diario/1983/04/24/espana/419983232_850215.html,1983-04-23 22:00:00+00:00,La sequía ha hecho de Chinchón un pueblo más seco que dulce,True
train,https://elpais.com/planeta-futuro/2021-04-20/el-cierre-de-dadaab-es-desconsiderado-e-imprudente.html,2021-04-20 03:35:00+00:00,El cierre de Dadaab es desconsiderado e imprudente,True
train,https://elpais.com/diario/2011/03/18/portada/1300402804_850215.html,2011-03-18 06:00:00+00:00,Japón lucha a la desesperada para evitar una nube radiactiva,False
train,https://elpais.com/diario/2007/02/09/cvalenciana/1171052286_850215.html,2007-02-08 23:00:00+00:00,La CHJ culmina inversiones contra la sequía por 88 millones de euros,True
train,https://elpais.com/internacional/2022-09-28/el-huracan-ian-azota-ya-florida-con-vientos-y-lluvias-torrenciales.html,2022-09-29 09:43:40+00:00,"‘Ian’ atraviesa Florida dejando inundaciones, apagones y daños ",False
train,https://elpais.com/diario/2005/05/25/economia/1116972014_850215.html,2005-05-24 22:00:00+00:00,El Gobierno insta a las comunidades a cofinanciar las ayudas a la anchoa,False
train,https://elpais.com/babelia/2021-06-29/erase-una-vez-en-hollywood-ahora-en-version-libro.html,2021-06-29 03:30:00+00:00,"‘Érase una vez en... Hollywood’, ahora en versión libro",False
train,https://elpais.com/espana/comunidad-valenciana/2023-02-07/la-generalitat-valorara-mantener-la-prohibicion-de-fumar-en-las-terrazas-de-los-bares.html,2023-02-07 15:05:05.227000+00:00,La Generalitat valorará mantener la prohibición de fumar en las terrazas de los bares,False
train,https://elpais.com/deportes/2022-02-01/dembele-una-patata-caliente-para-el-barca.html,2022-02-01 19:56:30.145000+00:00,"Dembélé, una patata caliente para el Barça",False
train,https://elpais.com/internacional/2014/10/27/actualidad/1414450052_217205.html,2014-10-27 23:30:39+00:00,El largo día después,True
train,https://elpais.com/diario/1999/02/25/sociedad/919897204_850215.html,1999-02-24 23:00:00+00:00,El Congreso rechaza la prohibición de transgénicos,False
train,https://elpais.com/diario/1981/02/11/economia/350694017_850215.html,1981-02-10 23:00:00+00:00,Los ganaderos solicitan para el sector declaración de «zona catastrófica»,True
train,https://elpais.com/diario/2007/11/22/galicia/1195730291_850215.html,2007-11-21 23:00:00+00:00,La autoridad hidrográfica pide más reservas de agua,True
train,https://elpais.com/diario/1983/10/12/ultima/434761204_850215.html,1983-10-11 23:00:00+00:00,El sol,True
train,https://elpais.com/diario/2000/06/14/catalunya/960944850_850215.html,2000-06-13 22:00:00+00:00,La Generalitat evalúa los daños de las lluvias en 11.000 millones,False
train,https://elpais.com/diario/1999/06/29/catalunya/930618439_850215.html,1999-06-28 22:00:00+00:00,Un comité científico niega que el trasvase del Ródano suponga impacto ecológico,False
train,https://elpais.com/deportes/2023-02-10/jornada-21-de-laliga-horarios-resultados-de-los-partidos-y-resumen.html,2023-02-10 22:41:14.848000+00:00,"Jornada 21 de la Liga | Horarios, resultados de los partidos y resumen",False
train,https://elpais.com/deportes/2022-04-03/louis-van-gaal-anuncia-que-sufre-cancer-de-prostata.html,2022-04-03 22:06:29.364000+00:00,Louis Van Gaal anuncia que sufre cáncer de próstata,False
train,https://elpais.com/deportes/2019/11/19/actualidad/1574180980_105166.html,2019-11-19 18:51:45+00:00,Pesic: “Doncic está más cómodo en la NBA que en la Euroliga”,False
train,https://elpais.com/diario/1999/01/23/cvalenciana/917122692_850215.html,1999-01-22 23:00:00+00:00,Ortells culpa al Gobierno central de la escasez de agua en Castellón,False
train,https://elpais.com/diario/2005/08/02/catalunya/1122944838_850215.html,2005-08-01 22:00:00+00:00,El Gobierno aprueba un plan de choque para evitar inundaciones,True
train,https://elpais.com/elpais/2019/09/02/eps/1567443267_621108.html,2019-09-07 22:18:32+00:00,Uvas de mármol rojo,False
train,https://elpais.com/economia/2017/03/11/actualidad/1489257112_435531.html,2017-03-11 23:19:27+00:00,Neinor Homes prepara la primera salida a Bolsa de una inmobiliaria en una década,False
train,https://elpais.com/deportes/2018/05/13/actualidad/1526233034_035281.html,2018-05-14 06:36:53+00:00,Toluca se clasifica a la final de la Liga MX,False
train,https://elpais.com/diario/1976/09/18/espana/211845624_850215.html,1976-09-17 22:00:00+00:00,Severas medidas de restricción de agua en Sevilla,True
train,https://elpais.com/diario/1989/11/05/espana/626223604_850215.html,1989-11-04 23:00:00+00:00,"Daños en algodón, cereales y olivar",True
train,https://elpais.com/elpais/2017/10/31/opinion/1509465698_443857.html,2017-10-31 18:50:33+00:00,Rezos para la lluvia cuando se anuncian precipitaciones,True
train,https://elpais.com/diario/1995/07/01/economia/804549615_850215.html,1995-06-30 22:00:00+00:00,"Al menos 5.000 pueblos, calificados de zonas afectadas por la sequía",True
train,https://elpais.com/internacional/2016/04/27/america/1461710403_469172.html,2016-04-26 23:04:38+00:00,Los trabajos del dolor en Ecuador,False
train,https://elpais.com/elviajero/2012/07/04/actualidad/1341434272_775276.html,2012-07-05 14:12:46+00:00,Luminosas noches de Córdoba,False
train,https://elpais.com/diario/2005/08/27/catalunya/1125104840_850215.html,2005-08-26 22:00:00+00:00,Las primeras restricciones de agua en las casas se producirán a principios de octubre,True
train,https://elpais.com/diario/1995/12/01/espana/817772415_850215.html,1995-11-30 23:00:00+00:00,Borrell reclama a sus homólogos de la UE más atención al fenómeno de la sequía,True
train,https://elpais.com/elpais/2019/07/23/icon/1563891501_365906.html,2019-07-24 11:58:20+00:00,Entrar de rodillas y dormir haciendo el contorsionista por 800 euros al mes: el drama de buscar piso en España,False
train,https://elpais.com/politica/2019/07/09/actualidad/1562664495_436227.html,2019-07-09 09:46:03+00:00,Evacuadas 1.400 personas del Oceanogràfic de Valencia por un incendio ya extinguido,False
train,https://elpais.com/diario/2006/09/03/andalucia/1157235724_850215.html,2006-09-02 22:00:00+00:00,Andalucía afronta el otoño con la menor reserva de agua embalsada desde la última gran sequía,True
train,https://elpais.com/elviajero/2019/02/07/actualidad/1549532903_163233.html,2019-02-21 11:13:56+00:00,"Grenoble, una puerta a los Alpes franceses",False
train,https://elpais.com/ccaa/2014/07/14/valencia/1405336029_821524.html,2014-07-14 11:13:21+00:00,El abastecimiento de agua potable está garantizado en el Taibilla,True
train,https://elpais.com/politica/2016/03/23/actualidad/1458724975_139283.html,2016-03-27 18:29:11+00:00,El tiempo en Semana Santa 2016,False
train,https://elpais.com/diario/2006/01/31/andalucia/1138663344_850215.html,2006-01-30 23:00:00+00:00,Las precipitaciones alivian al campo,True
train,https://elpais.com/diario/2008/04/10/catalunya/1207789638_850215.html,2008-04-09 22:00:00+00:00,«Puñalada trapera» al tripartito,False
train,https://elpais.com/deportes/mundial-futbol/2022-11-25/dos-iluminados-tiran-de-ecuador-ante-paises-bajos.html,2022-11-25 18:39:43.727000+00:00,Dos iluminados tiran de Ecuador ante Países Bajos,False
train,https://elpais.com/diario/1992/05/23/espana/706572016_850215.html,1992-05-22 22:00:00+00:00,"La crisis del agua podría evitarse con un plan de explotación de los recursos, según los expertos",True
train,https://elpais.com/deportes/2023-01-26/simeone-abre-dudas-sobre-su-futuro-hablaremos-sobre-lo-que-nos-coviene-a-todos.html,2023-01-26 23:53:28.348000+00:00,Simeone abre dudas sobre su futuro: “Hablaremos sobre lo que nos conviene a todos”,False
train,https://elpais.com/escaparate/2022-07-12/los-mejores-bolsos-de-fiesta.html,2022-07-12 15:12:40.715000+00:00,Los mejores bolsos de fiesta,False
train,https://elpais.com/politica/2019/07/10/actualidad/1562751336_145964.html,2019-07-10 10:56:39+00:00,Un policía nacional de vacaciones en Nueva York detiene a un hombre que había agredido a otro agente,False
train,https://elpais.com/diario/1988/07/09/economia/584402413_850215.html,1988-07-08 22:00:00+00:00,España pide exportar un millón de toneladas de cebada,False
train,https://elpais.com/ccaa/2014/09/16/valencia/1410879564_534276.html,2014-09-16 15:21:56+00:00,La sequía reduce la producción de uva de mesa entre un 30 y 50%,True
train,https://elpais.com/ccaa/2015/09/17/valencia/1442480682_134592.html,2015-09-17 09:12:48+00:00,El Gobierno autoriza un nuevo trasvase del Tajo al Segura,True
train,https://elpais.com/deportes/2017/03/19/actualidad/1489922956_218645.html,2017-03-19 17:42:25+00:00,Un Barça demoledor arrasa en la fiesta del Joventut,False
train,https://elpais.com/economia/2016/09/30/actualidad/1475253881_280708.html,2016-09-30 17:15:12+00:00,La leche recupera su valor,False
train,https://elpais.com/espana/2022-09-05/moreno-renueva-la-direccion-del-pp-con-la-renuncia-de-loles-lopez-a-la-secretaria-general.html,2022-09-05 19:12:43.894000+00:00,Moreno renueva la dirección del PP con la renuncia de Loles López a la secretaría general,True
train,https://elpais.com/escaparate/2023-02-10/las-mejores-lamparas-para-estudiar.html,2023-02-10 04:00:00.971000+00:00,Las mejores lámparas para estudiar,False
train,https://elpais.com/clima-y-medio-ambiente/2022-10-08/cumbre-del-clima-la-hora-de-rendir-cuentas-por-las-catastrofes-que-el-calentamiento-esta-multiplicando.html,2022-10-08 03:30:01.988000+00:00,Cumbre del clima: la hora de rendir cuentas por las catástrofes que el calentamiento está multiplicando,True
train,https://elpais.com/internacional/2011/02/03/actualidad/1296687604_850215.html,2011-02-03 08:17:00+00:00,"Yasi causa destrozos, pero no víctimas, tras pasar por el norte de Australia",False
train,https://elpais.com/diario/1999/09/04/cvalenciana/936472704_850215.html,1999-09-03 22:00:00+00:00,Organizaciones agrarias consideran insuficiente el riego de emergencia,True
train,https://elpais.com/diario/2005/05/01/andalucia/1114899723_850215.html,2005-04-30 22:00:00+00:00,Agricultura elaborará un decreto para paliar la sequía,True
train,https://elpais.com/diario/1996/01/26/madrid/822659074_850215.html,1996-01-25 23:00:00+00:00,Ajalvir inaugura  hoy la temporada en la región,False
train,https://elpais.com/diario/2007/04/14/catalunya/1176512848_850215.html,2007-04-13 22:00:00+00:00,"La situación de los embalses catalanes sigue siendo crítica, a pesar de las últimas lluvias",True
train,https://elpais.com/diario/2000/07/22/sociedad/964216811_850215.html,2000-07-21 22:00:00+00:00,El Plan Hidrológico Nacional,True
train,https://elpais.com/espana/catalunya/2021-04-16/un-hospital-instalado-en-casa.html,2021-04-16 03:15:00+00:00,Un hospital instalado en casa,False
train,https://elpais.com/cultura/2020-06-16/argentina-sede-virtual-del-mundial-de-escritura.html,2020-06-16 22:23:37.987000+00:00,"Argentina, sede virtual del Mundial de Escritura",False
train,https://elpais.com/espana/2022-06-26/las-100-horas-que-quemaron-el-corazon-de-la-sierra-de-la-culebra.html,2022-06-26 03:40:00+00:00,Las 100 horas que quemaron el corazón de la sierra de la Culebra,True
train,https://elpais.com/diario/2008/04/11/catalunya/1207876041_850215.html,2008-04-10 22:00:00+00:00,El PSC anuncia que las obras del Segre empezarán dentro de una semana,False
train,https://elpais.com/diario/1983/06/23/espana/425167214_850215.html,1983-06-22 22:00:00+00:00,Medidas para paliar los efectos de la sequía,True
train,https://elpais.com/internacional/2022-09-25/una-activista-irani-hay-miedo-pero-la-gente-no-va-a-parar-de-protestar.html,2022-09-25 14:10:20.374000+00:00,Una activista iraní: “Hay miedo. Pero la gente no va a parar de protestar”,False
train,https://elpais.com/ccaa/2014/05/29/andalucia/1401370707_998287.html,2014-05-29 13:38:28+00:00,La Junta revisa la norma para ayudar a cultivos afectados por la sequía,True
train,https://elpais.com/diario/2005/06/23/cvalenciana/1119554280_850215.html,2005-06-22 22:00:00+00:00,Fiesta del agua,True
train,https://elpais.com/sociedad/2014/02/28/actualidad/1393621742_059727.html,2014-02-28 21:10:41+00:00,El nuevo plan del Ebro abre otro frente con Cataluña,False
train,https://elpais.com/sociedad/2022-11-03/espana-tiene-un-problema-de-sueno-hasta-la-mitad-de-la-poblacion-duerme-mal-y-la-venta-de-somniferos-esta-disparada.html,2022-11-03 04:30:00.321000+00:00,España tiene un problema de sueño: hasta la mitad de la población duerme mal y la venta de somníferos está disparada ,False
train,https://elpais.com/diario/1984/02/29/madrid/446905456_850215.html,1984-02-28 23:00:00+00:00,Ligero alivio para la situación de los embalses,True
train,https://elpais.com/diario/1995/06/17/sociedad/803340011_850215.html,1995-06-16 22:00:00+00:00,El mar Aral se ha reducido por la erosión a una cuarta parte de lo que fue hace 40 años,False
train,https://elpais.com/politica/2013/08/23/actualidad/1377244080_443824.html,2013-08-23 07:56:06+00:00,Un incendio calcina ya 1.000 hectáreas de los Arribes del Duero en Zamora,False
train,https://elpais.com/diario/2006/11/14/sociedad/1163458810_850215.html,2006-11-13 23:00:00+00:00,Sequías e incendios,True
train,https://elpais.com/internacional/2022-05-14/la-guerra-de-putin-detona-la-bomba-global-del-hambre.html,2022-05-14 12:36:29.429000+00:00,La guerra de Putin en Ucrania precipita una crisis alimentaria global,True
train,https://elpais.com/internacional/2016/08/30/actualidad/1472584495_987049.html,2016-08-30 19:52:52+00:00,Amatrice celebra el funeral con la esperanza de la reconstrucción,False
train,https://elpais.com/diario/2005/06/19/domingo/1119152492_850215.html,2005-06-18 22:00:00+00:00,El paisaje de la sequía,True
train,https://elpais.com/diario/1981/05/24/economia/359503203_850215.html,1981-05-23 22:00:00+00:00,Cosecha «récord» en la producción de algodón,False
train,https://elpais.com/ccaa/2012/08/16/madrid/1345131075_960050.html,2012-08-16 18:08:17+00:00,Ecologistas en Acción denuncia vertidos de aguas fecales en La Herrería,False
train,https://elpais.com/cultura/2020-06-18/anne-carson-gana-el-princesa-de-asturias-de-las-letras.html,2020-06-18 10:29:15.863000+00:00,Anne Carson gana el Princesa de Asturias de las Letras,False
train,https://elpais.com/clima-y-medio-ambiente/2022-09-08/el-planeta-esta-cerca-de-sobrepasar-cinco-peligrosos-puntos-de-inflexion-climatica.html,2022-09-08 18:00:00.611000+00:00,El planeta está cerca de sobrepasar cinco peligrosos puntos de inflexión climática,False
train,https://elpais.com/sociedad/2019/07/09/actualidad/1562674571_932729.html,2019-07-09 12:57:54+00:00,Detenido el cuñado de la asesinada en Burgos acusado también de maltratarla,False
train,https://elpais.com/internacional/2015/09/12/actualidad/1442078485_917706.html,2015-09-12 21:49:32+00:00,Un éxodo de 60 millones de personas,False
train,https://elpais.com/deportes/2017/10/13/actualidad/1507918740_482938.html,2017-10-16 19:28:58+00:00,"Pau Gasol, otra vuelta de tuerca a los 37 años",False
train,https://elpais.com/deportes/2020-09-30/vinicius-courtois-y-poco-mas.html,2020-09-30 22:06:09.571000+00:00,"Vinicius, Courtois y poco más",False
train,https://elpais.com/icon/cultura/2022-02-15/somos-demasiado-pesimistas-como-la-literatura-la-musica-y-el-arte-describen-un-futuro-terrible.html,2022-02-15 02:48:00.938000+00:00,"¿Somos demasiado pesimistas? Cómo la literatura, la música y el arte describen un futuro terrible ",False
train,https://elpais.com/diario/2005/07/04/espana/1120428012_850215.html,2005-07-03 22:00:00+00:00,Aguas fecales para salvar cultivos en Murcia,True
train,https://elpais.com/icon/2021-05-19/es-esto-musica-lego-confunde-a-spotify-con-un-disco-en-el-que-solo-se-oyen-piezas-caer.html,2021-05-19 03:30:00+00:00,¿Es esto música? Lego confunde a Spotify con un disco en el que solo se oyen piezas caer,False
train,https://elpais.com/elpais/2018/06/11/opinion/1528735834_100871.html,2018-06-11 22:00:21+00:00,La inesperada arma secreta de Netanyahu frente a Irán,True
train,https://elpais.com/elpais/2008/09/23/actualidad/1222157831_850215.html,2008-09-23 20:35:00+00:00,Inundaciones y cortes de carretera por las intensas lluvias en Valencia,False
train,https://elpais.com/diario/1994/07/22/espana/774828013_850215.html,1994-07-21 22:00:00+00:00,Bono pierde la guerra del agua en La Moncloa,True
train,https://elpais.com/diario/1982/08/04/economia/397260011_850215.html,1982-08-03 22:00:00+00:00,El sector agrario considera insuficientes las medidas contra la sequía,True
train,https://elpais.com/deportes/2017/10/24/actualidad/1508832520_582216.html,2017-10-24 08:19:27+00:00,50.000 dólares de multa a Stephen Curry por lanzar su protector bucal,False
train,https://elpais.com/diario/2001/03/11/madrid/984313481_850215.html,2001-03-10 23:00:00+00:00,La sala San Pol estrena un montaje sobre el cambio climático,False
train,https://elpais.com/diario/2007/12/28/catalunya/1198807652_850215.html,2007-12-27 23:00:00+00:00,Girona abrirá pozos de agua para evitar restricciones,True
train,https://elpais.com/diario/2001/06/11/cvalenciana/992287093_850215.html,2001-06-10 22:00:00+00:00,Un riego extra y la lluvia alivian la sequía del campo en la Vega Baja,True
train,https://elpais.com/clima-y-medio-ambiente/2022-08-17/alarma-en-el-rio-colorado-por-la-sequia-extrema.html,2022-08-17 03:21:00.222000+00:00,Alarma en el río Colorado por la sequía extrema,True
train,https://elpais.com/cultura/2020/06/09/babelia/1591724417_906149.html,2020-06-18 14:31:35+00:00,Gabriela Cabezón: “Describí la belleza de la Pampa antes de la inmunda factoría de soja que es hoy”,False
train,https://elpais.com/politica/2017/11/23/actualidad/1511449467_138669.html,2017-11-27 08:23:53+00:00,La cloaca de Madrid,False
train,https://elpais.com/diario/2000/09/09/madrid/968498654_850215.html,2000-09-08 22:00:00+00:00,El agua,True
train,https://elpais.com/gente/2022-08-29/enrique-de-inglaterra-recuerda-a-su-madre-lady-di-a-dias-del-25-aniversario-de-su-muerte-nunca-sera-olvidada.html,2022-08-29 11:20:12.414000+00:00,"Enrique de Inglaterra recuerda a su madre, Lady Di, a días del 25º aniversario de su muerte: “Nunca será olvidada”",False
train,https://elpais.com/babelia/2022-05-10/no-es-cierto-que-saliera-gorda-de-america-cuando-maria-callas-respondia-a-un-articulo-plagado-de-infundios.html,2022-05-10 03:30:00.344000+00:00,“No es cierto que saliera gorda de América”: cuando Maria Callas contestó a un artículo plagado de infundios,False
train,https://elpais.com/diario/2000/04/11/internacional/955404019_850215.html,2000-04-10 22:00:00+00:00,La UE condiciona la eficacia de la ayuda a Etiopía al fin de la guerra,True
train,https://elpais.com/diario/1992/06/02/espana/707436018_850215.html,1992-06-01 22:00:00+00:00,"Más tarifas y construcción de 59 presas centran los planes hidrológicos del Duero, Júcar y Guadalquivir",False
train,https://elpais.com/diario/1987/09/28/espana/559782026_850215.html,1987-09-27 23:00:00+00:00,El Cabildo Insular solicita medidas urgentes contra la sequía en Canarias,True
train,https://elpais.com/internacional/2012/03/21/actualidad/1332357756_942438.html,2012-03-21 20:59:32+00:00,Los frentes de Bamako,True
train,https://elpais.com/economia/2021-08-12/la-crisis-sacude-el-mercado-de-hoteles-de-barcelona-y-lleva-las-ventas-a-cifras-record.html,2021-08-12 02:08:36.247000+00:00,La crisis sacude el mercado de hoteles de Barcelona y lleva las ventas a cifras récord,False
train,https://elpais.com/espana/2022-08-04/los-incendios-arrasan-mas-de-mil-hectareas-en-galicia-casi-500-de-ellas-en-verin.html,2022-08-04 09:19:25+00:00,"Los incendios arrasan más de mil hectáreas en Galicia, 600 de ellas en Verín",False
train,https://elpais.com/diario/1989/05/28/economia/612309609_850215.html,1989-05-27 22:00:00+00:00,"El SENPA, principal comprador de cebada ante la caída de los mercados",True
train,https://elpais.com/economia/2013/07/14/actualidad/1373829421_849056.html,2013-07-14 20:19:24+00:00,El fin de la sequía provocará la mejor producción de cereales en una década,True
train,https://elpais.com/diario/1987/05/22/internacional/548632821_850215.html,1987-05-21 22:00:00+00:00,Un incontrolable incendio arrasa el norte de Guatemala,True
train,https://elpais.com/diario/2009/11/28/espana/1259362809_850215.html,2009-11-28 06:00:00+00:00,"Frente a los piratas, la mayoría paga",False
train,https://elpais.com/diario/2007/12/04/catalunya/1196734039_850215.html,2007-12-03 23:00:00+00:00,La peor sequía de la última década deja los pantanos en fase de excepcionalidad,True
train,https://elpais.com/politica/2018/01/12/actualidad/1515759783_058039.html,2018-01-12 13:26:42+00:00,"Y este fin de semana, más nieve",False
train,https://elpais.com/diario/2005/08/05/madrid/1123241062_850215.html,2005-08-04 22:00:00+00:00,El Consistorio afirma haber ahorrado en 15 días el agua que consumen 26.000 madrileños,True
train,https://elpais.com/diario/2007/04/24/catalunya/1177376851_850215.html,2007-04-23 22:00:00+00:00,135 millones para garantizar agua a poblaciones con problemas de abastecimiento,False
train,https://elpais.com/diario/1981/02/01/espana/349830029_850215.html,1981-01-31 23:00:00+00:00,Hoy comienzan las restricciones de agua en Sevilla,True
train,https://elpais.com/diario/1996/02/03/opinion/823302007_850215.html,1996-02-02 23:00:00+00:00,Maldita agua bendita,True
train,https://elpais.com/diario/1984/08/25/economia/462232811_850215.html,1984-08-24 22:00:00+00:00,La cosecha vinícola de Aragón será un 60% inferior a la de 1983,True
train,https://elpais.com/diario/2005/06/22/cvalenciana/1119467894_850215.html,2005-06-21 22:00:00+00:00,El Gobierno acelera la modernización de 41.000 hectáreas de regadío para paliar la falta de agua,True
train,https://elpais.com/diario/1995/04/13/madrid/797772265_850215.html,1995-04-12 22:00:00+00:00,El  Ayuntamiento de Colmenar «perdona» los impuestos a los agricultores,True
train,https://elpais.com/gente/2020-05-14/ganas-nervios-e-ilusion-albert-rivera-habla-por-primera-vez-sobre-su-futura-hija-con-malu.html,2020-05-14 09:27:55.581000+00:00,"“Ganas, nervios e ilusión”: Albert Rivera habla por primera vez sobre su futura hija con Malú",False
train,https://elpais.com/television/2020-07-01/que-ver-hoy-en-tv-jueves-2-de-julio-de-2020.html,2020-07-01 22:30:00.282000+00:00,¿Qué ver hoy en TV? | Jueves 2 de julio de 2020,False
train,https://elpais.com/diario/2000/08/11/cvalenciana/966021485_850215.html,2000-08-10 22:00:00+00:00,La sequía y la excesiva extracción de agua de los pozos agotan los acuíferos de Castellón,True
train,https://elpais.com/diario/1995/04/07/economia/797205609_850215.html,1995-04-06 22:00:00+00:00,Miles de agricultores piden en Madrid medidas para luchar contra la sequía,True
train,https://elpais.com/elpais/2018/06/12/planeta_futuro/1528820375_519759.html,2018-06-25 05:09:35+00:00,"“Mauritania ha estado largo tiempo indefensa, y hacen falta fondos ya”",True
train,https://elpais.com/elpais/2018/05/11/planeta_futuro/1526041041_072201.html,2018-05-11 22:27:19+00:00,Un planeta al que no le alcanza el agua,True
train,https://elpais.com/diario/2002/12/06/internacional/1039129203_850215.html,2002-12-05 23:00:00+00:00,La ayuda internacional se agota,True
train,https://elpais.com/diario/1995/02/16/espana/792889228_850215.html,1995-02-15 23:00:00+00:00,La Junta andaluza propondrá cerrar 10 bosques al público para evitar incendios,True
train,https://elpais.com/television/2021-04-25/tve-en-la-diana-de-los-partidos.html,2021-04-25 03:15:00+00:00,"TVE, en la diana de los partidos",False
train,https://elpais.com/espana/comunidad-valenciana/2022-11-24/jaume-plensa-intento-fabricar-silencio-en-una-epoca-muy-ruidosa.html,2022-11-24 14:10:20.423000+00:00,Jaume Plensa: “Intento fabricar silencio en una época muy ruidosa”,False
train,https://elpais.com/clima-y-medio-ambiente/2021-11-12/la-cumbre-del-clima-de-glasgow-entra-en-su-recta-final-con-las-negociaciones-todavia-abiertas.html,2021-11-12 10:33:04.564000+00:00,La batalla sobre las ayudas a los combustibles fósiles y el carbón atasca la recta final de la cumbre del clima de Glasgow,False
train,https://elpais.com/diario/2007/06/01/andalucia/1180650135_850215.html,2007-05-31 22:00:00+00:00,La escasez de lluvias obliga a prorrogar el estado de sequía en Málaga y el Guadalhorce,True
train,https://elpais.com/diario/1980/07/08/internacional/331855203_850215.html,1980-07-07 22:00:00+00:00,Las raíces  del éxodo,True
train,https://elpais.com/espana/2020-11-29/el-juez-da-luz-verde-a-investigar-otro-expediente-de-23-millones-de-la-era-aguirre-en-el-caso-de-la-caja-b-del-pp.html,2020-11-29 23:30:00+00:00,El juez da luz verde a investigar otro expediente de 23 millones durante los Gobiernos de Aguirre en el caso de la caja b del PP,False
train,https://elpais.com/diario/1996/01/30/espana/822956416_850215.html,1996-01-29 23:00:00+00:00,Bono reitera a Zaplana su oposición a que la autovía cruce las Hoces del Cabriel,True
train,https://elpais.com/sociedad/2019/10/11/actualidad/1570808769_903888.html,2019-10-11 18:28:49+00:00,Chile se enfrenta a la mayor sequía de su historia,True
train,https://elpais.com/clima-y-medio-ambiente/ecologia/2021-11-07/viaje-por-la-br-319-carretera-hacia-la-destruccion-de-la-amazonia.html,2021-11-07 03:25:30.575000+00:00,Viaje por la BR-319: carretera hacia la destrucción de la Amazonia,False
train,https://elpais.com/clima-y-medio-ambiente/2022-09-23/los-jovenes-alzan-de-nuevo-su-voz-contra-el-cambio-climatico-somos-esos-hijos-que-ya-no-tienen-nada.html,2022-09-23 18:41:12+00:00,Los jóvenes alzan de nuevo su voz contra el cambio climático: “Somos esos hijos que ya no tienen nada”,True
train,https://elpais.com/diario/2005/09/19/espana/1127080814_850215.html,2005-09-18 22:00:00+00:00,El peor año de la última década,False
train,https://elpais.com/diario/2008/08/19/espana/1219096812_850215.html,2008-08-18 22:00:00+00:00,Tropas españolas asisten a cientos de refugiados afganos en Badghis,True
train,https://elpais.com/diario/1983/10/10/espana/434588419_850215.html,1983-10-09 23:00:00+00:00,Pérdidas de hasta un 80% en la agricultura a causa de la sequía,True
train,https://elpais.com/diario/1995/04/16/espana/797983206_850215.html,1995-04-15 22:00:00+00:00,"«A los que predican el reparto del agua, no se les oye hablar de distribuir la riqueza»",False
train,https://elpais.com/diario/2000/03/07/catalunya/952394865_850215.html,2000-03-06 23:00:00+00:00,Interior adelanta diez días la prohibición de encender fuego en el campo,True
train,https://elpais.com/economia/2012/10/05/actualidad/1349437826_509621.html,2012-10-05 12:40:18+00:00,El alza de precio de los alimentos reaviva la alerta en el Sahel,False
train,https://elpais.com/internacional/2020/01/14/actualidad/1578995797_097123.html,2020-01-14 11:02:10+00:00,Irán afirma que ha detenido a varias personas por el derribo del avión ucranio en Teherán,False
train,https://elpais.com/diario/2005/10/03/madrid/1128338662_850215.html,2005-10-02 22:00:00+00:00,"De la sequía, la alerta 1 y las restricciones",True
train,https://elpais.com/diario/2005/04/22/espana/1114120819_850215.html,2005-04-21 22:00:00+00:00,Agua desalada de dominio público y cautelas por si falta caudal del Tajo,False
train,https://elpais.com/diario/2005/09/09/catalunya/1126228039_850215.html,2005-09-08 22:00:00+00:00,Un nuevo tornado arranca árboles y hunde techos en Mollet del Vallès,True
train,https://elpais.com/diario/2006/06/07/espana/1149631223_850215.html,2006-06-06 22:00:00+00:00,"Las reservas de agua caen al 56,5%, las más bajas en 10 años",True
train,https://elpais.com/internacional/2018/12/16/actualidad/1544983251_463324.html,2018-12-17 07:29:54+00:00,Los exiliados nicaragüenses en Costa Rica marchan contra el régimen de Ortega,False
train,https://elpais.com/diario/1989/08/23/opinion/619826405_850215.html,1989-08-22 22:00:00+00:00,Poca y mal repartida,True
train,https://elpais.com/diario/2012/01/25/galicia/1327490298_850215.html,2012-01-25 06:00:00+00:00,La Xunta considera ahora legal abrir un canal en la laguna de Valdoviño,False
train,https://elpais.com/diario/1981/12/02/internacional/376095605_850215.html,1981-12-01 23:00:00+00:00,Los estudiantes marroquíes convocan una huelga para mañana,True
train,https://elpais.com/diario/1982/09/03/espana/399852020_850215.html,1982-09-02 22:00:00+00:00,"Valdepeñas, la capital del vino, no tiene agua",True
train,https://elpais.com/diario/1976/09/15/espana/211586418_850215.html,1976-09-14 22:00:00+00:00,Peticiones de los presidentes de las diputaciones gallegas,True
train,https://elpais.com/elpais/2016/08/19/opinion/1471622696_618199.html,2016-08-19 16:04:56+00:00,El viento rojo,True
train,https://elpais.com/diario/1981/07/02/espana/362872825_850215.html,1981-07-01 22:00:00+00:00,Pesqueros gallegos capturan en los pantanos extremeños 5.000 kilos diarios de peces,True
train,https://elpais.com/diario/2000/08/29/cvalenciana/967576684_850215.html,2000-08-28 22:00:00+00:00,La sequía pone en jaque los embalses valencianos,True
train,https://elpais.com/espana/catalunya/2023-01-27/barcelona-recurre-al-reciclaje-de-aguas-residuales-para-garantizar-el-suministro-potable-en-2050.html,2023-01-27 04:15:00.355000+00:00,Barcelona recurre al reciclaje de aguas residuales para garantizar el suministro potable en 2050,True
train,https://elpais.com/diario/1984/08/30/espana/462664822_850215.html,1984-08-29 22:00:00+00:00,"Los intereses del turismo y la agricultura, enfrentados en la «guerra del agua»",True
train,https://elpais.com/planeta-futuro/en-primera-linea/2022-09-16/perdi-mi-casa-por-las-inundaciones-de-pakistan-ahora-ayudo-a-otros-como-yo.html,2022-09-16 03:30:00.753000+00:00,Perdí mi casa por las inundaciones de Pakistán. Ahora ayudo a otros como yo,False
train,https://elpais.com/espana/catalunya/2021-02-27/agua-antigua-de-cisterna.html,2021-02-27 23:40:48.879000+00:00,Agua antigua de cisterna,True
train,https://elpais.com/diario/1981/11/25/espana/375490825_850215.html,1981-11-24 23:00:00+00:00,Más de 60 pueblos extremeños sufren restricciones de agua a causa de la sequía,True
train,https://elpais.com/television/2021-10-28/que-ver-hoy-en-tv-jueves-28-de-octubre-de-2021.html,2021-10-28 03:30:00+00:00,¿Qué ver hoy en TV? Jueves 28 de octubre de 2021,False
train,https://elpais.com/diario/2007/09/27/cvalenciana/1190920686_850215.html,2007-09-26 22:00:00+00:00,Vecinos y ecologistas denuncian que el circuito de fórmula 1 se «camufla» como una calle,False
train,https://elpais.com/diario/2002/07/29/espana/1027893601_850215.html,2002-07-28 22:00:00+00:00,El trasvase del Ebro costará 600 millones  más de lo previsto,False
train,https://elpais.com/elpais/2020/04/19/planeta_futuro/1587291656_149305.html,2020-05-01 22:13:37+00:00,La técnica ancestral para recolectar agua,True
train,https://elpais.com/diario/2000/08/31/cvalenciana/967749484_850215.html,2000-08-30 22:00:00+00:00,La Unió pide que las diputaciones busquen soluciones a la sequía,True
train,https://elpais.com/diario/2002/03/10/catalunya/1015726040_850215.html,2002-03-09 23:00:00+00:00,El consejero de Medio Ambiente califica ahora de «excesivo» el trasvase del Ebro,False
train,https://elpais.com/diario/1981/12/12/economia/376959611_850215.html,1981-12-11 23:00:00+00:00,Los ganaderos afectados por la sequía dispondrán de 600.000 toneladas de cereal-pienso,True
train,https://elpais.com/sociedad/2014/03/26/actualidad/1395794295_780821.html,2014-03-31 06:09:52+00:00,"La producción de almendras mundial, amenazada por la sequía en California",True
train,https://elpais.com/diario/1989/05/15/opinion/611186404_850215.html,1989-05-14 22:00:00+00:00,Cataluña y el agua,False
train,https://elpais.com/diario/1982/08/14/economia/398124006_850215.html,1982-08-13 22:00:00+00:00,Jóvenes Agricultores se retiró de la reunión de la mesa nacional de la sequía,True
train,https://elpais.com/diario/1982/06/17/economia/393112814_850215.html,1982-06-16 22:00:00+00:00,El Gobierno estudiará  la nueva regulación del mercado del vino,False
train,https://elpais.com/diario/1983/07/14/madrid/427029859_850215.html,1983-07-13 22:00:00+00:00,El Consejo de Ministros frena el aumento del precio del agua solicitado por el ayuntamiento y el Canal de Isabel II,False
train,https://elpais.com/elpais/2016/09/13/planeta_futuro/1473757810_606487.html,2016-09-14 06:55:43+00:00,Los Andes siembra lluvia para hacer frente a la sequía,True
train,https://elpais.com/diario/2005/10/29/sociedad/1130536811_850215.html,2005-10-28 22:00:00+00:00,La sequía estrangula la Amazonia,True
train,https://elpais.com/diario/2004/07/09/economia/1089324010_850215.html,2004-07-08 22:00:00+00:00,La patronal europea pide la revisión del compromiso de Kioto,False
train,https://elpais.com/diario/1998/05/31/sociedad/896565601_850215.html,1998-05-30 22:00:00+00:00,"Los pozos han secado los «ojos» del Guadiana, cuya longitud se ha reducido en 182 kilómetros",True
train,https://elpais.com/diario/2002/01/10/andalucia/1010618540_850215.html,2002-01-09 23:00:00+00:00,El Ayuntamiento de Málaga recoge las naranjas de sus jardines,False
train,https://elpais.com/diario/1980/09/25/madrid/338729056_850215.html,1980-09-24 22:00:00+00:00,Medidas preventivas aconsejables,False
train,https://elpais.com/mexico/2021-04-03/cambio-de-hora-2021-mexico-adelanta-el-reloj-una-hora-para-el-horario-de-verano.html,2021-04-03 01:14:21.948000+00:00,Cambio de hora 2021: México adelanta el reloj una hora para el horario de verano,False
train,https://elpais.com/diario/2009/11/10/sociedad/1257807603_850215.html,2009-11-10 06:00:00+00:00,Un hongo y las largas sequías amenazan la dehesa española,True
train,https://elpais.com/diario/2002/03/22/sociedad/1016751610_850215.html,2002-03-21 23:00:00+00:00,Agua para el desarrollo,False
train,https://elpais.com/diario/2007/12/09/cvalenciana/1197231479_850215.html,2007-12-08 23:00:00+00:00,Menos agua pero sin alarma,True
train,https://elpais.com/planeta-futuro/2021-11-11/la-pobreza-ambiental-afecta-ya-a-millones-de-personas-en-el-mundo.html,2021-11-11 08:18:33.216000+00:00,La pobreza ambiental afecta ya a millones de personas en el mundo,False
train,https://elpais.com/elpais/2018/05/28/buenavida/1527522543_389263.html,2018-11-06 10:40:53+00:00,"Si el cerebro necesita azúcar para funcionar, ¿por qué tenemos que dejar de comerlo?",False
train,https://elpais.com/elpais/2019/11/22/escaparate/1574420135_537646.html,2019-11-23 23:23:47+00:00,Esta crema hidratante de Elizabeth Arden es perfecta para refrescar tu cuerpo en verano,False
train,https://elpais.com/diario/1987/02/17/internacional/540514802_850215.html,1987-02-16 23:00:00+00:00,Guerra civil y hambre,True
train,https://elpais.com/diario/1995/06/26/espana/804117624_850215.html,1995-06-25 22:00:00+00:00,El debate sobre el agua,True
train,https://elpais.com/internacional/2022-10-03/ian-historia-de-dos-huracanes.html,2022-10-03 03:40:00.585000+00:00,‘Ian’: historia de dos huracanes,False
train,https://elpais.com/babelia/2021-12-07/acento-propio-lengua-comun-la-poesia-que-llega-de-las-antipodas.html,2021-12-07 02:40:48.451000+00:00,"Acento propio, lengua común: la poesía que llega de las antípodas",False
train,https://elpais.com/diario/2005/09/05/andalucia/1125872525_850215.html,2005-09-04 22:00:00+00:00,"La sequía dispara el precio del aceite, que bate registros históricos",True
train,https://elpais.com/internacional/2010/08/15/actualidad/1281823202_850215.html,2010-08-15 08:33:00+00:00,Rusia veta la exportación de cereales,True
train,https://elpais.com/planeta-futuro/2022-04-04/somalia-se-quiebra-por-la-sequia-historica-y-la-invasion-rusa-de-ucrania.html,2022-04-04 03:35:00.333000+00:00,Somalia se quiebra por la sequía histórica y la invasión rusa de Ucrania,True
train,https://elpais.com/diario/2008/03/28/cvalenciana/1206735491_850215.html,2008-03-27 23:00:00+00:00,El Júcar afronta la peor sequía con pocas reservas,True
train,https://elpais.com/diario/1993/01/17/ultima/727225201_850215.html,1993-01-16 23:00:00+00:00,Rogativas,True
train,https://elpais.com/espana/2022-08-21/el-clima-extremo-mete-presion-en-la-agenda-politica.html,2022-08-21 03:40:00.786000+00:00,El clima extremo mete presión en la agenda política,True
train,https://elpais.com/planeta-futuro/en-primera-linea/2023-01-31/las-infancias-mas-hambrientas-lo-seran-mas-aun-por-el-conflicto-en-ucrania.html,2023-01-31 04:35:00.244000+00:00,Las infancias más hambrientas lo serán más aún por el conflicto en Ucrania,True
train,https://elpais.com/diario/1983/03/18/espana/416790022_850215.html,1983-03-17 23:00:00+00:00,"97 poblaciones, en «alarma roja» a causa de la sequía",True
train,https://elpais.com/diario/1992/05/23/espana/706572015_850215.html,1992-05-22 22:00:00+00:00,Reunión de alcaldes del PSOE para estudiar el impacto de la sequía,True
train,https://elpais.com/diario/1985/07/17/internacional/490399226_850215.html,1985-07-16 22:00:00+00:00,Las lluvias torrenciales impiden la entrega de la ayuda a los afectados por el hambre en Sudán,True
train,https://elpais.com/espana/catalunya/2022-05-20/muere-un-nino-de-nueve-anos-ahogado-en-un-embalse-en-terrassa.html,2022-05-20 06:41:26.032000+00:00,Muere un niño de nueve años ahogado en un embalse en Terrassa,False
train,https://elpais.com/sociedad/2011/12/12/actualidad/1323714799_883698.html,2011-12-12 18:37:39+00:00,50 variedades de arroz secuenciadas para conocer genes útiles,False
train,https://elpais.com/deportes/2022-11-06/qatar-financia-a-cientos-de-hinchas-vigilantes.html,2022-11-06 04:12:00.282000+00:00,Qatar financia a cientos de hinchas vigilantes,False
train,https://elpais.com/politica/2017/12/28/actualidad/1514481174_049347.html,2017-12-28 22:07:19+00:00,La alerta por sequía se instala en el Guadalquivir,True
train,https://elpais.com/sociedad/2021-11-02/enterrados-en-ceniza-los-barrenderos-se-enfrentan-a-toneladas-de-polvo-volcanico-con-cepillo-pala-y-mascarilla.html,2021-11-02 04:30:00+00:00,"Enterrados en ceniza: los barrenderos se enfrentan a toneladas de polvo volcánico con cepillo, pala y mascarilla",False
train,https://elpais.com/ccaa/2012/06/29/madrid/1340970083_635987.html,2012-06-29 12:56:10+00:00,Los riegos secan el Jarama,True
train,https://elpais.com/diario/2005/09/02/cvalenciana/1125688680_850215.html,2005-09-01 22:00:00+00:00,El Campello y el agua,False
train,https://elpais.com/diario/1986/08/22/espana/525045614_850215.html,1986-08-21 22:00:00+00:00,Una grave sequía afecta desde la primavera a 25 municipios,True
train,https://elpais.com/diario/1993/01/11/espana/726706802_850215.html,1993-01-10 23:00:00+00:00,«Es un pecado que el 28% de los recursos del Ebro vaya a parar al mar sin beneficiar a nadie»,False
train,https://elpais.com/diario/1976/07/17/economia/206402408_850215.html,1976-07-16 22:00:00+00:00,Petición de un crédito extraordinario para paliar la sequía,True
train,https://elpais.com/diario/2005/08/24/madrid/1124882662_850215.html,2005-08-23 22:00:00+00:00,La sequía empeora la calidad del agua en Alcalá,True
train,https://elpais.com/economia/2021-05-25/el-congreso-congela-la-subida-del-impuesto-de-matriculacion.html,2021-05-25 18:16:24.882000+00:00,El Congreso congela la subida del impuesto de matriculación ,False
train,https://elpais.com/espana/2022-06-30/los-mayores-incendios-que-han-asolado-navarra-en-junio-se-debieron-a-la-accion-humana.html,2022-06-30 17:38:29.360000+00:00,Los mayores incendios que han asolado Navarra en junio se debieron a la acción humana,False
train,https://elpais.com/diario/2005/09/20/catalunya/1127178440_850215.html,2005-09-19 22:00:00+00:00,Barcelona sufre el segundo año con menos lluvia desde 1914,True
train,https://elpais.com/sociedad/2019/09/26/actualidad/1569521541_380778.html,2019-09-27 12:42:52+00:00,Europa ensaya otras formas de proteger a las víctimas de violencia machista,False
train,https://elpais.com/ciencia/2021-09-02/las-ciudades-mas-pobres-y-con-menos-educacion-de-america-latina-registran-mas-muertes-prevenibles.html,2021-09-02 01:51:00.437000+00:00,Las ciudades más pobres y con menos educación de América Latina registran más muertes prevenibles ,False
train,https://elpais.com/diario/2002/04/08/catalunya/1018228052_850215.html,2002-04-07 22:00:00+00:00,En busca del río escondido,True
train,https://elpais.com/diario/1980/09/26/economia/338767209_850215.html,1980-09-25 22:00:00+00:00,La escasez de agua amenaza la cosecha de tomates de Mazarrón,True
train,https://elpais.com/diario/2007/10/11/catalunya/1192064842_850215.html,2007-10-10 22:00:00+00:00,Rieras a rebosar,False
train,https://elpais.com/diario/1989/10/04/economia/623458812_850215.html,1989-10-03 23:00:00+00:00,"Almacenistas, comerciantes e industriales proponen un acuerdo con los cerealistas",False
train,https://elpais.com/diario/1989/12/28/espana/630802813_850215.html,1989-12-27 23:00:00+00:00,Cortes de carreteras en Málaga por las fuertes lluvias,False
train,https://elpais.com/internacional/2022-09-30/el-huracan-ian-deja-en-florida-un-rastro-de-devastacion-y-decenas-de-muertos.html,2022-10-01 21:01:26+00:00,El huracán ‘Ian’ deja en Florida un rastro de devastación y decenas de muertos ,False
train,https://elpais.com/diario/1999/07/05/economia/931125610_850215.html,1999-07-04 22:00:00+00:00,Las altas temperaturas agravan los daños de la sequía,True
train,https://elpais.com/economia/2017/01/26/actualidad/1485452651_000217.html,2017-01-28 23:15:17+00:00,El imperio europeo de las palomitas,False
train,https://elpais.com/diario/1999/03/12/catalunya/921204453_850215.html,1999-03-11 23:00:00+00:00,Las compañías de agua advierten de que las restricciones trastornan y no ahorran,True
train,https://elpais.com/diario/2000/01/09/sociedad/947372412_850215.html,2000-01-08 23:00:00+00:00,Sequía en grandes áreas del planeta,True
train,https://elpais.com/politica/2017/09/03/actualidad/1504464272_530573.html,2017-09-04 08:41:27+00:00,La sequía se agrava,True
train,https://elpais.com/diario/2008/04/03/catalunya/1207184838_850215.html,2008-04-02 22:00:00+00:00,"Y ahora, el agua en tren",True
train,https://elpais.com/ccaa/2014/09/08/valencia/1410200043_433289.html,2014-09-08 22:05:17+00:00,Alicante no quiere más clases al sol,False
train,https://elpais.com/diario/2007/11/18/galicia/1195384688_850215.html,2007-11-17 23:00:00+00:00,La Galicia verde amarillea,True
train,https://elpais.com/diario/1995/02/16/portada/792889204_850215.html,1995-02-15 23:00:00+00:00,La Junta andaluza quiere cerrar los bosques al público para evitar incendios,False
train,https://elpais.com/elpais/2016/09/06/planeta_futuro/1473170290_220555.html,2016-09-07 06:19:44+00:00,La escasez de agua pone en peligro los dátiles palestinos,True
train,https://elpais.com/television/2021-03-28/que-ver-hoy-en-tv-domingo-28-de-marzo-de-2021.html,2021-03-28 03:15:00+00:00,¿Qué ver hoy en TV? Domingo 28 de marzo de 2021,False
train,https://elpais.com/espana/galicia/2022-02-08/la-irresistible-atraccion-turistica-del-embalse-de-lindoso-la-falta-de-agua-hace-emerger-los-pueblos-anegados-hace-30-anos.html,2022-02-08 04:00:00.982000+00:00,La irresistible atracción turística del pueblo que emergió del agua,True
train,https://elpais.com/diario/1990/05/01/espana/641512810_850215.html,1990-04-30 22:00:00+00:00,Bilbao y Vitoria volverán a sufrir cortes de agua a partir de mañana,True
train,https://elpais.com/diario/2008/04/11/catalunya/1207876038_850215.html,2008-04-10 22:00:00+00:00,Fernández de la Vega asume las actuaciones sobre la sequía,True
train,https://elpais.com/diario/2005/09/07/catalunya/1126055250_850215.html,2005-09-06 22:00:00+00:00,Los empresarios rechazan la posibilidad de cortes de suministro de agua por zonas un día a la semana,True
train,https://elpais.com/diario/1982/05/29/economia/391471213_850215.html,1982-05-28 22:00:00+00:00,"Las cifras oficiales de daños por la sequía son bajas, según la CNAG",True
train,https://elpais.com/diario/2005/09/01/espana/1125525617_850215.html,2005-08-31 22:00:00+00:00,Andalucía ultima un plan para crear un mercado público del agua,True
train,https://elpais.com/elpais/2019/04/03/planeta_futuro/1554297614_255224.html,2019-04-05 09:00:50+00:00,Lilian Thuram: “Los europeos están convencidos de que el mundo les pertenece”,False
train,https://elpais.com/diario/2008/03/31/espana/1206914404_850215.html,2008-03-30 22:00:00+00:00,Agua por un tubo o con pajita,True
train,https://elpais.com/mexico/2020-08-04/leila-guerriero-me-indigna-un-poco-que-la-gente-descubra-ahora-cuan-desigual-es-el-mundo.html,2020-08-04 02:04:07.402000+00:00,Leila Guerriero: “Me indigna un poco que la gente descubra ahora cuán desigual es el mundo”,False
train,https://elpais.com/espana/madrid/2021-01-18/madrid-elabora-un-mapa-de-riesgo-de-inundaciones-con-404-puntos-criticos-ante-las-lluvias-de-esta-semana.html,2021-01-18 17:03:47.364000+00:00,Madrid elabora un mapa de riesgo de inundaciones con 404 puntos críticos ante las lluvias de esta semana,False
train,https://elpais.com/cultura/2018/05/12/actualidad/1526119629_431194.html,2018-05-12 16:56:15+00:00,Muere el director de cine Antonio Mercero a los 82 años en Madrid,False
train,https://elpais.com/diario/2008/06/03/catalunya/1212455239_850215.html,2008-06-02 22:00:00+00:00,Acaban las restricciones para las duchas de las playas y las piscinas,True
train,https://elpais.com/diario/2007/11/10/galicia/1194693506_850215.html,2007-11-09 23:00:00+00:00,Pan de Cea con trigo de etiqueta,False
train,https://elpais.com/deportes/2018/01/11/actualidad/1515630003_727856.html,2018-01-13 16:27:29+00:00,El Barcelona cierra el fichaje de Yerry Mina con el Palmeiras,False
train,https://elpais.com/diario/1995/03/15/deportes/795222006_850215.html,1995-03-14 23:00:00+00:00,Sólo el Milan tiene renta,False
train,https://elpais.com/ccaa/2016/03/31/galicia/1459436610_565709.html,2016-03-31 15:05:11+00:00,Sada pedirá esta tarde la declaración de zona catastrófica por el temporal,False
train,https://elpais.com/planeta-futuro/seres-urbanos/2022-05-03/inundaciones-en-durban-el-cambio-climatico-como-barrera-al-desarrollo.html,2022-05-03 03:35:00.323000+00:00,Inundaciones en Durban: el cambio climático como barrera al desarrollo,True
train,https://elpais.com/diario/2008/03/16/galicia/1205666291_850215.html,2008-03-15 23:00:00+00:00,La Xunta localiza 18 acuíferos para llevar agua a las poblaciones,True
train,https://elpais.com/diario/1994/08/10/espana/776469609_850215.html,1994-08-09 22:00:00+00:00,Tiene tanto valor que no tiene precio,True
train,https://elpais.com/ccaa/2012/03/16/galicia/1331932114_944941.html,2012-03-16 21:10:08+00:00,La Xunta niega a las explotaciones ayudas directas para alimentar a los animales,True
train,https://elpais.com/diario/1976/07/01/economia/205020026_850215.html,1976-06-30 22:00:00+00:00,Reunión de la Comisión de Asuntos Económicos,True
train,https://elpais.com/diario/1981/06/02/espana/360280826_850215.html,1981-06-01 22:00:00+00:00,Aumentan las restricciones de agua en Sevilla,True
train,https://elpais.com/diario/2005/08/12/opinion/1123797603_850215.html,2005-08-11 22:00:00+00:00,Informe sobre la sequía,True
train,https://elpais.com/escaparate/2022-01-31/las-mejores-redes-para-pescar.html,2022-01-31 13:28:37.837000+00:00,Las mejores redes para pescar,False
train,https://elpais.com/diario/2002/03/08/cvalenciana/1015618678_850215.html,2002-03-07 23:00:00+00:00,Medio Ambiente lanza un plan de inspecciones para el 2002 y 2003 en todas las industrias del sector azulejero,False
train,https://elpais.com/diario/2006/09/15/catalunya/1158282441_850215.html,2006-09-14 22:00:00+00:00,Las reservas de los embalses garantizan agua para todo un año,False
train,https://elpais.com/diario/1994/10/03/espana/781138818_850215.html,1994-10-02 23:00:00+00:00,Los termómetros han roto este verano las marcas del siglo en algunas zonas,True
train,https://elpais.com/diario/1983/08/19/espana/430092021_850215.html,1983-08-18 22:00:00+00:00,"662.092 personas en 17 provincias, afectadas por la «alarma roja»",True
train,https://elpais.com/diario/2006/06/12/economia/1150063211_850215.html,2006-06-11 22:00:00+00:00,Agricultura permitirá la cesión de cuotas lácteas este año,False
train,https://elpais.com/ciencia/2022-05-18/los-arboles-se-estan-muriendo-cada-vez-antes.html,2022-05-18 14:59:12.226000+00:00,Los árboles se están muriendo cada vez antes,True
train,https://elpais.com/ccaa/2016/09/06/andalucia/1473159248_206128.html,2016-09-06 11:01:12+00:00,La CHG mantiene a un anciano y a su hija sin agua en un paraje cervantino,False
train,https://elpais.com/diario/1992/09/14/ultima/716421602_850215.html,1992-09-13 22:00:00+00:00,El paralimpismo,False
train,https://elpais.com/diario/2005/11/13/andalucia/1131837737_850215.html,2005-11-12 23:00:00+00:00,La sequía disminuye la reproducción de las aves amenazadas de Doñana,True
train,https://elpais.com/diario/2008/06/23/catalunya/1214183243_850215.html,2008-06-22 22:00:00+00:00,«Es un error dejar que la lluvia resuelva la sequía»,True
train,https://elpais.com/planeta-futuro/en-primera-linea/2021-11-24/poco-tiempo-y-mucho-por-hacer-en-niger.html,2021-11-24 04:35:00+00:00,Poco tiempo y mucho por hacer en Níger,False
train,https://elpais.com/diario/1991/12/29/radiotv/693961215_850215.html,1991-12-28 23:00:00+00:00,Emmanuelle,False
train,https://elpais.com/diario/1993/02/12/madrid/729519856_850215.html,1993-02-11 23:00:00+00:00,Grietas y basura en un parque recién acabado,True
train,https://elpais.com/sociedad/2013/08/28/actualidad/1377708747_664960.html,2013-08-28 22:50:47+00:00,"Subidas del termómetro de 4,8 grados y del nivel del mar de un metro en 2100",True
train,https://elpais.com/sociedad/2020-09-26/chile-abandona-el-acuerdo-medioambiental-de-escazu-que-lidero-en-la-region.html,2020-09-26 17:23:23.742000+00:00,Chile abandona el acuerdo medioambiental de Escazú que lideró en la región,False
train,https://elpais.com/ccaa/2015/01/23/valencia/1422043606_347158.html,2015-01-23 23:17:40+00:00,Valor no renueva contratas a Ortiz,False
train,https://elpais.com/diario/2005/06/25/espana/1119650415_850215.html,2005-06-24 22:00:00+00:00,La cuenca del Segura teme que los embalses se vacíen en septiembre,True
train,https://elpais.com/economia/2019/02/27/actualidad/1551292698_552073.html,2019-03-06 10:07:44+00:00,Los rastreadores de joyas de alta precisión en la red,False
train,https://elpais.com/diario/1996/05/23/economia/832802404_850215.html,1996-05-22 22:00:00+00:00,Loyola de Palacio se opone a la venta de Azucarera a un grupo extranjero,True
train,https://elpais.com/diario/1999/04/13/agenda/923954404_850215.html,1999-04-12 22:00:00+00:00,«¡LA MADRE QUE LAS PARIÓ!»,False
train,https://elpais.com/diario/1976/08/21/internacional/209426410_850215.html,1976-08-20 22:00:00+00:00,Multas y cárcel para los que despilfarren agua en Bélgica,True
train,https://elpais.com/diario/2008/05/09/catalunya/1210295240_850215.html,2008-05-08 22:00:00+00:00,Barcelona refuerza la red de agua freática para llegar a más parques,False
train,https://elpais.com/opinion/2022-08-28/la-mallorca-de-las-piscinas.html,2022-08-28 03:00:01.171000+00:00,La Mallorca de las piscinas,True
train,https://elpais.com/ccaa/2014/11/21/catalunya/1416602110_699196.html,2014-11-22 00:16:48+00:00,CC OO denuncia ante el Síndic la “fragmentación” del ICS,False
train,https://elpais.com/elpais/2009/01/22/actualidad/1232615834_850215.html,2009-01-22 19:23:00+00:00,Piso nuevo de 108 metros cuadrados en Barcelona por 115.000 euros,False
train,https://elpais.com/clima-y-medio-ambiente/2022-09-19/el-otono-sera-mas-calido-y-seco-de-lo-normal-en-espana-tras-el-peor-verano-en-61-anos.html,2022-09-19 15:04:48.773000+00:00,El otoño será más cálido y seco de lo normal en España tras el peor verano en 61 años,True
train,https://elpais.com/deportes/2018/03/07/actualidad/1520442664_903542.html,2018-03-08 15:30:01+00:00,"Casemiro, el sargento de Zidane",False
train,https://elpais.com/mexico/2022-04-16/seguridad-agua-y-transporte-las-tres-crisis-que-acechan-al-gobierno-de-nuevo-leon.html,2022-04-16 18:06:03.565000+00:00,"Seguridad, agua y transporte: las tres crisis que acechan al gobierno de Nuevo León",True
train,https://elpais.com/diario/2006/09/10/espana/1157839212_850215.html,2006-09-09 22:00:00+00:00,ROGATIVA EN MURCIA,True
train,https://elpais.com/elpais/2019/02/21/escaparate/1550763663_083966.html,2019-02-21 17:27:36+00:00,Este es uno de los maquillajes de carnaval más vendidos en Amazon: fácil de poner y quitar,False
train,https://elpais.com/diario/1999/07/22/andalucia/932595733_850215.html,1999-07-21 22:00:00+00:00,Posada aboga por un frente común para negociar la pesca con Marruecos,True
train,https://elpais.com/espana/comunidad-valenciana/2022-05-30/un-joven-de-26-anos-se-ahoga-al-intentar-cruzar-a-nado-el-pantano-de-crevillent.html,2022-05-30 15:28:06.741000+00:00,Un joven de 26 años se ahoga al intentar cruzar a nado el pantano de Crevillent,False
train,https://elpais.com/diario/2010/07/07/espana/1278453607_850215.html,2010-07-07 05:00:00+00:00,Rajoy guarda silencio pese a la alarma del PP por el «agujero negro» valenciano,False
train,https://elpais.com/deportes/2019/09/16/actualidad/1568657714_639796.html,2019-09-16 21:32:15+00:00,La guerra interminable del Valencia,False
train,https://elpais.com/diario/2005/09/20/cvalenciana/1127243894_850215.html,2005-09-19 22:00:00+00:00,Empresarios del agua abogan por la desalación y los acuíferos como alternativa al trasvase,True
train,https://elpais.com/economia/2012/07/27/actualidad/1343388485_670710.html,2012-07-29 00:19:03+00:00,El fantasma de crisis pasadas reaparece,True
train,https://elpais.com/economia/negocios/2021-11-28/comer-se-pone-por-las-nubes.html,2021-11-28 04:45:00+00:00,Comer se pone por las nubes,True
train,https://elpais.com/ccaa/2016/01/07/catalunya/1452201482_175919.html,2016-01-08 01:07:52+00:00,La Generalitat admite que peligra el suministro de agua en caso de sequía,True
train,https://elpais.com/planeta-futuro/2022-09-12/la-crisis-del-agua-no-solo-falta-inversion-tambien-necesitamos-nuevas-politicas.html,2022-09-12 03:30:01.534000+00:00,"La crisis del agua: no solo falta inversión, también necesitamos nuevas políticas",True
train,https://elpais.com/gente/2021-10-28/esther-dona-por-que-no-iba-a-publicar-los-whatsapp-con-los-que-carlos-falco-me-conquisto-si-estaba-orgullosisimo.html,2021-10-28 03:20:00+00:00,Esther Doña: “¿Por qué no iba a publicar los ‘whatsapps’ con los que Carlos Falcó me conquistó? ¡Si estaba orgullosísimo!”,False
train,https://elpais.com/diario/1988/06/25/economia/583192809_850215.html,1988-06-24 22:00:00+00:00,El Gobierno de EE UU declara zona catastrófica más de 1.200 condados,True
train,https://elpais.com/sociedad/2011/09/24/actualidad/1316815202_850215.html,2011-09-24 04:59:00+00:00,Encuentran un nivel excesivo de radiación en arroz de Fukushima,False
train,https://elpais.com/diario/1999/09/04/cvalenciana/936472686_850215.html,1999-09-03 22:00:00+00:00,El PSPV califica de «ridículas» las ayudas de Ramón Llin a la sequía,True
train,https://elpais.com/ccaa/2016/08/09/valencia/1470733143_629489.html,2016-08-09 09:34:04+00:00,"Si apenas llueve, ¿por qué siempre hay agua en el grifo?",True
train,https://elpais.com/diario/2011/10/18/catalunya/1318900038_850215.html,2011-10-18 05:00:00+00:00,El humedal de Els Muntanyans se seca,True
train,https://elpais.com/diario/2008/05/29/espana/1212012013_850215.html,2008-05-28 22:00:00+00:00,Cataluña dará por terminada la sequía la semana próxima,True
train,https://elpais.com/diario/2007/12/15/catalunya/1197684444_850215.html,2007-12-14 23:00:00+00:00,Montilla pide ahorrar agua ante la sequía extrema,True
train,https://elpais.com/mexico/2021-04-24/la-sequia-que-abrasa-mexico-una-tragedia-predecible-y-devastadora.html,2021-04-24 22:38:50.679000+00:00,"La sequía que abrasa México, una tragedia predecible y devastadora",True
train,https://elpais.com/deportes/2022-07-30/la-montana-decide-una-edicion-historica-del-tour-de-francia-femenino-ahora-viene-lo-duro.html,2022-07-30 03:15:00.309000+00:00,La montaña decide una edición histórica del Tour de Francia femenino: “Ahora viene lo duro”,False
train,https://elpais.com/ccaa/2017/12/14/galicia/1513268007_814068.html,2017-12-14 19:14:20+00:00,Ponte Caldelas busca como aliados contra el trasvase a alcaldes del PP,False
train,https://elpais.com/diario/2006/08/19/andalucia/1155939723_850215.html,2006-08-18 22:00:00+00:00,Cuatro municipios de Jaén sufren restricciones de agua por la sequía,True
train,https://elpais.com/elpais/2018/07/02/escaparate/1530541706_231513.html,2018-07-04 07:26:05+00:00,Guía para comprar los mejores auriculares para cada ocasión,False
train,https://elpais.com/diario/2005/10/04/espana/1128376821_850215.html,2005-10-03 22:00:00+00:00,La sequía pone en alerta a 56 pueblos de Cataluña,True
train,https://elpais.com/diario/2006/08/18/catalunya/1155863242_850215.html,2006-08-17 22:00:00+00:00,"La sequía agudiza la crisis en el sector olivarero, que podría perder el 40% de la cosecha",True
train,https://elpais.com/internacional/2022-02-16/al-menos-38-muertos-por-las-fuertes-lluvias-en-una-ciudad-de-la-region-montanosa-de-rio-de-janeiro.html,2022-02-16 15:04:18.788000+00:00,Al menos 94 muertos por las fuertes lluvias en una ciudad de la región montañosa de Río de Janeiro,False
train,https://elpais.com/diario/2000/09/03/cvalenciana/968008690_850215.html,2000-09-02 22:00:00+00:00,Inquietud entre la oposición por la falta de datos sobre el PHN,False
train,https://elpais.com/sociedad/2020/01/26/actualidad/1580061443_799865.html,2020-01-26 23:51:23+00:00,¿Hay que peatonalizar los entornos escolares para proteger a los niños de la contaminación?,False
train,https://elpais.com/diario/2008/09/17/andalucia/1221603724_850215.html,2008-09-16 22:00:00+00:00,Aprovechar cada gota,True
train,https://elpais.com/diario/2006/02/10/cvalenciana/1139602691_850215.html,2006-02-09 23:00:00+00:00,Los regantes del Júcar piden más agua contra la sequía y límite a los pozos en Albacete,True
train,https://elpais.com/espana/2022-09-05/el-verano-como-punto-de-inflexion.html,2022-09-05 03:40:00.692000+00:00,El verano como punto de inflexión,True
train,https://elpais.com/diario/1980/06/19/internacional/330213620_850215.html,1980-06-18 22:00:00+00:00,La sequía provoca una situación límite en la agricultura mexicana,True
train,https://elpais.com/diario/2008/03/13/catalunya/1205374040_850215.html,2008-03-12 23:00:00+00:00,Baltasar proyecta llevar  agua del Segre a Barcelona a través del Cadí,True
train,https://elpais.com/deportes/2017/06/10/actualidad/1497047065_942889.html,2017-06-10 19:44:56+00:00,Álvaro Morata cierra un acuerdo con el Manchester United,False
train,https://elpais.com/diario/2002/12/18/espana/1040166030_850215.html,2002-12-18 08:05:00+00:00,Un juez de la Audiencia veta en España a buques de varios países y otro anula la orden en horas,False
train,https://elpais.com/diario/1999/05/08/cvalenciana/926191080_850215.html,1999-05-07 22:00:00+00:00,El Gobierno varía la ley del trasvase Tajo-Segura para enviar los excedentes del Júcar a Benidorm,True
train,https://elpais.com/economia/2017/11/29/actualidad/1511959369_989911.html,2017-11-29 20:41:03+00:00,El bitcoin a 11.000 dólares alimenta el debate sobre la burbuja de las criptodivisas,False
train,https://elpais.com/diario/1995/06/07/sociedad/802476031_850215.html,1995-06-06 22:00:00+00:00,Investigación para paliar la sequía,True
train,https://elpais.com/diario/1981/11/27/sociedad/375663601_850215.html,1981-11-26 23:00:00+00:00,El problema que,True
train,https://elpais.com/internacional/2019/07/05/actualidad/1562338400_267255.html,2019-07-05 15:37:11+00:00,Miles de laboristas reclaman a Corbyn que defienda la permanencia en la UE,False
train,https://elpais.com/diario/1989/08/11/espana/618789603_850215.html,1989-08-10 22:00:00+00:00,Multas de hasta 50 milllones para quienes incumplan las normas de restricción de agua en Andalucía,True
train,https://elpais.com/elpais/2017/02/02/mamas_papas/1486024508_315712.html,2017-02-02 12:01:01+00:00,"“El panga es seguro, incluso para grupos de población especialmente vulnerables, como los niños”",False
train,https://elpais.com/ccaa/2012/10/30/catalunya/1351556639_138481.html,2012-10-30 01:33:54+00:00,Cataluña pide triplicar el caudal ecológico previsto por la Confederación del Ebro,False
train,https://elpais.com/diario/2006/01/18/espana/1137538817_850215.html,2006-01-17 23:00:00+00:00,"Los embalses están al 47,2%, 10 puntos menos que hace un año",True
train,https://elpais.com/diario/2000/03/16/andalucia/953162538_850215.html,2000-03-15 23:00:00+00:00,Las asociaciones agrarias reclaman a Bruselas ayudas especiales por la sequía,True
train,https://elpais.com/diario/2008/02/19/cvalenciana/1203452277_850215.html,2008-02-18 23:00:00+00:00,La Comisión Europea rechaza los trasvases,False
train,https://elpais.com/diario/1999/09/27/economia/938383211_850215.html,1999-09-26 22:00:00+00:00,Agricultura liquida con ayudas de 8.200 millones el problema de la sequía,True
train,https://elpais.com/ccaa/2019/05/03/galicia/1556880477_333041.html,2019-05-03 10:59:32+00:00,100 toneladas de basura quedan sin recoger en A Coruña por averías en los camiones,False
train,https://elpais.com/diario/1989/08/22/economia/619740004_850215.html,1989-08-21 22:00:00+00:00,La sequía causa pérdidas en el sector agrario por valor de unos 100.000 millones de pesetas,True
train,https://elpais.com/diario/1995/05/12/economia/800229610_850215.html,1995-05-11 22:00:00+00:00,Créditos de 125.000 millones de interés para paliar los daños  de la sequía.,True
train,https://elpais.com/diario/1986/01/05/economia/505263608_850215.html,1986-01-04 23:00:00+00:00,Los agricultores de Logroño insisten en pedir apoyo público,False
train,https://elpais.com/elpais/2021/04/22/paco_nadal/1619089390_848351.html,2021-04-22 17:02:20+00:00,¿Tiene sentido Fitur en un momento como el actual?,False
train,https://elpais.com/diario/2008/03/27/galicia/1206616688_850215.html,2008-03-26 23:00:00+00:00,El pasado invierno fue en el que menos llovió desde 1941,True
train,https://elpais.com/sociedad/2020-09-29/valencia-1300-rastreadores-y-la-incidencia-ahora-mas-baja.html,2020-09-29 22:30:00+00:00,Valencia: 1.300 rastreadores y la incidencia más baja,False
train,https://elpais.com/diario/1992/03/25/madrid/701526265_850215.html,1992-03-24 23:00:00+00:00,Los agricultores madrileños temen perder 3.000 millones si continúa la sequía,True
train,https://elpais.com/diario/1982/08/22/espana/398815211_850215.html,1982-08-21 22:00:00+00:00,"Veinte pueblos de Burgos, en «alerta roja» por la sequía",True
train,https://elpais.com/diario/1993/09/06/espana/747266423_850215.html,1993-09-05 22:00:00+00:00,De la pertinaz sequía a la ética del agua,True
train,https://elpais.com/clima-y-medio-ambiente/2022-08-25/prohibido-regar-el-jardin-para-30-millones-de-britanicos.html,2022-08-25 03:30:00.647000+00:00,Prohibido regar el jardín para 30 millones de británicos,True
train,https://elpais.com/diario/2000/09/14/cvalenciana/968959080_850215.html,2000-09-13 22:00:00+00:00,¡Agua va!,False
train,https://elpais.com/diario/1983/09/12/economia/432165603_850215.html,1983-09-11 22:00:00+00:00,La reforma de la legislación sobre aguas preocupa al campo,True
train,https://elpais.com/diario/2007/01/26/cvalenciana/1169842685_850215.html,2007-01-25 23:00:00+00:00,Los populares impiden a la oposición intervenir en la comisión de la sequía,True
train,https://elpais.com/ccaa/2014/05/15/valencia/1400170974_885091.html,2014-05-15 16:28:18+00:00,"La sequía provoca pérdidas de 17 millones de euros en los cereales, según la Unió",True
train,https://elpais.com/diario/1983/06/24/espana/425253602_850215.html,1983-06-23 22:00:00+00:00,La localidad zaragozana,False
train,https://elpais.com/diario/1996/02/03/espana/823302011_850215.html,1996-02-02 23:00:00+00:00,Los inversiones para combatir la sequía se desviaran a paliar daños del temporal,True
train,https://elpais.com/elpais/2021/02/07/africa_no_es_un_pais/1612693228_211862.html,2021-02-13 17:03:39+00:00,Lo último de Mr. Eazi,False
train,https://elpais.com/diario/2007/01/12/andalucia/1168557726_850215.html,2007-01-11 23:00:00+00:00,La CHG considera la zona oriental en situación de emergencia por la sequía,True
train,https://elpais.com/mexico/2021-09-28/lopez-obrador-pide-perdon-por-las-guerras-de-exterminio-y-promete-un-plan-millonario-para-el-pueblo-yaqui.html,2021-09-28 22:54:10.545000+00:00,López Obrador pide perdón por las “guerras de exterminio” y promete un plan millonario para el pueblo yaqui,True
train,https://elpais.com/diario/1986/12/01/sociedad/533775603_850215.html,1986-11-30 23:00:00+00:00,"La autosuficiencia alimentaria de los países, objetivo de la agrometeorología",True
train,https://elpais.com/deportes/2009/04/04/actualidad/1238829726_850215.html,2009-04-04 18:50:00+00:00,"El Barça se da otro paseo, esta vez en Granada",False
train,https://elpais.com/diario/2006/01/03/espana/1136242820_850215.html,2006-01-02 23:00:00+00:00,La situación de algunas cuencas es «muy preocupante»,True
train,https://elpais.com/diario/2008/03/12/sociedad/1205276403_850215.html,2008-03-11 23:00:00+00:00,España apuesta por las presas con circuitos cerrados de agua,False
train,https://elpais.com/diario/2003/10/17/paisvasco/1066419607_850215.html,2003-10-16 22:00:00+00:00,"Las instituciones vascas destinan 1,8 millones a los daños de la sequía",True
train,https://elpais.com/politica/2018/05/29/diario_de_espana/1527581853_856535.html,2018-05-30 18:32:08+00:00,“Soy una tía de un metro y medio y te tumbo un carnero si hay que curarlo”,False
train,https://elpais.com/internacional/2012/02/23/actualidad/1330007332_940981.html,2012-02-23 18:03:40+00:00,Cameron llama al mundo a ayudar a Somalia sin imponer soluciones,False
train,https://elpais.com/diario/2008/05/02/catalunya/1209690438_850215.html,2008-05-01 22:00:00+00:00,"Explicaciones a empresarios, partidos y autonomías",True
train,https://elpais.com/diario/1982/07/25/internacional/396396003_850215.html,1982-07-24 22:00:00+00:00,Más de 120 muertos.,False
train,https://elpais.com/clima-y-medio-ambiente/2022-08-16/china-decreta-el-racionamiento-de-electricidad-en-algunas-fabricas-ante-el-aumento-del-consumo-por-la-ola-de-calor.html,2022-08-16 16:41:00.970000+00:00,China decreta el racionamiento de electricidad en algunas fábricas ante el aumento del consumo por la ola de calor,True
train,https://elpais.com/diario/2004/10/15/andalucia/1097792543_850215.html,2004-10-14 22:00:00+00:00,Regantes del Poniente critican la actual gestión de Sol y Arena,False
train,https://elpais.com/escaparate/2022-05-13/las-mejores-maquinas-para-hacer-hielo-en-solo-unos-minutos.html,2022-05-13 03:00:01.668000+00:00,Las mejores máquinas para hacer hielo en solo unos minutos,False
train,https://elpais.com/diario/2000/03/21/cvalenciana/953669900_850215.html,2000-03-20 23:00:00+00:00,Las lluvias mejoran la situación de los cultivos pero no alivian la sequía crónica del campo,True
train,https://elpais.com/diario/1999/07/05/cvalenciana/931202288_850215.html,1999-07-04 22:00:00+00:00,Frutas sin sazón y árboles estresados,True
train,https://elpais.com/diario/1999/11/01/economia/941410808_850215.html,1999-10-31 23:00:00+00:00,El seguro agrario perderá 5.000 millones por heladas y sequía,True
train,https://elpais.com/elpais/2020/06/25/icon/1593104128_494337.html,2020-06-26 22:13:44+00:00,"Omar Ayuso (‘Élite’): “No estamos viviendo un retroceso en derechos, los fantasmas que salen ahora siempre estuvieron ahí”",False
train,https://elpais.com/cultura/2021-06-09/berlanga-el-espejo-de-espana.html,2021-06-09 15:29:30.809000+00:00,"Berlanga, el espejo de España",False
train,https://elpais.com/diario/1989/10/16/espana/624495622_850215.html,1989-10-15 23:00:00+00:00,El dios de la lluvia se olvida de Galicia,True
train,https://elpais.com/diario/2000/04/06/andalucia/954973341_850215.html,2000-04-05 22:00:00+00:00,La Junta pide a la Comisión Europea que elabore un programa de inversiones para mitigar la sequía,True
train,https://elpais.com/diario/2008/04/10/catalunya/1207789645_850215.html,2008-04-09 22:00:00+00:00,Agbar bajará la presión,True
train,https://elpais.com/diario/1992/06/05/economia/707695206_850215.html,1992-06-04 22:00:00+00:00,La sequía eleva los costes de las eléctricas en 52.500 millones,True
train,https://elpais.com/diario/2001/12/30/cvalenciana/1009743477_850215.html,2001-12-29 23:00:00+00:00,El comisario europeo analizará el veto de EEUU a las clementinas valencianas,False
train,https://elpais.com/diario/2005/09/29/portada/1127944805_850215.html,2005-09-28 22:00:00+00:00,Madrid y Andalucía decretan nuevas restricciones por la sequía,True
train,https://elpais.com/diario/2006/04/28/andalucia/1146176536_850215.html,2006-04-27 22:00:00+00:00,El Gobierno levantará en junio el decreto de sequía en la Costa del Sol,True
train,https://elpais.com/diario/2005/06/15/economia/1118786402_850215.html,2005-06-14 22:00:00+00:00,"Los precios se moderan en mayo y dejan la inflación interanual en el 3,1%",True
train,https://elpais.com/mexico/2022-04-22/un-nuevo-peligro-amenaza-al-paraiso-de-los-cenotes-los-purines-de-las-granjas-de-cerdos.html,2022-04-21 01:59:02.560000+00:00,Un nuevo peligro amenaza a los cenotes de Yucatán: los purines de las granjas de cerdos,False
train,https://elpais.com/diario/2006/07/03/cvalenciana/1151954298_850215.html,2006-07-02 22:00:00+00:00,La organización portuaria europea decide priorizar la sostenibilidad de los puertos,False
train,https://elpais.com/diario/2004/02/19/andalucia/1077146538_850215.html,2004-02-18 23:00:00+00:00,Ladrillos de agua,True
train,https://elpais.com/diario/1998/05/25/sociedad/896047204_850215.html,1998-05-24 22:00:00+00:00,El nuevo arzobispo de Söao Paulo defiende los saqueos por hambre,True
train,https://elpais.com/elviajero/2015/07/30/actualidad/1438255086_822460.html,2015-07-30 22:00:23+00:00,La placidez del agua con magnesio,False
train,https://elpais.com/espana/2022-02-14/el-parricida-confeso-de-elche-disparo-a-su-madre-por-la-espalda.html,2022-02-14 20:17:20.133000+00:00,El parricida confeso de Elche disparó a su madre por la espalda ,False
train,https://elpais.com/politica/2019/06/27/actualidad/1561608673_548274.html,2019-06-27 04:16:10+00:00,"El calor suma cinco grados y dispara los termómetros a 43,3 en Zaragoza en el segundo día de la ola",False
train,https://elpais.com/diario/2000/02/05/cvalenciana/949781891_850215.html,2000-02-04 23:00:00+00:00,Asociaciones de consumidores animan a los vecinos a pedir indemnizaciones,True
train,https://elpais.com/economia/2012/04/01/actualidad/1333303078_487628.html,2012-04-02 06:17:28+00:00,Los agricultores recibirán ayudas por los efectos de la sequía,True
train,https://elpais.com/diario/1999/09/14/madrid/937308262_850215.html,1999-09-13 22:00:00+00:00,Los ecologistas recogen firmas contra el tren veloz a Valladolid,False
train,https://elpais.com/diario/2009/12/16/sociedad/1260918007_850215.html,2009-12-16 06:00:00+00:00,"«Como no llueve, se derrite la miel»",True
train,https://elpais.com/espana/madrid/2020-04-21/los-jueces-obligan-al-gobierno-regional-que-facilite-medios-a-las-residencias-de-mayores-de-alcorcon.html,2020-04-21 12:58:50.043000+00:00,Los jueces obligan al Gobierno de la Comunidad de Madrid a que medicalice las residencias de mayores de Alcorcón,False
train,https://elpais.com/deportes/2017/01/01/actualidad/1483292302_633228.html,2017-01-01 19:58:19+00:00,"España, territorio de luchadoras",False
train,https://elpais.com/elpais/2020/05/17/eps/1589709589_136248.html,2020-05-19 22:13:52+00:00,El circo de los niños de la calle,False
train,https://elpais.com/diario/2000/08/20/cvalenciana/966799080_850215.html,2000-08-19 22:00:00+00:00,Zaplana califica el decreto contra la sequía de «poco lúcido» y «poco acertado»,True
train,https://elpais.com/diario/1981/02/07/madrid/350396654_850215.html,1981-02-06 23:00:00+00:00,Sin perspectivas de cambio,True
train,https://elpais.com/diario/2008/04/01/espana/1207000811_850215.html,2008-03-31 22:00:00+00:00,La primera sanción por derroche es ilegal,False
train,https://elpais.com/diario/2005/05/01/espana/1114898411_850215.html,2005-04-30 22:00:00+00:00,A la espera del agua de mayo,True
train,https://elpais.com/diario/1999/07/22/andalucia/932595741_850215.html,1999-07-21 22:00:00+00:00,Tres localidades de Málaga comienzan a sufrir entre seis y 11 horas de restricciones en el suministro de agua,True
train,https://elpais.com/clima-y-medio-ambiente/2021-09-07/cuando-los-elefantes-se-mueren-de-sed.html,2021-09-07 02:19:39.303000+00:00,Cuando los elefantes se mueren de sed,True
train,https://elpais.com/planeta-futuro/2021-08-22/el-deshielo-de-la-cordillera-del-himalaya-y-karakorum-afecta-a-mil-millones-de-asiaticos.html,2021-08-22 04:18:27.666000+00:00,El deshielo de las cordilleras del Himalaya y Karakórum afecta a mil millones de asiáticos,False
train,https://elpais.com/espana/catalunya/2021-09-09/la-generalitat-conocia-desde-hacia-dos-meses-la-afectacion-de-la-ricarda.html,2021-09-09 18:38:56.734000+00:00,La Generalitat sabía desde hacía dos meses que la ampliación de El Prat afectaría a la zona protegida de La Ricarda,False
train,https://elpais.com/sociedad/2011/11/28/actualidad/1322434822_850215.html,2011-11-28 20:47:00+00:00,El maíz transgénico vuelve a ser legal en Francia,False
train,https://elpais.com/diario/1996/12/21/sociedad/851122803_850215.html,1996-12-20 23:00:00+00:00,La CE denuncia a España por no respetar la norma sobre nitratos,False
train,https://elpais.com/politica/2017/10/20/tiempo_al_tiempo/1508496749_322629.html,2017-10-21 05:43:30+00:00,"El viento que trajo un huracán, fuego y lluvia",True
train,https://elpais.com/ccaa/2020/01/23/catalunya/1579781427_973325.html,2020-01-23 12:41:07+00:00,Deltebre y Alcanar solicitan la declaración de zona catastrófica para paliar las consecuencias de Gloria,False
train,https://elpais.com/diario/1999/07/12/sociedad/931730409_850215.html,1999-07-11 22:00:00+00:00,Moscú se ahoga  de calor,False
train,https://elpais.com/escaparate/2021-08-31/los-mejores-estuches-de-tres-compartimentos-para-organizar-el-material-escolar.html,2021-08-31 14:21:24.418000+00:00,Los mejores estuches de tres compartimentos para organizar el material escolar,False
train,https://elpais.com/diario/2007/02/16/paisvasco/1171658404_850215.html,2007-02-15 23:00:00+00:00,La denominación del «txakoli» de Getaria tardará un año en admitir socios,False
train,https://elpais.com/clima-y-medio-ambiente/2021-07-25/el-clima-extremo-desafia-al-mundo.html,2021-07-25 03:15:00+00:00,El clima extremo desafía al mundo,True
train,https://elpais.com/economia/2017/05/25/actualidad/1495738903_690735.html,2017-05-26 05:40:35+00:00,Agricultura rechaza dar ayudas directas contra la sequía,True
train,https://elpais.com/diario/1999/07/05/cvalenciana/931202296_850215.html,1999-07-04 22:00:00+00:00,Un vial que atravesará el campus enfrenta a la Miguel Hernández con el alcalde de Elche,False
train,https://elpais.com/diario/1999/07/16/andalucia/932077329_850215.html,1999-07-15 22:00:00+00:00,Agua,False
train,https://elpais.com/elpais/2017/11/20/planeta_futuro/1511180651_816327.html,2017-11-22 06:31:29+00:00,De Messi a ‘Stranger Things’: así se ha vivido el día del Niño,False
train,https://elpais.com/diario/1999/09/15/andalucia/937347734_850215.html,1999-09-14 22:00:00+00:00,Alcaldes socialistas exigen el trasvase de 50 hectómetros cúbicos del Tajo-Segura al pantano de Cuevas,True
train,https://elpais.com/planeta-futuro/2021-11-03/mesopotamia-muere-de-sed.html,2021-11-03 03:41:29.166000+00:00,Mesopotamia muere de sed,True
train,https://elpais.com/diario/2006/08/11/espana/1155247206_850215.html,2006-08-10 22:00:00+00:00,El Gobierno de Fraga no informaba de los incendios,False
train,https://elpais.com/espana/2023-01-19/el-temporal-de-nieve-empieza-a-remitir-al-subir-las-temperaturas-el-peligro-ahora-es-el-deshielo.html,2023-01-19 04:00:00.787000+00:00,"El temporal de nieve empieza a remitir al subir las temperaturas, el peligro ahora es el deshielo",False
train,https://elpais.com/diario/1981/02/20/economia/351471612_850215.html,1981-02-19 23:00:00+00:00,Jaén perdió la tercera parte de su aceituna,True
train,https://elpais.com/diario/2008/01/02/galicia/1199272689_850215.html,2008-01-01 23:00:00+00:00,La sequía retrasa el lago artificial que planea Endesa,True
train,https://elpais.com/diario/2005/07/18/andalucia/1121638938_850215.html,2005-07-17 22:00:00+00:00,Las pérdidas en el campo por la sequía superan ya los 500 millones,True
train,https://elpais.com/politica/2019/09/20/actualidad/1568968117_180175.html,2019-09-20 12:16:49+00:00,"Droga, tráfico de animales exóticos y sicarios: “Lucía sabía mucho”",False
train,https://elpais.com/diario/2007/01/26/catalunya/1169777241_850215.html,2007-01-25 23:00:00+00:00,La Generalitat se prepara para un episodio de sequía a partir de mayo,True
train,https://elpais.com/espana/catalunya/2022-05-08/cataluna-afronta-en-prealerta-por-sequia-la-llegada-masiva-de-turistas.html,2022-05-08 03:15:00.351000+00:00,Cataluña afronta en prealerta por sequía la llegada masiva de turistas  ,True
train,https://elpais.com/gente/2021-10-25/dominnico-gana-el-mayor-premio-de-la-moda-espanola.html,2021-10-25 22:43:18.689000+00:00,Dominnico gana el mayor premio de la moda española,False
train,https://elpais.com/diario/2005/05/13/andalucia/1115936547_850215.html,2005-05-12 22:00:00+00:00,Los alcaldes de Barbate y Conil insisten en su rechazo a los parques eólicos marinos,False
train,https://elpais.com/economia/2017/03/08/vivienda/1488962477_798054.html,2017-03-08 08:49:37+00:00,"El precio de la vivienda sube un 4,7% en 2016, el mayor repunte desde 2007",False
train,https://elpais.com/internacional/2020-09-12/la-ola-de-incendios-mete-el-cambio-climatico-en-la-campana-de-estados-unidos.html,2020-09-12 22:49:15.715000+00:00,La ola de incendios mete el cambio climático en la campaña de Estados Unidos,True
train,https://elpais.com/sociedad/2014/04/26/actualidad/1398538013_657260.html,2014-04-26 18:46:53+00:00,Jornaleros sin trabajo y campos en barbecho en California,True
train,https://elpais.com/diario/2007/06/17/deportes/1182031201_850215.html,2007-06-16 22:00:00+00:00,El título más ansiado,False
train,https://elpais.com/ccaa/2019/06/29/madrid/1561820529_125996.html,2019-06-29 22:22:05+00:00,Un operario del Ayuntamiento de Madrid tapa 14 veces el mural de un espacio vecinal,False
train,https://elpais.com/diario/2008/03/31/espana/1206914403_850215.html,2008-03-30 22:00:00+00:00,Las comarcas niegan agua a Barcelona,True
train,https://elpais.com/ccaa/2016/01/10/catalunya/1452448061_850523.html,2016-01-11 11:06:41+00:00,Las reservas de agua evitan la sequía pese a la falta de lluvia y el calor,True
train,https://elpais.com/espana/2022-06-01/llega-el-verano-meteorologico-que-tiempo-va-a-hacer.html,2022-06-01 09:55:08.204000+00:00,Llega el verano meteorológico: ¿qué tiempo va a hacer?,False
train,https://elpais.com/diario/2005/06/14/catalunya/1118711238_850215.html,2005-06-13 22:00:00+00:00,"Llovió, pero poco",True
train,https://elpais.com/diario/1999/08/18/madrid/934975473_850215.html,1999-08-17 22:00:00+00:00,PANTANO DE SEQUÍA,True
train,https://elpais.com/diario/1983/10/06/portada/434242802_850215.html,1983-10-05 23:00:00+00:00,Dos millones y medio de españoles sufren la escasez de agua,True
train,https://elpais.com/deportes/2021-12-22/athletic-real-madrid-en-directo-la-liga-santander-en-vivo.html,2021-12-22 20:01:45.947000+00:00,El Real Madrid vence al Athletic en San Mamés ,False
train,https://elpais.com/diario/2005/08/18/madrid/1124364255_850215.html,2005-08-17 22:00:00+00:00,El cauce del río Jarama está seco en el entorno de Torremocha y Torrelaguna,True
train,https://elpais.com/elpais/2017/01/24/planeta_futuro/1485253884_255678.html,2017-01-25 09:14:57+00:00,Piensos y vacunas para evitar el hambre,True
train,https://elpais.com/mexico/2021-12-20/aeromexico-arranca-la-semana-con-un-respiro-y-sus-acciones-se-recuperan-un-17-en-bolsa.html,2021-12-20 21:19:18.912000+00:00,Aeroméxico arranca la semana con un respiro y sus acciones se recuperan un 57% en Bolsa,False
train,https://elpais.com/ccaa/2018/12/28/madrid/1546001046_192276.html,2018-12-28 12:58:02+00:00,Madrid desactiva el protocolo por alta contaminación desde el sábado,False
train,https://elpais.com/economia/2013/05/30/vivienda/1369910779_886341.html,2013-05-30 11:55:16+00:00,Un «hobby» para decorar tu casa,False
train,https://elpais.com/internacional/2018/08/17/mundo_global/1534495088_474937.html,2018-08-17 13:11:59+00:00,La ola de calor permite descubrir tesoros arqueológicos enterrados en Inglaterra,True
train,https://elpais.com/deportes/2018/11/10/actualidad/1541869502_278442.html,2018-11-11 15:17:15+00:00,Tello: “El fútbol ha condenado a los extremos”,False
train,https://elpais.com/deportes/2022-10-29/unai-emery-debuta-con-4-0-en-contra.html,2022-10-29 18:54:32.319000+00:00,Unai Emery ‘debuta’ con 4-0 en contra ,False
train,https://elpais.com/diario/2008/04/11/catalunya/1207876042_850215.html,2008-04-10 22:00:00+00:00,Montilla espera soluciones a la sequía en una semana,True
train,https://elpais.com/diario/1999/02/23/economia/919724404_850215.html,1999-02-22 23:00:00+00:00,Las razones de la protesta de los agricultores,False
train,https://elpais.com/diario/2000/03/12/cvalenciana/952892282_850215.html,2000-03-11 23:00:00+00:00,"La sequía amenaza con agudizar la sobreexplotación de las aguas subterráneas

Las confederaciones adoptarán restricciones de agua a partir del próximo día 15",True
train,https://elpais.com/diario/1997/04/15/economia/861055214_850215.html,1997-04-14 22:00:00+00:00,"La reforma del olivar destruiría en España el equivalente a 74.000 empleos, según UGT",False
train,https://elpais.com/diario/1981/11/27/deportes/375663608_850215.html,1981-11-26 23:00:00+00:00,Todavía no hay vedas anticipadas a causa de la sequía,True
train,https://elpais.com/diario/2005/11/19/espana/1132354816_850215.html,2005-11-18 23:00:00+00:00,Medio Ambiente advierte de que no se ha superado la sequía,True
train,https://elpais.com/diario/2008/05/16/catalunya/1210900042_850215.html,2008-05-15 22:00:00+00:00,Rebelión en ICV de Tarragona por la gestión del agua,True
train,https://elpais.com/diario/2000/04/10/internacional/955317612_850215.html,2000-04-09 22:00:00+00:00,REUTERS La ONU critica la actitud del Ejecutivo etíope ante la hambruna,True
train,https://elpais.com/diario/1999/09/14/andalucia/937261345_850215.html,1999-09-13 22:00:00+00:00,Isabel Tocino asegura que la situación provocada por la sequía no es crítica y arremete contra Vallejo,True
train,https://elpais.com/diario/1995/06/17/sociedad/803340005_850215.html,1995-06-16 22:00:00+00:00,Un bien saqueado,True
train,https://elpais.com/diario/2008/04/07/catalunya/1207530439_850215.html,2008-04-06 22:00:00+00:00,Los municipios barceloneses con chalets gastan el triple de agua que la capital,True
train,https://elpais.com/diario/1983/01/17/economia/411606013_850215.html,1983-01-16 23:00:00+00:00,La sequía amenaza a los beneficiarios del trasvase Tajo-Segura,True
train,https://elpais.com/elpais/2011/06/27/actualidad/1309162619_850215.html,2011-06-27 16:34:00+00:00,"Madrid bate su récord de mínimas con 23,8 grados",False
train,https://elpais.com/diario/2001/10/07/internacional/1002405617_850215.html,2001-10-06 22:00:00+00:00,La crisis mundial hace olvidar la hambruna en Centroamérica,True
train,https://elpais.com/diario/2005/07/13/espana/1121205620_850215.html,2005-07-12 22:00:00+00:00,El PP convoca la Diputación Permanente para tratar la sequía,True
train,https://elpais.com/diario/1992/05/23/portada/706572003_850215.html,1992-05-22 22:00:00+00:00,Agricultores y ganaderos damnificados por la sequía recibirán ayudas económicas,True
train,https://elpais.com/planeta-futuro/red-de-expertos/2022-04-19/el-fin-de-lo-global-y-el-momento-de-lo-local.html,2022-04-19 03:30:00.845000+00:00,El fin de lo global... y el momento de lo local,True
train,https://elpais.com/opinion/2022-02-20/la-gestion-del-agua.html,2022-02-20 04:00:01.120000+00:00,La gestión del agua,True
train,https://elpais.com/diario/2006/09/22/internacional/1158876016_850215.html,2006-09-21 22:00:00+00:00,Un general leal al monarca,False
train,https://elpais.com/ccaa/2019/07/03/madrid/1562160648_172582.html,2019-07-03 15:01:58+00:00,Expulsado un niño con autismo de un campamento municipal de Torrejón de Ardoz,False
train,https://elpais.com/diario/2008/01/18/catalunya/1200622045_850215.html,2008-01-17 23:00:00+00:00,La Generalitat aplaza los posibles cortes de agua doméstica hasta junio,True
train,https://elpais.com/planeta-futuro/2022-10-28/no-tener-acceso-a-agua-potable-supone-la-muerte-en-mas-de-29-paises.html,2022-10-28 03:35:00.267000+00:00,No tener acceso a agua potable supone la muerte en más de 29 países,False
train,https://elpais.com/elpais/2017/11/30/opinion/1512066269_426270.html,2017-12-01 11:38:20+00:00,La crisis del agua,True
train,https://elpais.com/diario/1985/07/22/internacional/490831224_850215.html,1985-07-21 22:00:00+00:00,La gravedad de la crisis  económica revitaliza la OUA,True
train,https://elpais.com/cultura/2016/11/20/actualidad/1479612843_333666.html,2016-11-20 19:32:53+00:00,“El cine debe interrogarse sobre sí mismo”,False
train,https://elpais.com/elpais/2015/05/25/planeta_futuro/1432570441_710035.html,2015-06-01 09:40:54+00:00,Mujeres por la soberanía y la seguridad alimentaria,False
train,https://elpais.com/diario/1994/07/21/opinion/774741608_850215.html,1994-07-20 22:00:00+00:00,Agua: justicia y solidaridad,False
train,https://elpais.com/espana/2022-09-23/la-revuelta-del-riego-toma-leon-contra-los-desembalses-de-agua-destinados-a-portugal.html,2022-09-23 03:00:01.078000+00:00,La revuelta del riego toma León contra los desembalses de agua destinados a Portugal,True
train,https://elpais.com/diario/1982/05/16/economia/390348019_850215.html,1982-05-15 22:00:00+00:00,40.000 solicitudes de ayudas por daños de la sequía,True
train,https://elpais.com/diario/2002/02/26/cvalenciana/1014754697_850215.html,2002-02-25 23:00:00+00:00,La falta de lluvias convierte a 2002 en el año más seco desde 1990,True
train,https://elpais.com/elpais/2017/10/14/opinion/1507997622_145741.html,2017-10-15 15:37:20+00:00,Afrontar la sequía,True
train,https://elpais.com/diario/2005/05/07/andalucia/1115418141_850215.html,2005-05-06 22:00:00+00:00,Saldaña dice que el anillo hídrico de Doñana acaba con la sobreexplotación del Acuífero 27,True
train,https://elpais.com/sociedad/2019/07/22/actualidad/1563798262_670422.html,2019-07-22 14:53:23+00:00,Los alimentos del huerto urbano son seguros para el consumo,False
train,https://elpais.com/ccaa/2012/08/23/catalunya/1345756572_098598.html,2012-08-23 22:41:34+00:00,Arranca la vendimia,True
train,https://elpais.com/diario/2006/04/28/andalucia/1146176543_850215.html,2006-04-27 22:00:00+00:00,El puente más festivo,False
train,https://elpais.com/diario/1995/03/27/madrid/796303473_850215.html,1995-03-26 22:00:00+00:00,La escasez de lluvias ocasiona que la alergia al polen se presente más suave esta primavera,True
train,https://elpais.com/diario/1999/09/21/opinion/937864808_850215.html,1999-09-20 22:00:00+00:00,Lluvia de secano,True
train,https://elpais.com/diario/2002/04/24/espana/1019599215_850215.html,2002-04-23 22:00:00+00:00,100.000 personas protestan contra el Plan  Hidrológico en Zaragoza,False
train,https://elpais.com/diario/1999/09/05/cvalenciana/936559093_850215.html,1999-09-04 22:00:00+00:00,Medio Ambiente completa el programa para evitar la extinción de los cernícalos,False
train,https://elpais.com/elpais/2019/07/04/planeta_futuro/1562233972_183006.html,2019-07-05 06:57:16+00:00,El monzón de India evidencia los efectos del cambio climático,True
train,https://elpais.com/deportes/2021-04-07/todas-las-cabalas-de-la-euroliga.html,2021-04-07 16:37:49.825000+00:00,Todas las cábalas de la Euroliga,False
train,https://elpais.com/planeta-futuro/red-de-expertos/2022-10-04/tres-medidas-para-evitar-una-crisis-alimentaria.html,2022-10-04 03:30:00.698000+00:00,Tres medidas para evitar una crisis alimentaria,True
train,https://elpais.com/cultura/2020/01/23/actualidad/1579735279_046999.html,2020-01-23 20:10:35+00:00,Peces fuera del agua,False
train,https://elpais.com/clima-y-medio-ambiente/2020-11-10/esta-presa-lleva-construida-mas-de-20-anos-y-nunca-se-ha-utilizado.html,2020-11-10 23:30:00+00:00,Esta presa lleva construida más de 20 años y nunca se ha utilizado,False
train,https://elpais.com/elpais/2019/03/22/planeta_futuro/1553276712_118515.html,2019-04-05 06:36:32+00:00,Cómo la contaminación y los gases de efecto invernadero afectan ya al Sahel,True
train,https://elpais.com/ccaa/2012/08/07/andalucia/1344371251_429811.html,2012-08-07 22:02:43+00:00,Andalucía vuelve a pedir un PER especial por los efectos de la sequía,True
train,https://elpais.com/diario/2007/10/03/cvalenciana/1191439079_850215.html,2007-10-02 22:00:00+00:00,Rambla defiende la política de trasvases contra la sequía en la UE,True
train,https://elpais.com/diario/1976/08/07/espana/208216812_850215.html,1976-08-06 22:00:00+00:00,El Ayuntamiento de Vigo desmiente la posibilidad de peligro sanitario,True
train,https://elpais.com/deportes/2016/01/15/actualidad/1452886290_054660.html,2016-01-15 22:29:00+00:00,"Neymar, feliz en la tormenta",False
train,https://elpais.com/espana/madrid/2021-03-24/ocho-de-cada-diez-zonas-de-salud-de-madrid-presenta-un-riesgo-alto-o-muy-alto-de-covid.html,2021-03-24 08:28:13.559000+00:00,Ocho de cada diez zonas de salud de Madrid presenta un riesgo alto o muy alto de covid,False
train,https://elpais.com/diario/2002/08/11/sociedad/1029016806_850215.html,2002-08-10 22:00:00+00:00,Cortes en las cuencas del Ebro y Duero,True
train,https://elpais.com/ccaa/2012/11/28/valencia/1354123892_714847.html,2012-11-28 17:36:46+00:00,Europa incluye un antiinflamatorio entre las sustancias peligrosas en el agua,False
train,https://elpais.com/deportes/2011/11/12/actualidad/1321086120_850215.html,2011-11-12 17:22:00+00:00,Federer ya es Federer,False
train,https://elpais.com/diario/2008/09/26/cvalenciana/1222456681_850215.html,2008-09-25 22:00:00+00:00,El Gobierno decretará ayudas urgentes para los afectados por la lluvia en Sueca,False
train,https://elpais.com/economia/2022-11-17/los-altos-precios-de-los-fertilizantes-amenazan-la-nueva-cosecha-de-cereal.html,2022-11-17 04:45:00.466000+00:00,Los altos precios de los fertilizantes amenazan la nueva cosecha de cereal,True
train,https://elpais.com/sociedad/2014/05/22/actualidad/1400771922_130152.html,2014-05-22 17:25:23+00:00,El calentamiento global ha desplazado a 144 millones de personas en cinco años,True
train,https://elpais.com/diario/1998/12/08/cvalenciana/913148292_850215.html,1998-12-07 23:00:00+00:00,"El temporal ha  beneficiado a los cultivos agrícolas, según la Unió",True
train,https://elpais.com/diario/1981/02/20/internacional/351471614_850215.html,1981-02-19 23:00:00+00:00,Graves dificultades económicas y sociales en Marruecos a consecuencia de la sequía,True
train,https://elpais.com/diario/2008/02/07/catalunya/1202350038_850215.html,2008-02-06 23:00:00+00:00,Barcelona riega calles con agua potable pese a la situación de emergencia,True
train,https://elpais.com/diario/1999/06/28/sociedad/930520808_850215.html,1999-06-27 22:00:00+00:00,Meteorología prevé que 1999 será uno de los años más secos del siglo,True
train,https://elpais.com/deportes/2019/09/14/actualidad/1568489775_023013.html,2019-09-14 19:39:46+00:00,"Simeone: “Me preocupa todo, no solo los goles”",False
train,https://elpais.com/diario/2005/10/30/madrid/1130671456_850215.html,2005-10-29 22:00:00+00:00,Los pantanos incrementan sus reservas por primera vez en seis meses,True
train,https://elpais.com/elviajero/2016/02/19/actualidad/1455898654_775943.html,2016-03-01 16:00:38+00:00,"La Molina, un parque de atracciones en la montaña",False
train,https://elpais.com/diario/2008/04/03/catalunya/1207184841_850215.html,2008-04-02 22:00:00+00:00,Barcelona necesita más camiones cuba para cargar agua freática,True
train,https://elpais.com/diario/2006/05/20/sociedad/1148076006_850215.html,2006-05-19 22:00:00+00:00,El Gobierno aprueba la ley que cede la gestión de los parques nacionales,False
train,https://elpais.com/deportes/2019/03/16/actualidad/1552756184_464433.html,2019-03-17 19:37:30+00:00,El rey del pase es Mandi,False
train,https://elpais.com/diario/1995/10/17/sociedad/813884401_850215.html,1995-10-16 23:00:00+00:00,La sequía pone en peligro la estabilidad de numerosos edificios en Murcia,True
train,https://elpais.com/deportes/2021-10-22/el-clasico-tambien-se-juega-en-paris.html,2021-10-22 15:46:19.979000+00:00,El clásico también se juega en París,False
train,https://elpais.com/diario/1981/11/24/ultima/375404406_850215.html,1981-11-23 23:00:00+00:00,Vicente Proaño,True
train,https://elpais.com/diario/1999/09/07/andalucia/936656538_850215.html,1999-09-06 22:00:00+00:00,El PP acusa a la Junta de invertir sólo el 10% de lo previsto en obras hidráulicas,True
train,https://elpais.com/diario/2008/03/25/catalunya/1206410838_850215.html,2008-03-24 23:00:00+00:00,Barcelona se inhibe en la elaboración del plan de choque contra la sequía,True
train,https://elpais.com/diario/2006/01/08/eps/1136705209_850215.html,2006-01-08 16:00:00+00:00,Día a día del cambio climático,True
train,https://elpais.com/diario/2006/12/15/galicia/1166181499_850215.html,2006-12-14 23:00:00+00:00,Un perito elegido por sorteo evaluará el estado del «Prestige» cuando naufragó,False
train,https://elpais.com/diario/1979/07/04/economia/299887218_850215.html,1979-07-03 22:00:00+00:00,Iniciada la negociación para reestructurar el olivar,False
train,https://elpais.com/diario/1983/02/07/espana/413420407_850215.html,1983-02-06 23:00:00+00:00,"Salvatierra de Santiago y Fuente de Cantos, la costumbre de vivir bajo la «ley seca»",True
train,https://elpais.com/deportes/2019/12/19/actualidad/1576779799_794569.html,2019-12-19 18:40:46+00:00,"Equipo Movistar, generación X",False
train,https://elpais.com/diario/1993/01/12/espana/726793214_850215.html,1993-01-11 23:00:00+00:00,"Más de un	millón de habitantes de Sevilla, afectados por cortes de agua durante 12 horas",True
train,https://elpais.com/diario/2008/01/11/cvalenciana/1200082685_850215.html,2008-01-10 23:00:00+00:00,Bruselas avala el informe de Camps sobre los trasvases,True
train,https://elpais.com/diario/2007/04/11/sociedad/1176242401_850215.html,2007-04-10 22:00:00+00:00,El mar subirá medio metro en España por el cambio climático,True
train,https://elpais.com/diario/2005/07/02/catalunya/1120266445_850215.html,2005-07-01 22:00:00+00:00,La escasez de agua y el ruido preocupan cada vez más a los barceloneses,True
train,https://elpais.com/diario/1994/02/19/deportes/761612408_850215.html,1994-02-18 23:00:00+00:00,Números rojos,False
train,https://elpais.com/diario/1984/05/18/espana/453679227_850215.html,1984-05-17 22:00:00+00:00,"Un niño de ocho años, disminuido psíquico, muere ahogado cuando hacía rehabilitación en el agua",False
train,https://elpais.com/elpais/2018/06/15/ciencia/1529055425_973863.html,2018-06-23 10:09:59+00:00,Las espectaculares escenas de aves que preludian una crisis ambiental,True
train,https://elpais.com/eps/2022-11-27/al-fondo-invisibles-las-piramides.html,2022-11-27 04:00:00.456000+00:00,"Al fondo, invisibles, las pirámides",False
train,https://elpais.com/deportes/2021-01-19/laporta-exige-garantias-a-la-gestora-para-evitar-impugnaciones.html,2021-01-19 12:55:33.934000+00:00,Los socios del Barça podrán votar por correo,False
train,https://elpais.com/clima-y-medio-ambiente/2022-09-24/gobierno-y-junta-de-andalucia-se-unen-para-evitar-otra-sancion-millonaria-por-el-desastre-de-la-gestion-del-agua-en-donana.html,2022-09-24 03:30:01.090000+00:00,Gobierno y Junta de Andalucía se unen para evitar otra sanción millonaria por el desastre de la gestión del agua en Doñana,True
train,https://elpais.com/diario/1995/01/24/economia/790902001_850215.html,1995-01-23 23:00:00+00:00,Atienza pide a la UE ayudas para contrarrestar los efectos de la sequía,True
train,https://elpais.com/diario/2005/07/27/madrid/1122463462_850215.html,2005-07-26 22:00:00+00:00,La Comunidad culpa al Gobierno,True
train,https://elpais.com/sociedad/2012/03/04/actualidad/1330890297_920791.html,2012-03-04 19:47:15+00:00,Mucha pista para tan poca nieve,True
train,https://elpais.com/economia/2017/01/15/actualidad/1484507581_687784.html,2017-01-16 11:08:35+00:00,Las heladas arrasan los cultivos hortícolas en la UE y disparan los precios,False
train,https://elpais.com/diario/2000/09/25/catalunya/969844043_850215.html,2000-09-24 22:00:00+00:00,Sant Feliu de Buixalleu culpa a las embotelladoras de secar sus pozos,True
train,https://elpais.com/diario/2010/08/06/internacional/1281045605_850215.html,2010-08-06 05:00:00+00:00,La sequía y los incendios diezman los cultivos de cereales en Rusia,True
train,https://elpais.com/elpais/2016/04/12/planeta_futuro/1460471198_651618.html,2016-04-13 19:18:51+00:00,El Niño’ se zampa las cosechas de Guatemala,True
train,https://elpais.com/diario/2008/11/12/catalunya/1226455649_850215.html,2008-11-11 23:00:00+00:00,"Los agricultores de Girona han perdido 4,8 millones por la sequía",True
train,https://elpais.com/ccaa/2012/08/22/catalunya/1345665018_021931.html,2012-08-22 22:15:19+00:00,Recoder activará un plan antisequía si no llueve antes de otoño,True
train,https://elpais.com/diario/1999/06/18/andalucia/929658134_850215.html,1999-06-17 22:00:00+00:00,Freshuelva exige a la Administración que dé soluciones a la sequía,True
train,https://elpais.com/diario/2005/07/15/espana/1121378418_850215.html,2005-07-14 22:00:00+00:00,Madrid prohíbe el baldeo de calles y el riego de la mayoría de parques,True
train,https://elpais.com/diario/1995/01/30/deportes/791420438_850215.html,1995-01-29 23:00:00+00:00,El Rayo no admite la derrota,False
train,https://elpais.com/politica/2018/01/09/actualidad/1515481041_794479.html,2018-01-09 18:56:02+00:00,"Un nuevo frente trae más frío, nieve, precipitaciones y heladas",False
train,https://elpais.com/diario/2006/03/16/cvalenciana/1142540288_850215.html,2006-03-15 23:00:00+00:00,La comisión de la sequía constata un 35% menos de reserva de agua,True
train,https://elpais.com/clima-y-medio-ambiente/2022-11-07/cumbre-del-clima-25-paises-y-20-organizaciones-apoyan-la-alianza-global-contra-la-sequia-lanzada-por-espana-y-senegal.html,2022-11-07 16:33:45.618000+00:00,Cumbre del clima: 30 países y 20 organizaciones apoyan la alianza global contra la sequía lanzada por España y Senegal,True
train,https://elpais.com/diario/2005/09/07/catalunya/1126055238_850215.html,2005-09-06 22:00:00+00:00,21.000 rayos cruzan el cielo en menos de 24 horas,False
train,https://elpais.com/diario/2005/10/01/catalunya/1128128848_850215.html,2005-09-30 22:00:00+00:00,Los agricultores reclaman ayudas por la sequía,True
train,https://elpais.com/diario/2008/08/26/andalucia/1219702925_850215.html,2008-08-25 22:00:00+00:00,La sequía obligará a ampliar las restricciones de agua en el campo,True
train,https://elpais.com/diario/1997/07/31/economia/870300013_850215.html,1997-07-30 22:00:00+00:00,La multa por el aceite sube a 8.000 millones,False
train,https://elpais.com/planeta-futuro/2022-10-19/el-cambio-climatico-ya-empeora-la-salud-y-las-migraciones-en-africa.html,2022-10-19 00:00:01.385000+00:00,El cambio climático ya empeora la salud y las migraciones en África,True
train,https://elpais.com/elpais/2017/09/18/opinion/1505756452_199052.html,2017-09-18 17:55:54+00:00,La sequía,True
train,https://elpais.com/diario/1989/11/20/espana/627519610_850215.html,1989-11-19 23:00:00+00:00,Alarma en Andalucía ante el temporal de viento y lluvia,False
train,https://elpais.com/diario/1982/09/29/espana/402102002_850215.html,1982-09-28 23:00:00+00:00,Aumento espectacular del endeudamiento del sector agrario a consecuencia de la prolongada sequia,True
train,https://elpais.com/diario/2008/05/18/catalunya/1211072850_850215.html,2008-05-17 22:00:00+00:00,«Una ciudad moderna no puede vivir con restricciones de agua»,True
train,https://elpais.com/diario/1999/08/11/cvalenciana/934399081_850215.html,1999-08-10 22:00:00+00:00,Los agricultores de La Vega Baja piden un riego de socorro para septiembre,True
train,https://elpais.com/diario/2008/01/08/galicia/1199791091_850215.html,2008-01-07 23:00:00+00:00,La Xunta alerta de sequía hasta verano tras el otoño menos lluvioso en 50 años,True
train,https://elpais.com/diario/2008/02/12/espana/1202770819_850215.html,2008-02-11 23:00:00+00:00,La Confederación del Ebro pide al Gobierno un decreto contra la sequía,True
train,https://elpais.com/diario/2005/06/26/cvalenciana/1119813486_850215.html,2005-06-25 22:00:00+00:00,El Gobierno destina más de 700 millones a paliar los efectos de la sequía,True
train,https://elpais.com/diario/2008/03/13/catalunya/1205374039_850215.html,2008-03-12 23:00:00+00:00,Sin multas por despiste,True
train,https://elpais.com/diario/2004/06/07/economia/1086559207_850215.html,2004-06-06 22:00:00+00:00,Rebajada la fiscalidad agraria por la ola de calor de 2003,True
train,https://elpais.com/diario/2008/05/21/catalunya/1211332040_850215.html,2008-05-20 22:00:00+00:00,Oriol Pujol califica al Gobierno de «casa de putas»,True
train,https://elpais.com/diario/2005/06/11/opinion/1118440806_850215.html,2005-06-10 22:00:00+00:00,Sequía,True
train,https://elpais.com/elpais/2018/03/21/buenavida/1521635343_073414.html,2018-03-22 11:15:40+00:00,Por qué el agua no es el nuevo petróleo (por suerte),True
train,https://elpais.com/diario/2011/10/18/catalunya/1318900048_850215.html,2011-10-18 05:00:00+00:00,Els Muntanyans se queda seco en otoño,True
train,https://elpais.com/ccaa/2019/03/27/catalunya/1553720579_052813.html,2019-03-27 23:24:35+00:00,Mal Pelo: “Bailar las Goldberg es muy emocionante”,False
train,https://elpais.com/ccaa/2017/01/11/madrid/1484127753_525737.html,2017-01-11 14:22:32+00:00,El tráfico en Gran Vía se redujo un 43% en los días de cierre,False
train,https://elpais.com/elpais/2020/02/13/gente/1581620971_043377.html,2020-02-13 19:57:33+00:00,"Muere Cristina de Borbón von Handenberg, hija del duque de Sevilla, a los 44 años",False
train,https://elpais.com/diario/1990/01/03/espana/631321202_850215.html,1990-01-02 23:00:00+00:00,Todo seguirá igual en el tercio norte,True
train,https://elpais.com/ccaa/2012/04/13/galicia/1334318756_834886.html,2012-04-13 12:05:56+00:00,Cientos de ganaderos protestan ante San Caetano para reclamar ayudas,True
train,https://elpais.com/diario/1989/02/10/espana/603068408_850215.html,1989-02-09 23:00:00+00:00,Arde la España verde,True
train,https://elpais.com/diario/1985/10/07/espana/497487626_850215.html,1985-10-06 23:00:00+00:00,El Gobierno regional expone en un informe su preocupación por la prolongada sequía,True
train,https://elpais.com/diario/1981/08/29/espana/367884025_850215.html,1981-08-28 22:00:00+00:00,"23 pueblos, en situación de «alerta roja» por la sequía",True
train,https://elpais.com/deportes/2022-05-11/nadal-se-engrasa-ante-isner-en-roma.html,2022-05-11 13:52:03.744000+00:00,Nadal se engrasa ante Isner en Roma,False
train,https://elpais.com/diario/1995/05/13/economia/800316005_850215.html,1995-05-12 22:00:00+00:00,El Gobierno aprobó ayudas para 14 millones de hectáreas afectadas por la sequía,True
train,https://elpais.com/diario/2005/11/05/andalucia/1131146548_850215.html,2005-11-04 23:00:00+00:00,La Confederación  del Guadalquivir analiza el decreto que permitirá medidas excepcionales por la sequía,True
train,https://elpais.com/diario/1999/03/02/madrid/920377461_850215.html,1999-03-01 23:00:00+00:00,El vecino de Colmenar que sufrió el ataque de un perro pitbull mejora en La Paz,False
train,https://elpais.com/diario/1996/06/03/economia/833752805_850215.html,1996-06-02 22:00:00+00:00,AgricuItura renegociará con bancos y cajas los créditos por sequía,True
train,https://elpais.com/diario/1976/06/19/economia/203983223_850215.html,1976-06-18 22:00:00+00:00,Grave sequía en 15 provincias españolas,True
train,https://elpais.com/diario/2008/04/04/catalunya/1207271243_850215.html,2008-04-03 22:00:00+00:00,Los trucos para ahorrar agua,True
train,https://elpais.com/elpais/2008/09/29/actualidad/1222676220_850215.html,2008-09-29 11:39:00+00:00,La Unidad Militar de Emergencias viaja a Ceuta,False
train,https://elpais.com/diario/2006/04/19/madrid/1145445856_850215.html,2006-04-18 22:00:00+00:00,"PP, PSOE e IU se reúnen para hablar de la sequía y la Ley del Suelo",True
train,https://elpais.com/diario/2006/07/06/cvalenciana/1152213477_850215.html,2006-07-05 22:00:00+00:00,Narbona insiste en que el Consell debe involucrarse en paliar la sequía,True
train,https://elpais.com/mexico/2022-06-16/voces-de-tres-regiones-y-un-mismo-reto-la-crisis-del-agua.html,2022-06-16 01:50:29.136000+00:00,Voces de tres regiones y un mismo reto: la crisis del agua,True
train,https://elpais.com/diario/1984/06/14/madrid/456060254_850215.html,1984-06-13 22:00:00+00:00,La subida del agua,False
train,https://elpais.com/internacional/2015/01/29/actualidad/1422568602_158351.html,2015-01-30 04:22:28+00:00,São Paulo cortará el agua cinco días a la semana si persiste la sequía,True
train,https://elpais.com/diario/1999/08/05/andalucia/933805338_850215.html,1999-08-04 22:00:00+00:00,UPA cree que el campo dejará de ganar 376.974 millones,True
train,https://elpais.com/espana/madrid/2020-04-21/el-vertigo-de-los-caseros-turisticos-alquilar-es-un-acto-de-fe.html,2020-04-21 22:30:49.008000+00:00,El vértigo de los caseros turísticos: “Alquilar es un acto de fe” ,False
train,https://elpais.com/espana/catalunya/2022-08-12/los-barceloneses-consumen-25-litros-de-agua-menos-al-dia-que-hace-20-anos.html,2022-08-12 04:03:02.489000+00:00,Los barceloneses consumen 29 litros de agua menos al día que hace 20 años,True
train,https://elpais.com/diario/1983/10/10/madrid/434636655_850215.html,1983-10-09 23:00:00+00:00,Madrid se prepara para sufrir las más importantes restricciones de suministro de agua en lo que va de siglo,True
train,https://elpais.com/gente/2020-12-10/la-navidad-llega-a-casa-de-los-famosos-en-forma-de-arbol.html,2020-12-10 23:30:00+00:00,La Navidad llega a casa de los famosos en forma de árbol,False
train,https://elpais.com/cultura/2020/01/08/babelia/1578509784_672129.html,2020-01-09 23:45:56+00:00,Mad Max ya no transcurre en el futuro,True
train,https://elpais.com/opinion/2022-07-17/derechos-de-autor.html,2022-07-17 03:00:01.014000+00:00,Derechos de autor,False
train,https://elpais.com/elpais/2018/03/21/planeta_futuro/1521642538_061566.html,2018-03-21 23:01:08+00:00,Clases de agua a los campesinos más aislados,True
train,https://elpais.com/diario/1983/01/21/espana/411951622_850215.html,1983-01-20 23:00:00+00:00,Suspendido temporalmente el trasvase de aguas del Tajo al Segura,True
train,https://elpais.com/diario/2008/04/04/catalunya/1207271240_850215.html,2008-04-03 22:00:00+00:00,Los empresarios piden que temas clave como el del agua queden fuera de la pugna política,True
train,https://elpais.com/clima-y-medio-ambiente/2021-08-13/esta-ola-de-calor-es-una-muestra-de-lo-que-vendra.html,2021-08-13 02:26:35.253000+00:00,“Esta ola de calor es una muestra de lo que vendrá”,True
train,https://elpais.com/diario/1986/11/26/economia/533343613_850215.html,1986-11-25 23:00:00+00:00,El Gobierno de Brasil liberaliza los precios y mantiene el control de los salarios,True
train,https://elpais.com/diario/1996/05/08/madrid/831554654_850215.html,1996-05-07 22:00:00+00:00,La sequía aumentó el consumo de agua y disparó los beneficios del Canal,True
train,https://elpais.com/diario/1981/04/02/economia/355010411_850215.html,1981-04-01 22:00:00+00:00,El Gobierno destina 46.000 millones de pesetas para paliar los efectos de la sequía,True
train,https://elpais.com/diario/2001/08/05/internacional/996962405_850215.html,2001-08-04 22:00:00+00:00,La grave sequía en Centroamérica afecta a más de un millón de personas,True
train,https://elpais.com/diario/1981/02/08/espana/350434824_850215.html,1981-02-07 23:00:00+00:00,Agotadas las reservas de agua en Badajoz,True
train,https://elpais.com/diario/1992/08/18/madrid/714137055_850215.html,1992-08-17 22:00:00+00:00,Descartadas las restricciones de agua este verano,True
train,https://elpais.com/diario/1999/08/21/cvalenciana/935263088_850215.html,1999-08-20 22:00:00+00:00,El PSPV critica el retraso de las ayudas a la sequía,True
train,https://elpais.com/deportes/2022-07-23/mick-schumacher-mas-ralf-que-michael.html,2022-07-23 16:42:04.201000+00:00,"Mick Schumacher, más Ralf que Michael",False
train,https://elpais.com/diario/2005/06/06/espana/1118008830_850215.html,2005-06-05 22:00:00+00:00,Portugal reclama a España seis millones de euros por el bajo caudal del Duero,True
train,https://elpais.com/diario/1992/12/02/internacional/723250817_850215.html,1992-12-01 23:00:00+00:00,Las tragedias silenciosas de África,True
train,https://elpais.com/diario/1992/05/19/cultura/706226423_850215.html,1992-05-18 22:00:00+00:00,El decreto contra la sequía deberá incluir 5.000 millones en obras urgentes,True
train,https://elpais.com/diario/1981/07/18/economia/364255210_850215.html,1981-07-17 22:00:00+00:00,"25.000 millones, para paliar la sequía",True
train,https://elpais.com/ccaa/2014/05/09/valencia/1399630205_886924.html,2014-05-09 10:21:20+00:00,"Alicante vive una sequía “histórica” y “sahariana”, según los expertos",True
train,https://elpais.com/clima-y-medio-ambiente/2021-09-28/el-riesgo-de-quiebra-hidrica-de-iran-no-todo-es-culpa-del-cambio-climatico.html,2021-09-28 11:21:55.102000+00:00,El riesgo de quiebra hídrica de Irán: no todo es culpa del cambio climático,True
train,https://elpais.com/diario/2006/11/15/espana/1163545206_850215.html,2006-11-14 23:00:00+00:00,El Ayuntamiento de Murcia utiliza en plena sequía unos 200 pozos ilegales para regar los jardines municipales,True
train,https://elpais.com/sociedad/2013/04/10/actualidad/1365600582_903580.html,2013-04-10 18:23:40+00:00,Texas pide a México a que le dé agua para salvaguardar sus cultivos,True
train,https://elpais.com/diario/2010/06/06/internacional/1275775202_850215.html,2010-06-06 05:00:00+00:00,"Agresores, víctimas e incomprendidos",False
train,https://elpais.com/diario/1977/01/05/espana/221266810_850215.html,1977-01-04 23:00:00+00:00,La Palma desaprovecha el agua,True
train,https://elpais.com/deportes/2017/01/29/actualidad/1485726106_873838.html,2017-01-29 22:56:44+00:00,Zidane: “Hemos vuelto a lo nuestro”,False
train,https://elpais.com/diario/1981/03/13/espana/353286029_850215.html,1981-03-12 23:00:00+00:00,El Tribunal de las Aguas solicita rogativas al obispo,True
train,https://elpais.com/diario/1989/09/06/portada/621036001_850215.html,1989-09-05 22:00:00+00:00,De la sequía a las inundaciones.,False
train,https://elpais.com/diario/1992/07/30/opinion/712447206_850215.html,1992-07-29 22:00:00+00:00,Los parques y la sequía,False
train,https://elpais.com/diario/2002/12/26/portada/1040857205_850215.html,2002-12-26 01:19:00+00:00,El Rey pide una sociedad unida para afrontar la catástrofe del «Prestige»,False
train,https://elpais.com/elpais/2018/07/16/escaparate/1531735721_947527.html,2018-07-17 16:19:45+00:00,Amazon Prime Day 2018: las mejores ofertas en artículos para bebés y niños,False
train,https://elpais.com/economia/2019/11/15/actualidad/1573839038_147284.html,2019-11-15 21:21:00+00:00,Toys “R” Us confía dejar atrás las pérdidas tras renovar su modelo de negocio,False
train,https://elpais.com/babelia/2022-10-01/los-noventa-fueron-un-tiempo-facil-para-estar-vivo.html,2022-10-01 03:30:00.368000+00:00,"Wolfgang Tillmans, en busca de la juventud perdida",False
train,https://elpais.com/internacional/2015/08/18/actualidad/1439916926_617467.html,2015-08-19 15:29:28+00:00,La captación de lluvia como alternativa ante la crisis del agua,False
train,https://elpais.com/economia/negocios/2023-01-08/hernan-kazah-mercadolibre-la-tecnologia-puede-ayudar-a-america-latina-en-su-desarrollo.html,2023-01-07 16:30:00.359000+00:00,Hernán Kazah (MercadoLibre): “La tecnología puede ayudar a América Latina en  su desarrollo”,False
train,https://elpais.com/diario/2008/01/26/catalunya/1201313252_850215.html,2008-01-25 23:00:00+00:00,La sequía que padece Cataluña es la peor de los últimos 50 años,True
train,https://elpais.com/deportes/2021-05-07/el-elche-aguanta-72-minutos-el-asedio-de-la-real.html,2021-05-07 21:19:36.315000+00:00,El Elche aguanta 72 minutos el asedio de la Real Sociedad,False
train,https://elpais.com/diario/2008/04/12/catalunya/1207962442_850215.html,2008-04-11 22:00:00+00:00,Jaque de la sequía a la tierra batida,True
train,https://elpais.com/sociedad/2019/07/20/actualidad/1563639192_127080.html,2019-07-20 22:23:06+00:00,El capitán del ‘Rainbow Warrior’: “Estamos en un punto en que podemos destrozar el mundo o salvarlo”,False
train,https://elpais.com/espana/catalunya/2022-11-02/barcelona-vuelve-a-batir-record-de-noches-tropicales-132-a-mas-de-20-grados.html,2022-11-02 18:38:21.176000+00:00,Barcelona vuelve a batir récord de noches tropicales: 132 a más de 20 grados,False
train,https://elpais.com/diario/2004/09/17/espana/1095372022_850215.html,2004-09-16 22:00:00+00:00,El Gobierno pacta con las cofradías vascas los costes del «Prestige»,False
train,https://elpais.com/diario/2006/09/03/andalucia/1157235723_850215.html,2006-09-02 22:00:00+00:00,Las medidas excepcionales se intensificarán en Málaga,True
train,https://elpais.com/deportes/2020/02/19/actualidad/1582121043_938814.html,2020-02-19 14:40:14+00:00,El Manchester City defiende su inocencia,False
train,https://elpais.com/internacional/2017/04/07/actualidad/1491592179_189620.html,2017-04-08 00:52:44+00:00,California declara oficialmente el fin de la sequía tras cinco años de emergencia,True
train,https://elpais.com/elviajero/2020/09/07/actualidad/1599489171_765767.html,2020-09-08 22:23:49+00:00,Palacios y murallas a la luz de la luna,False
train,https://elpais.com/diario/2006/09/30/espana/1159567221_850215.html,2006-09-29 22:00:00+00:00,El Segura se queda sin caudal del Tajo por primera vez en 26 años,True
train,https://elpais.com/diario/1981/11/06/deportes/373849216_850215.html,1981-11-05 23:00:00+00:00,La sequía afectará gravemente a la trucha,True
train,https://elpais.com/diario/1976/09/23/madrid/212325855_850215.html,1976-09-22 22:00:00+00:00,Madrid no registrará restricciones de agua ni elevaciones de tarifas,True
train,https://elpais.com/cultura/2021-08-01/guerra-civil-en-el-hay-festival-tras-la-dimision-de-su-fundador.html,2021-08-01 16:40:22.694000+00:00,Crisis en el Hay Festival por la dimisión de su fundador ,False
train,https://elpais.com/internacional/2020/06/23/mundo_global/1592927922_741641.html,2020-06-24 09:35:35+00:00,101 kilos más a causa del confinamiento,False
train,https://elpais.com/diario/2005/08/03/paisvasco/1123098010_850215.html,2005-08-02 22:00:00+00:00,«Los políticos tienen miedo a gestionar el agua a largo plazo»,False
train,https://elpais.com/diario/1999/07/04/sociedad/931039208_850215.html,1999-07-03 22:00:00+00:00,El alto riesgo de incendios pone en alerta a las comunidades,True
train,https://elpais.com/deportes/2016/12/10/actualidad/1481410469_064145.html,2016-12-11 04:16:31+00:00,Marc Gasol y los Grizzlies les dan un baño a los Warriors,False
train,https://elpais.com/deportes/2022-08-26/joaquin-es-inscrito-y-el-betis-lider.html,2022-08-26 22:32:40.741000+00:00,"Joaquín es inscrito y el Betis, líder",False
train,https://elpais.com/ccaa/2013/06/13/andalucia/1371152009_171588.html,2013-06-13 19:45:17+00:00,Cientos de manifestantes exigen al Gobierno un plan de empleo urgente,False
train,https://elpais.com/diario/1999/01/25/cvalenciana/917295496_850215.html,1999-01-24 23:00:00+00:00,La escasez de lluvias hace de 1998 el año más seco del siglo en LAlacantí,True
train,https://elpais.com/diario/2005/09/15/catalunya/1126746438_850215.html,2005-09-14 22:00:00+00:00,Discrepancias en el Gobierno retrasan la aprobación del decreto de sequía,True
train,https://elpais.com/ccaa/2017/12/28/galicia/1514480133_057692.html,2017-12-28 18:25:53+00:00,La Xunta acelerará el trasvase del río Verdugo pese a las últimas lluvias,True
train,https://elpais.com/escaparate/2022-07-01/con-este-stick-antibrillos-de-revlon-es-posible-eliminar-de-una-pasada-el-exceso-de-sudor-y-grasa-en-la-cara.html,2022-07-01 22:00:00.263000+00:00,Con este ‘stick’ antibrillos de Revlon es posible eliminar de una pasada el exceso el sudor y grasa en la cara ,False
train,https://elpais.com/espana/catalunya/2022-02-21/la-prealerta-por-sequia-afecta-ya-al-73-de-catalanes.html,2022-02-21 19:33:27.573000+00:00,La prealerta por sequía afecta ya al área metropolitana de Barcelona,True
train,https://elpais.com/diario/2009/12/29/galicia/1262085489_850215.html,2009-12-29 06:00:00+00:00,El Gobierno permite a Iberdrola horadar de nuevo los Cañones del Sil,False
train,https://elpais.com/diario/1995/09/19/economia/811461609_850215.html,1995-09-18 22:00:00+00:00,Bruselas acepta destinar 45.000 millones a riesgos climáticos en el campo,True
train,https://elpais.com/gente/2021-11-02/marina-carmona-cuando-mis-padres-pasaron-una-pequena-crisis-no-podia-ni-encender-la-television.html,2021-11-02 04:20:00+00:00,Marina Carmona: “Cuando mis padres pasaron una pequeña crisis no podía ni encender la televisión” ,False
train,https://elpais.com/economia/2017/03/06/vivienda/1488813550_764569.html,2017-03-06 15:30:12+00:00,"Las ejecuciones hipotecarias sobre viviendas habituales bajan un 30,9% en 2016",False
train,https://elpais.com/politica/2017/11/23/actualidad/1511449321_493872.html,2017-11-25 21:44:04+00:00,Grietas donde había agua,True
train,https://elpais.com/diario/1999/05/18/catalunya/926989655_850215.html,1999-05-17 22:00:00+00:00,Los socialistas presentan una proposición no de ley para evitar que Barcelona tenga «agua de peaje»,False
train,https://elpais.com/eps/2022-08-10/espana-no-solo-se-quema-se-seca-ocho-anos-de-sequia-en-las-tablas-de-daimiel.html,2022-08-10 03:40:01.158000+00:00,"España no solo se quema, se seca: ocho años de sequía en las tablas de Daimiel",True
train,https://elpais.com/elpais/2019/09/16/gente/1568622181_346982.html,2019-09-16 08:42:13+00:00,Cristiano Ronaldo sobre la acusación de agresión sexual: “Me sentí avergonzado”,False
train,https://elpais.com/diario/2007/10/20/andalucia/1192832537_850215.html,2007-10-19 22:00:00+00:00,La lluvia provoca en Almería el colapso del tráfico e inundaciones,False
train,https://elpais.com/diario/2007/11/08/catalunya/1194487657_850215.html,2007-11-07 23:00:00+00:00,Cataluña vive una de las peores sequías,True
train,https://elpais.com/diario/1992/08/13/opinion/713656809_850215.html,1992-08-12 22:00:00+00:00,"Contra sequía, imaginación",True
train,https://elpais.com/diario/2008/04/22/catalunya/1208826448_850215.html,2008-04-21 22:00:00+00:00,Las ventas de los floricultores se desploman el 50%,True
train,https://elpais.com/economia/2016/07/29/actualidad/1469804173_857626.html,2016-07-29 15:28:47+00:00,Amazon y Facebook superan a ExxonMobil en valor bursátil,False
train,https://elpais.com/politica/2019/05/27/actualidad/1558976922_136404.html,2019-05-28 11:17:18+00:00,En el aire el gobierno de cinco comunidades,False
train,https://elpais.com/deportes/2019/12/12/actualidad/1576176096_397100.html,2019-12-12 22:09:16+00:00,El Real Madrid prolonga su racha en la Euroliga,False
train,https://elpais.com/elviajero/2022/05/23/actualidad/1653303200_918181.html,2022-05-23 22:25:31+00:00,"24 horas en Baños de la Encina, la seducción de uno de los pueblos más bonitos de Jaén",False
train,https://elpais.com/espana/catalunya/2022-02-04/la-economia-catalana-se-dispara-un-59-en-2021.html,2022-02-04 12:19:55.783000+00:00,La pandemia dispara un 56% la recaudación del impuesto de Sucesiones en Cataluña,False
train,https://elpais.com/mexico/2022-04-09/semana-santa-seis-destinos-en-el-centro-de-mexico-para-conocer-en-un-fin-de-semana.html,2022-04-09 19:51:37.686000+00:00,Semana Santa 2022: seis destinos en el centro de México para conocer en un fin de semana,False
train,https://elpais.com/deportes/2016/02/11/actualidad/1455183098_134828.html,2016-02-13 13:20:08+00:00,El milagro del soldado duró 48 horas,False
train,https://elpais.com/cultura/2016/12/28/actualidad/1482919725_674741.html,2016-12-28 11:50:47+00:00,Los mejores momentos de la princesa Leia en ‘Star Wars’,False
train,https://elpais.com/diario/2008/06/04/catalunya/1212541639_850215.html,2008-06-03 22:00:00+00:00,La Generalitat ya ha gastado 526 millones para paliar la sequía,True
train,https://elpais.com/diario/2008/05/07/catalunya/1210122446_850215.html,2008-05-06 22:00:00+00:00,El Gobierno de Aragón considera que la cesión no es un trasvase,False
train,https://elpais.com/television/2020-07-01/rtve-destituye-a-la-directora-de-rne-y-nombra-al-periodista-ignacio-elguero-como-sustituto.html,2020-07-01 10:34:26.950000+00:00,RTVE destituye a la directora de RNE y nombra al periodista Ignacio Elguero como sustituto,False
train,https://elpais.com/diario/2000/03/22/cvalenciana/953756283_850215.html,2000-03-21 23:00:00+00:00,El Bloc reclama en Castellón un pacto estatal contra la sequía,True
train,https://elpais.com/diario/2006/08/21/cvalenciana/1156187877_850215.html,2006-08-20 22:00:00+00:00,El PSPV reúne a sus alcaldes para abordar un plan contra la sequía,True
train,https://elpais.com/diario/1993/07/05/madrid/741871454_850215.html,1993-07-04 22:00:00+00:00,El consumo de agua ha subido sólo un 6% tras anular la Prohibición de regar,True
train,https://elpais.com/internacional/2017/06/02/actualidad/1496403372_272726.html,2017-06-02 16:23:17+00:00,Las discutibles razones económicas de Trump para dejar el acuerdo de París,False
train,https://elpais.com/diario/2008/03/20/catalunya/1205978843_850215.html,2008-03-19 23:00:00+00:00,ERC tolera el nuevo «trasvase»,True
train,https://elpais.com/diario/1999/08/05/andalucia/933805339_850215.html,1999-08-04 22:00:00+00:00,IU reclama bonificaciones en la seguridad social de los temporeros,True
train,https://elpais.com/diario/2003/08/27/espana/1061935220_850215.html,2003-08-26 22:00:00+00:00,Una nueva muerte eleva a 102 la cifra oficial de fallecidos por la canícula,False
train,https://elpais.com/ccaa/2012/09/25/catalunya/1348602905_175435.html,2012-09-25 23:58:43+00:00,“Vi caer las casas una tras otra”,False
train,https://elpais.com/espana/2020-07-09/un-incendio-asola-un-paraje-natural-de-jaen-que-ya-se-quemo-en-2015.html,2020-07-09 09:43:07.277000+00:00,Un incendio asola un paraje natural de Jaén que ya se quemó en 2015,False
train,https://elpais.com/sociedad/2012/07/27/actualidad/1343417317_687950.html,2012-07-28 03:28:43+00:00,La sequía amenaza los bosques de algas cántabros,True
train,https://elpais.com/diario/2005/11/16/catalunya/1132106839_850215.html,2005-11-15 23:00:00+00:00,Expedientes a 25 eléctricas por incumplir el decreto de sequía,True
train,https://elpais.com/deportes/2015/10/28/actualidad/1446030602_368717.html,2015-10-28 12:45:58+00:00,Los Mets de Nueva York buscan acabar con tres décadas de sequía,False
train,https://elpais.com/mexico/2022-10-26/checo-perez-mi-sueno-es-ganar-en-mexico-no-ser-subcampeon-del-mundo.html,2022-10-26 17:12:31.429000+00:00,"Checo Pérez: “Mi sueño es ganar en México, no ser subcampeón del mundo”",False
train,https://elpais.com/diario/2008/08/18/cvalenciana/1219087092_850215.html,2008-08-17 22:00:00+00:00,Cestos que resisten,True
train,https://elpais.com/diario/2006/11/03/cvalenciana/1162585088_850215.html,2006-11-02 23:00:00+00:00,El río Júcar se queda seco entre Antella y Carcaixent,True
train,https://elpais.com/diario/1995/10/20/espana/814143612_850215.html,1995-10-19 23:00:00+00:00,Autorizada la construcción urgente de plantas desaladoras en todas las ciudades del litoral sur,True
train,https://elpais.com/diario/2008/04/04/catalunya/1207271238_850215.html,2008-04-03 22:00:00+00:00,Montilla exige soluciones tras el carpetazo de Zapatero al Segre,True
train,https://elpais.com/diario/2006/08/11/espana/1155247208_850215.html,2006-08-10 22:00:00+00:00,Algunos turistas se van o anulan reservas,False
train,https://elpais.com/deportes/2018/11/18/actualidad/1542554231_381774.html,2018-11-18 20:55:25+00:00,Garuba llama a la puerta,False
train,https://elpais.com/diario/2005/06/04/espana/1117836003_850215.html,2005-06-03 22:00:00+00:00,Murcia y Alicante bajan la presión del agua del grifo y prohíben las duchas en la playa,True
train,https://elpais.com/diario/2007/08/04/internacional/1186178410_850215.html,2007-08-03 22:00:00+00:00,Bush convoca una conferencia mundial sobre el cambio climático para final de septiembre,False
train,https://elpais.com/diario/1992/05/29/madrid/707138658_850215.html,1992-05-28 22:00:00+00:00,El Ayuntamiento de Madrid y el Canal de Isabel II regalan agua reciclada para regar,True
train,https://elpais.com/diario/2005/06/18/madrid/1119093864_850215.html,2005-06-17 22:00:00+00:00,Baldear las calles de la capital gasta cada día ocho millones de litros de agua potable,True
train,https://elpais.com/espana/2022-12-26/localizada-una-septima-victima-del-accidente-del-autobus-que-cayo-al-rio-lerez-una-mujer-de-50-anos.html,2022-12-26 11:13:36.262000+00:00,"Una mujer, séptima víctima mortal del accidente del autobús en el río Lérez de Pontevedra",False
train,https://elpais.com/diario/1999/05/08/economia/926114403_850215.html,1999-05-07 22:00:00+00:00,El sector agrario valora las pérdidas por la sequía y las heladas entre 250.000 y 300.000 millones de pesetas,True
train,https://elpais.com/diario/2005/05/04/economia/1115157605_850215.html,2005-05-03 22:00:00+00:00,"La producción hidroeléctrica cayó un 47,4% hasta abril por la sequía",True
train,https://elpais.com/diario/2005/04/03/cvalenciana/1112555894_850215.html,2005-04-02 22:00:00+00:00,«El agua es mi única referencia geográfica»,False
train,https://elpais.com/diario/2005/09/28/espana/1127858421_850215.html,2005-09-27 22:00:00+00:00,Agricultura afirma que sin un trasvase a Murcia se salinizará el suelo,True
train,https://elpais.com/deportes/2021-04-12/tristan-vukcevic-el-nino-que-se-graduo-en-el-clasico.html,2021-04-12 13:17:28.077000+00:00,"Tristan Vukcevic, el niño que se graduó en el clásico",False
train,https://elpais.com/diario/2007/06/05/andalucia/1180995726_850215.html,2007-06-04 22:00:00+00:00,Sevilla acogerá un foro sobre la sequía,True
train,https://elpais.com/deportes/2018/04/15/actualidad/1523793640_590989.html,2018-04-15 18:34:57+00:00,El Getafe se impone al Espanyol en el Coliseum,False
train,https://elpais.com/diario/2008/05/24/catalunya/1211591242_850215.html,2008-05-23 22:00:00+00:00,Un ecólogo cuestiona la tubería,False
train,https://elpais.com/clima-y-medio-ambiente/2021-07-27/una-guarderia-de-corales-en-la-costa-de-granada.html,2021-07-27 03:30:00+00:00,Una guardería de corales en la costa de Granada,False
train,https://elpais.com/internacional/2022-09-28/la-gestion-del-agua-en-plena-sequia-pone-a-prueba-la-sintonia-entre-espana-y-portugal.html,2022-09-28 15:37:26.507000+00:00,La gestión del agua en plena sequía pone a prueba la sintonía entre España y Portugal,True
train,https://elpais.com/diario/2005/11/24/andalucia/1132788135_850215.html,2005-11-23 23:00:00+00:00,Desaladoras y pozos aportan más agua en Málaga tras el decreto de sequía,False
train,https://elpais.com/economia/2022-02-22/la-fiscalia-peruana-investiga-al-capitan-del-buque-que-provoco-el-derrame-petrolero.html,2022-02-22 19:53:35.391000+00:00,La Fiscalía peruana investiga al capitán del buque involucrado en el derrame petrolero,False
train,https://elpais.com/diario/1999/09/02/andalucia/936224538_850215.html,1999-09-01 22:00:00+00:00,Abastecimiento garantizado en Sevilla,True
train,https://elpais.com/diario/1988/09/18/madrid/590585054_850215.html,1988-09-17 22:00:00+00:00,El Ayuntamiento puede reclamar	el abastecimiento de agua a Madrid,False
train,https://elpais.com/politica/2018/07/12/diario_de_espana/1531414059_665129.html,2018-07-13 10:21:53+00:00,"Montoro, así se vive el verano en el pueblo más caluroso de España",True
train,https://elpais.com/diario/2007/10/23/cultura/1193090402_850215.html,2007-10-22 22:00:00+00:00,La programación del Palau de les Arts naufraga por las inundaciones,False
train,https://elpais.com/diario/1994/05/03/internacional/767916013_850215.html,1994-05-02 22:00:00+00:00,Sequía y hambre en Laos,True
train,https://elpais.com/diario/1989/11/06/sociedad/626310002_850215.html,1989-11-05 23:00:00+00:00,"El 70% de los embalses españoles tiene , sus aguas contaminadas y faltas de oxígeno",True
train,https://elpais.com/sociedad/2010/12/07/actualidad/1291676409_850215.html,2010-12-07 21:36:00+00:00,La cumbre de las contradicciones,False
train,https://elpais.com/espana/catalunya/2022-11-21/barcelona-entrara-en-alerta-por-sequia-y-aplicara-restricciones-de-agua-por-segunda-vez-en-14-anos.html,2022-11-21 09:52:10.834000+00:00,Barcelona declara la alerta por sequía y aplicará restricciones de agua por primera vez desde 2008 ,True
train,https://elpais.com/diario/2005/09/20/cvalenciana/1127243883_850215.html,2005-09-19 22:00:00+00:00,"Los incendios han arrasado ya 3.243 hectáreas, el triple que el año pasado",True
train,https://elpais.com/espana/madrid/2023-01-30/dos-dias-sin-suministro-de-agua-para-460-viviendas-cercanas-a-la-rotura-de-la-tuberia-en-ronda-de-toledo.html,2023-01-30 13:35:17.739000+00:00,Dos días sin suministro de agua para 460 viviendas cercanas a la rotura de la tubería en pleno centro de Madrid,False
train,https://elpais.com/diario/2005/10/09/economia/1128808801_850215.html,2005-10-08 22:00:00+00:00,Al campo se le escapa el agua a chorros,True
train,https://elpais.com/economia/2021-07-20/el-precio-mayorista-de-la-electricidad-para-manana-bate-todos-los-record-al-llegar-a-10657-euros-mwh.html,2021-07-20 11:26:52.918000+00:00,El precio de la luz continúa su escalada y marca el precio más alto de la historia,False
train,https://elpais.com/diario/1998/03/26/internacional/890866816_850215.html,1998-03-25 23:00:00+00:00,Más de mil personas han muerto ya en Indonesia por hambre debido a la sequía,True
train,https://elpais.com/diario/2004/04/11/catalunya/1081645640_850215.html,2004-04-11 00:33:00+00:00,Agua de riego contra las heladas,False
train,https://elpais.com/sociedad/2014/09/12/actualidad/1410518903_666358.html,2014-09-12 17:29:32+00:00,La ONU busca dinero para responder a la sequía en Centroamérica,True
train,https://elpais.com/diario/2005/09/01/espana/1125525619_850215.html,2005-08-31 22:00:00+00:00,El ministerio reformará las confederaciones hidrográficas y las concesiones,False
train,https://elpais.com/deportes/2022-04-23/betis-valencia-horario-y-donde-ver-la-final-de-la-copa-del-rey.html,2022-04-23 07:28:15.596000+00:00,Final de la Copa del Rey 2022: horario y dónde ver el Betis - Valencia,False
train,https://elpais.com/diario/1993/01/16/madrid/727187057_850215.html,1993-01-15 23:00:00+00:00,El veranillo de enero,True
train,https://elpais.com/diario/1978/09/26/economia/275608813_850215.html,1978-09-25 22:00:00+00:00,Fuertes excedentes de remolacha en la cuenca del Duero,False
train,https://elpais.com/diario/2005/05/11/andalucia/1115763740_850215.html,2005-05-10 22:00:00+00:00,Asaja critica a Pérez Saldaña por hablar de «año histórico»,False
train,https://elpais.com/diario/2007/06/22/cvalenciana/1182539879_850215.html,2007-06-21 22:00:00+00:00,Las lluvias aumentaron en primavera un 63% pese a la sequía de mayo y junio,True
train,https://elpais.com/escaparate/2023-01-25/estos-zuecos-con-forro-polar-son-ideales-para-mantener-los-pies-calientes.html,2023-01-25 15:00:43.913000+00:00,Estos zuecos con forro polar son ideales para mantener los pies calientes,False
train,https://elpais.com/diario/2005/09/15/espana/1126735222_850215.html,2005-09-14 22:00:00+00:00,Narbona afirma que las restricciones de agua no afectarán al consumo humano,True
train,https://elpais.com/escaparate/2022-05-30/cinco-cremas-y-aceites-cbd-para-hidratar-la-piel-y-aliviar-las-picaduras-de-los-mosquitos-en-verano.html,2022-05-30 03:00:00.913000+00:00,Cinco cremas y aceites CBD para hidratar la piel y aliviar las picaduras de los mosquitos en verano,False
train,https://elpais.com/economia/2017/07/01/actualidad/1498935162_354554.html,2017-07-02 07:54:24+00:00,Los precios del alquiler se colocan por encima de la era de la burbuja,False
train,https://elpais.com/diario/2004/03/26/espana/1080255635_850215.html,2004-03-26 10:27:00+00:00,El capitán del «Prestige» demanda a España ante el Tribunal de Estrasburgo,False
train,https://elpais.com/internacional/2022-09-28/hermanas-estamos-con-vosotras-asociaciones-de-mujeres-reclaman-el-fin-de-la-represion-en-iran-ante-la-embajada-en-madrid.html,2022-09-28 15:21:00+00:00,"“Hermanas, estamos con vosotras”: asociaciones de mujeres reclaman el fin de la represión en Irán ante la Embajada en Madrid",False
train,https://elpais.com/diario/1981/11/18/espana/374886002_850215.html,1981-11-17 23:00:00+00:00,Don Juan Carlos: «La política no debe caer en la ineficacia ni en luchas intestinas para que merezca el respeto de todos»,True
train,https://elpais.com/internacional/2014/11/19/actualidad/1416424319_806863.html,2014-11-19 19:44:16+00:00,EE UU entera bajo cero,False
train,https://elpais.com/economia/2022-02-15/la-sequia-atrapa-al-sector-agrario-solo-el-20-de-la-superficie-de-cultivo-esta-asegurada.html,2022-02-15 04:45:00.497000+00:00,La sequía ahoga al sector agrario: solo el 20% de la superficie de cultivo está asegurada,True
train,https://elpais.com/opinion/2022-09-14/que-dificil-es-ser-negacionista.html,2022-09-14 03:00:00.868000+00:00,Qué difícil es ser negacionista,True
train,https://elpais.com/diario/1981/04/26/economia/357084012_850215.html,1981-04-25 22:00:00+00:00,La COAG denuncia fraudes en las ayudas de la sequía,True
train,https://elpais.com/espana/2022-04-07/la-prevision-del-tiempo-en-semana-santa-de-inestable-y-lluvioso-a-sol-y-temperaturas-en-ascenso.html,2022-04-07 15:12:59.714000+00:00,La previsión del tiempo en Semana Santa: de inestable y lluvioso a sol y temperaturas en ascenso,False
train,https://elpais.com/diario/2006/12/01/madrid/1164975856_850215.html,2006-11-30 23:00:00+00:00,Levantadas las restricciones de agua por el fin de la sequía,True
train,https://elpais.com/sociedad/2021-09-14/la-amazonia-en-llamas-radiografia-del-fuego-y-la-violencia.html,2021-09-14 02:43:14.842000+00:00,La Amazonia en llamas: radiografía del fuego y la violencia,False
train,https://elpais.com/diario/1998/03/19/sociedad/890262002_850215.html,1998-03-18 23:00:00+00:00,"Siberia tiene un papel clave en el clima, según los científicos",True
train,https://elpais.com/opinion/2022-05-30/no-los-abandonemos-a-su-suerte.html,2022-05-30 03:00:00.659000+00:00,No los abandonemos a su suerte ,False
train,https://elpais.com/diario/2008/08/14/ultima/1218664801_850215.html,2008-08-13 22:00:00+00:00,«El agua tiene color de derechas»,True
train,https://elpais.com/diario/1983/08/18/economia/430005613_850215.html,1983-08-17 22:00:00+00:00,Importante aumento de las exportaciones españolas de fruta a los países europeos,False
train,https://elpais.com/ccaa/2015/03/04/valencia/1425495667_582879.html,2015-03-04 19:23:32+00:00,Fabra insistirá para que se haga un nuevo plan hidrológico nacional,True
train,https://elpais.com/ccaa/2014/08/11/valencia/1407772832_339519.html,2014-08-11 16:44:33+00:00,La sequía y el calor causan la muerte de peces en las salinas de Calpe,True
train,https://elpais.com/elpais/2016/04/07/planeta_futuro/1460038588_170683.html,2016-04-08 07:37:06+00:00,Caiga el agua que caiga,True
train,https://elpais.com/diario/1998/06/06/madrid/897132267_850215.html,1998-06-05 22:00:00+00:00,Los embalses vierten ahora el 20% del agua que reciben por precaución,False
train,https://elpais.com/deportes/2018/05/11/actualidad/1526047487_939750.html,2018-05-11 18:45:12+00:00,Iago Aspas reaparece para subirse al tren del Mundial,False
train,https://elpais.com/economia/2016/07/26/actualidad/1469521647_656996.html,2016-07-26 12:07:15+00:00,Amazon prueba el reparto con drones en el Reino Unido,False
train,https://elpais.com/internacional/2014/11/04/actualidad/1415092817_490726.html,2014-11-04 15:48:10+00:00,Las votaciones en EE UU que de verdad cambian la vida de la gente,False
train,https://elpais.com/economia/2021-10-07/jovenes-ciencia-y-cultura-entre-los-mas-beneficiados-por-las-nuevas-cuentas.html,2021-10-07 18:32:07.904000+00:00,"Jóvenes, ciencia y cultura, entre los más beneficiados por las nuevas cuentas",False
train,https://elpais.com/diario/2006/08/07/espana/1154901603_850215.html,2006-08-06 22:00:00+00:00,Agujeros contra la sequía,True
train,https://elpais.com/ccaa/2012/02/28/andalucia/1330448721_115334.html,2012-02-28 20:25:39+00:00,Los regantes reclaman adelantar desembalses por la sequía,True
train,https://elpais.com/diario/1999/07/12/economia/931730411_850215.html,1999-07-11 22:00:00+00:00,La sequía rebajará la cosecha de los olivares en esta campaña a menos de 500.000 toneladas,True
train,https://elpais.com/diario/1995/07/24/economia/806536801_850215.html,1995-07-23 22:00:00+00:00,Bancos y cajas de ahorro concederán 125.000 millones al 12% para paliar los daños de la sequía,True
train,https://elpais.com/espana/catalunya/2022-06-09/avalancha-de-solicitudes-del-bono-joven-del-alquiler-en-cataluna-15000-el-primer-dia-para-9600-ayudas.html,2022-06-09 03:15:00.281000+00:00,Avalancha de solicitudes del ‘bono joven’ del alquiler en Cataluña: 15.000 el primer día para 9.600 ayudas,False
train,https://elpais.com/diario/1984/02/19/espana/445993217_850215.html,1984-02-18 23:00:00+00:00,La fuerte sequía que afectó a España en 1983 se ha recrudecido a comienzos de este año,True
train,https://elpais.com/diario/2000/09/19/madrid/969362655_850215.html,2000-09-18 22:00:00+00:00,"Madrid ha sufrido el verano más seco de los últimos 12 años, según el centro meteorológico del Retiro",True
train,https://elpais.com/diario/2005/09/28/cvalenciana/1127935093_850215.html,2005-09-27 22:00:00+00:00,Un informe de la patronal califica de «viable y competitiva» la desalación de agua del mar,True
train,https://elpais.com/diario/2008/09/29/sociedad/1222639202_850215.html,2008-09-28 22:00:00+00:00,"España, bajo el estrés del agua",True
train,https://elpais.com/elpais/2019/09/10/planeta_futuro/1568126943_481320.html,2019-09-11 22:30:21+00:00,La inesperada amenaza de los elefantes hambrientos,True
train,https://elpais.com/escaparate/2022-10-14/los-mejores-jerseis-de-rayas-para-mujer.html,2022-10-14 12:31:46.696000+00:00,Los mejores jerséis de rayas para mujer,False
train,https://elpais.com/ccaa/2014/03/23/andalucia/1395605156_748734.html,2014-03-23 20:18:43+00:00,Manifestación contra el ‘tarifazo’ del agua en Málaga,False
train,https://elpais.com/diario/2002/02/06/catalunya/1012961261_850215.html,2002-02-05 23:00:00+00:00,El Gobierno catalán garantiza los recursos hídricos ante posibles sequías,True
train,https://elpais.com/diario/1993/01/17/portada/727225201_850215.html,1993-01-16 23:00:00+00:00,Estalla la guerra del agua entre las regiones con excedentes y la España seca,True
train,https://elpais.com/diario/2005/08/18/madrid/1124364254_850215.html,2005-08-17 22:00:00+00:00,En septiembre la región entrará en fase de sequía severa,True
train,https://elpais.com/diario/2006/03/13/cvalenciana/1142281086_850215.html,2006-03-12 23:00:00+00:00,La CHS regenerará el cauce del río Segura por Orihuela,False
train,https://elpais.com/diario/1996/01/03/madrid/820671867_850215.html,1996-01-02 23:00:00+00:00,El agua embalsamada creció un 27% desde Nochebuena,True
train,https://elpais.com/cultura/2022-12-11/el-rey-del-cine-tecnologico-james-cameron-vuelve-a-las-salas-con-avatar-el-sentido-del-agua.html,2022-12-12 04:30:02.526000+00:00,"James Cameron, rey del cine tecnológico, vuelve con ‘Avatar: el sentido del agua’ 13 años después para reventar la taquilla ",False
train,https://elpais.com/elpais/2016/11/17/planeta_futuro/1479379000_310205.html,2016-11-17 11:19:08+00:00,El cambio climático altera los caminos del agua,True
train,https://elpais.com/deportes/2017/11/28/actualidad/1511888868_681012.html,2017-11-28 17:28:30+00:00,El año turbulento de Jémez en México,False
train,https://elpais.com/diario/1981/02/11/espana/350694006_850215.html,1981-02-10 23:00:00+00:00,"Se prevé que continuarán las lluvias, aunque persiste la escasez de agua",True
train,https://elpais.com/politica/2018/04/17/actualidad/1523949885_157737.html,2018-04-17 11:05:57+00:00,"El Ebro vuelve a su cauce, según la Confederación Hidrográfica",True
train,https://elpais.com/economia/2018/03/02/actualidad/1520015057_664619.html,2018-03-02 19:56:04+00:00,Una sequía “sin precedentes” daña al 80% del campo argentino,True
train,https://elpais.com/ccaa/2013/05/01/andalucia/1367433963_807992.html,2013-05-01 21:27:36+00:00,El Campo de Gibraltar garantiza el suministro de agua para la Costa del Sol,True
train,https://elpais.com/internacional/2017/11/07/mundo_global/1510009300_029877.html,2017-11-07 20:51:36+00:00,Pad Thai o cómo unos fideos tailandeses conquistaron el mundo,False
train,https://elpais.com/diario/2002/03/27/internacional/1017183602_850215.html,2002-03-26 23:00:00+00:00,Un desastre natural se suma a la sequía y a la guerra,True
train,https://elpais.com/diario/2006/10/23/espana/1161554420_850215.html,2006-10-22 22:00:00+00:00,El temporal provoca desalojos y cortes de carreteras en Galicia,False
train,https://elpais.com/planeta-futuro/2022-05-30/el-cine-se-cita-en-tarifa-con-sed-de-africa.html,2022-05-30 03:30:00.710000+00:00,El cine se cita en Tarifa con sed de África,True
train,https://elpais.com/diario/2008/05/13/catalunya/1210640841_850215.html,2008-05-12 22:00:00+00:00,El temporal arranca 262 árboles,True
train,https://elpais.com/diario/1995/07/18/economia/806018407_850215.html,1995-07-17 22:00:00+00:00,UGT y CC OO se movilizarán contra el decreto de la sequía,True
train,https://elpais.com/diario/1992/05/23/espana/706572014_850215.html,1992-05-22 22:00:00+00:00,Aprobadas ayudas a los agricultores y ganaderos perjudicados por la sequía,True
train,https://elpais.com/diario/2005/06/23/andalucia/1119478938_850215.html,2005-06-22 22:00:00+00:00,La sequía provoca los primeros cortes de agua en Alcalá de los Gazules,True
train,https://elpais.com/ccaa/2016/03/23/madrid/1458757511_224584.html,2016-03-28 11:27:00+00:00,Las reservas de agua de Madrid terminan el invierno por debajo de la media de la última década,True
train,https://elpais.com/diario/1995/04/06/espana/797119201_850215.html,1995-04-05 22:00:00+00:00,Poblaciones en pie de guerra,True
train,https://elpais.com/ccaa/2014/03/21/valencia/1395409403_634544.html,2014-03-21 16:13:44+00:00,El otoño-invierno más seco,True
train,https://elpais.com/sociedad/2020-09-13/que-ha-ocurrido-con-la-emergencia-climatica-seis-meses-despues-de-declararse-la-pandemia.html,2020-09-13 22:30:00+00:00,¿Qué ha ocurrido con la emergencia climática seis meses después de declararse la pandemia? ,False
train,https://elpais.com/diario/2000/08/15/cvalenciana/966367084_850215.html,2000-08-14 22:00:00+00:00,"La Confederación Hidrográfica del Júcar alerta de que los pantanos están a un 14,73% de su capacidad",True
train,https://elpais.com/diario/1978/10/28/economia/278377213_850215.html,1978-10-27 23:00:00+00:00,La CEE frena el precio del aceite de oliva,False
train,https://elpais.com/diario/1993/01/12/espana/726793215_850215.html,1993-01-11 23:00:00+00:00,Borrell: «Lo del Par es regional-populismo»,False
train,https://elpais.com/diario/1999/06/03/andalucia/928362140_850215.html,1999-06-02 22:00:00+00:00,COAG estima en 120.000 millones las pérdidas por la sequía en el campo y reclama más apoyo del Gobierno,True
train,https://elpais.com/diario/2003/07/30/radiotv/1059516002_850215.html,2003-07-29 22:00:00+00:00,Programas aguados,False
train,https://elpais.com/clima-y-medio-ambiente/2021-02-03/los-35-peligros-del-cambio-climatico-mas-urgentes-para-espana.html,2021-02-03 12:11:17.882000+00:00,Los 35 peligros del cambio climático más urgentes para España,True
train,https://elpais.com/diario/2005/10/24/catalunya/1130116048_850215.html,2005-10-23 22:00:00+00:00,Los efectos positivos de la sequía,True
train,https://elpais.com/sociedad/2022-08-24/las-lluvias-torrenciales-no-son-suficientes-para-apagar-una-decada-de-sequia-en-texas.html,2022-08-24 16:51:54.009000+00:00,Las lluvias torrenciales no son suficientes para apagar una década de sequía en Texas,True
train,https://elpais.com/mexico/2021-10-13/pamela-golpeara-las-costas-de-sinaloa-el-miercoles-por-la-manana-convertido-en-huracan.html,2021-10-13 02:48:05.783000+00:00,El huracán ‘Pamela’ toca tierra en las costas de Sinaloa ,False
train,https://elpais.com/diario/1982/08/07/espana/397519211_850215.html,1982-08-06 22:00:00+00:00,"160 poblaciones y  300.000 personas, afectadas por la situación de «alarma roja» a causa de la sequía",True
train,https://elpais.com/diario/1983/09/19/economia/432770410_850215.html,1983-09-18 22:00:00+00:00,"El abastecimiento de aguas a Valencia, a salvo de un escape radiactivo en Cofrentes",True
train,https://elpais.com/clima-y-medio-ambiente/ecologia/2021-12-07/las-fresas-son-muy-buenas-pero-hay-que-regarlas-con-agua-legal.html,2021-12-07 11:11:25.209000+00:00,"“Las fresas son muy buenas, pero hay que regarlas con agua legal”",True
train,https://elpais.com/ccaa/2016/02/09/paisvasco/1455003335_328097.html,2016-02-11 19:13:19+00:00,"El temporal causa daños en San Sebastián, Zarautz y Bermeo",False
train,https://elpais.com/sociedad/2019/08/21/actualidad/1566400180_699081.html,2019-08-22 00:00:35+00:00,La OMS urge a investigar el impacto de los microplásticos en la salud,False
train,https://elpais.com/diario/2003/08/28/catalunya/1062032847_850215.html,2003-08-27 22:00:00+00:00,La sequía impone restricciones de riego en el canal de Urgell,True
train,https://elpais.com/deportes/2010/07/13/actualidad/1279005712_850215.html,2010-07-13 07:32:00+00:00,Woods calienta en Saint Andrews,False
train,https://elpais.com/diario/1989/04/03/espana/607557621_850215.html,1989-04-02 22:00:00+00:00,Agricultores y cohetes.,True
train,https://elpais.com/diario/2008/05/18/catalunya/1211072857_850215.html,2008-05-17 22:00:00+00:00,Formación jurídica,True
train,https://elpais.com/diario/1985/09/22/espana/496188019_850215.html,1985-09-21 22:00:00+00:00,Cerrado el suministro del pantano de Yesa al canal de Bardenas a causa de la sequía,True
train,https://elpais.com/diario/2008/05/30/catalunya/1212109650_850215.html,2008-05-29 22:00:00+00:00,Iniciativa pide a la Generalitat que «deje de hablar de tubos»,True
train,https://elpais.com/elviajero/2018/01/18/actualidad/1516275737_087741.html,2018-01-24 18:53:33+00:00,La pizza napolitana y los islotes bravíos de ‘Star Wars’,False
train,https://elpais.com/elviajero/2016/08/05/actualidad/1470416890_529233.html,2016-08-29 16:22:54+00:00,Tailandia entre playas y selvas,False
train,https://elpais.com/diario/1995/06/07/madrid/802524267_850215.html,1995-06-06 22:00:00+00:00,La sequía obliga a cambiar los cultivos,True
train,https://elpais.com/gente/2020-07-13/muere-kelly-preston-esposa-de-john-travolta-a-los-57-anos.html,2020-07-13 06:39:22.498000+00:00,"Muere Kelly Preston, esposa de John Travolta, a los 57 años",False
train,https://elpais.com/sociedad/2019/12/06/actualidad/1575651733_426685.html,2019-12-06 20:23:22+00:00,"Licypriya Kangujam y Vanessa Nakate, las ‘Gretas’ del sur",False
train,https://elpais.com/deportes/2021-10-04/el-levante-destituye-a-paco-lopez.html,2021-10-04 07:13:48.976000+00:00,El Levante destituye a Paco López,False
train,https://elpais.com/diario/2005/07/24/madrid/1122204256_850215.html,2005-07-23 22:00:00+00:00,La prolongada sequía deja los pantanos de la región al 50% de su capacidad total,True
train,https://elpais.com/deportes/2021-05-13/el-eibar-se-aferra-a-la-vida-ante-un-betis-que-se-esfumo.html,2021-05-13 20:32:24.728000+00:00,El Eibar se aferra a la vida ante un Betis que se esfumó,False
train,https://elpais.com/diario/1989/02/20/portada/603932403_850215.html,1989-02-19 23:00:00+00:00,La sequía provoca más de cien incendios forestales en Asturias,True
train,https://elpais.com/espana/2022-11-09/un-padre-denuncia-con-videos-en-twitter-la-supuesta-brutalidad-en-la-detencion-de-su-hijo-que-fallecio-dias-despues.html,2022-11-09 11:06:51.575000+00:00,"Un padre denuncia con vídeos en Twitter la supuesta brutalidad en la detención de su hijo, que falleció días después",False
train,https://elpais.com/diario/2005/10/14/andalucia/1129242141_850215.html,2005-10-13 22:00:00+00:00,Asaja cifra en 1.286 millones las pérdidas del campo andaluz en el último año por las heladas y la sequía,True
train,https://elpais.com/diario/2008/01/13/economia/1200178806_850215.html,2008-01-12 23:00:00+00:00,Adiós al milagro del pueblo de Villacañas,False
train,https://elpais.com/diario/2002/02/12/madrid/1013516662_850215.html,2002-02-11 23:00:00+00:00,Alcalá de Henares tiene reservas de agua para apenas tres meses,True
train,https://elpais.com/elpais/2015/11/16/media/1447683912_795463.html,2015-11-16 17:14:56+00:00,Profundidad de las aguas subterráneas,False
train,https://elpais.com/escaparate/2023-01-20/cinco-cubremacetas-de-mimbre-ideales-para-decorar-tus-plantas-y-el-hogar.html,2023-01-20 12:49:54.838000+00:00,Cinco cubremacetas de mimbre ideales para decorar tus plantas y el hogar,False
train,https://elpais.com/diario/2007/01/18/paisvasco/1169152799_850215.html,2007-01-17 23:00:00+00:00,Seis de los ocho embalses de Guipúzcoa superan la mitad de su capacidad,True
train,https://elpais.com/diario/2002/04/12/espana/1018562423_850215.html,2002-04-11 22:00:00+00:00,Héroes sin papeles,False
train,https://elpais.com/diario/2010/09/11/galicia/1284200296_850215.html,2010-09-11 05:00:00+00:00,Los ecologistas critican que se cace el jabalí 10 meses al año,False
train,https://elpais.com/diario/2007/03/29/catalunya/1175130450_850215.html,2007-03-28 22:00:00+00:00,Las heladas harán perder el 70% de la cosecha de almendra en Lleida,False
train,https://elpais.com/diario/2002/12/26/espana/1040857205_850215.html,2002-12-26 10:40:00+00:00,Los científicos prevén una lenta regeneración,False
train,https://elpais.com/diario/2008/02/06/espana/1202252405_850215.html,2008-02-05 23:00:00+00:00,Cataluña se prepara a recibir agua en barcos,True
train,https://elpais.com/diario/2005/09/27/espana/1127772020_850215.html,2005-09-26 22:00:00+00:00,Castilla-La Mancha y Murcia se enfrentan por un nuevo trasvase,True
train,https://elpais.com/diario/2008/05/13/catalunya/1210640839_850215.html,2008-05-12 22:00:00+00:00,Zarpa de Tarragona el primer barco cargado de agua hacia Barcelona,True
train,https://elpais.com/diario/1998/12/14/catalunya/913601239_850215.html,1998-12-13 23:00:00+00:00,La Generalitat regula la tarifa del agua para campos de golf,False
train,https://elpais.com/diario/1981/02/11/espana/350694002_850215.html,1981-02-10 23:00:00+00:00,Buenas perspectivas,True
train,https://elpais.com/diario/2009/10/13/portada/1255384803_850215.html,2009-10-13 05:00:00+00:00,Los graves daños en las Tablas de Daimiel son «irreversibles»,True
train,https://elpais.com/diario/2005/05/02/opinion/1114984801_850215.html,2005-05-01 22:00:00+00:00,"De nuevo, la sequía",True
train,https://elpais.com/diario/1993/06/20/espana/740527217_850215.html,1993-06-19 22:00:00+00:00,El Tajo tira en Extremadura el agua que reclama Levante,True
train,https://elpais.com/sociedad/2021-07-09/el-gobernador-de-california-pide-racionar-el-agua-para-enfrentar-la-historica-sequia.html,2021-07-09 02:33:30.133000+00:00,El gobernador de California pide racionar el agua para enfrentar la histórica sequía,True
train,https://elpais.com/escaparate/2022-08-24/los-mejores-limpiadores-de-calzado.html,2022-08-24 09:05:24.137000+00:00,Los mejores limpiadores de calzado,False
train,https://elpais.com/clima-y-medio-ambiente/2022-11-24/el-plan-del-gobierno-para-las-reservas-de-agua-mantiene-intacta-la-alta-presion-del-regadio-a-pesar-de-la-falta-de-lluvias.html,2022-11-24 04:30:01.585000+00:00,El plan del Gobierno para las reservas de agua mantiene intacta la alta presión del regadío,True
train,https://elpais.com/diario/1982/07/21/economia/396050408_850215.html,1982-07-20 22:00:00+00:00,Organizaciones y cámaras agrarias piden que se declare zona catastrófica a varias provincias,True
train,https://elpais.com/ccaa/2017/06/30/valencia/1498808748_919117.html,2017-06-30 19:05:32+00:00,"El incendio de la Sierra Calderona, estabilizado tras arrasar 1.200 hectáreas",False
train,https://elpais.com/internacional/2021-09-15/el-mercado-que-surgio-de-la-desesperanza-en-kabul.html,2021-09-15 03:44:00+00:00,El mercado que surgió de la desesperanza en Kabul,True
train,https://elpais.com/diario/2008/10/08/andalucia/1223418124_850215.html,2008-10-07 22:00:00+00:00,La sequía acecha a otros 18 pueblos,True
train,https://elpais.com/diario/1997/06/09/madrid/865855466_850215.html,1997-06-08 22:00:00+00:00,Vallecas dedica unas jornadas al reciclado textil y de muebles viejos,False
train,https://elpais.com/planeta-futuro/red-de-expertos/2022-07-21/la-batalla-contra-las-olas-de-calor-y-los-incendios-puede-ser-la-llamada-de-atencion-que-estabamos-esperando.html,2022-07-21 03:35:00.280000+00:00,La batalla contra las olas de calor y los incendios puede ser la llamada de atención que estábamos esperando ,False
train,https://elpais.com/babelia/2021-03-20/el-miedo-a-no-ser-sincero-me-impide-escribir-los-dilemas-de-andre-gide.html,2021-03-20 04:30:00+00:00,“El miedo a no ser sincero me impide escribir”: los dilemas de André Gide,False
train,https://elpais.com/diario/1976/07/06/internacional/205452006_850215.html,1976-07-05 22:00:00+00:00,El Ejército holandés ayudará a los agricultores,True
train,https://elpais.com/diario/2010/07/06/economia/1278367204_850215.html,2010-07-06 05:00:00+00:00,"Renfe tendrá competidores en 2012, según Blanco",False
train,https://elpais.com/sociedad/2021-09-24/el-volcan-de-la-palma-intensifica-las-explosiones-y-obliga-a-evacuar-nuevas-zonas.html,2021-09-24 15:30:35.826000+00:00,El volcán de La Palma intensifica las explosiones y obliga a evacuar nuevas zonas,False
train,https://elpais.com/eps/2021-05-16/una-enmienda-al-menos-es-mas-la-estetica-subversiva-del-menos-es-menos.html,2021-05-16 03:40:00+00:00,La estética subversiva del ‘Menos es menos’,False
train,https://elpais.com/diario/1992/05/18/madrid/706188261_850215.html,1992-05-17 22:00:00+00:00,Una de las peores sequías del siglo,True
train,https://elpais.com/diario/2005/05/16/economia/1116194411_850215.html,2005-05-15 22:00:00+00:00,La cosecha de cereal cae un 25% por la sequía,True
train,https://elpais.com/diario/1996/01/11/madrid/821363058_850215.html,1996-01-10 23:00:00+00:00,El agua embalsamada supera ya el nivel del año pasado en las mismas fechas,True
train,https://elpais.com/diario/1999/07/29/cvalenciana/933275886_850215.html,1999-07-28 22:00:00+00:00,La cuenca del Júcar ha recibido este año una tercera parte de agua que en 1998,True
train,https://elpais.com/diario/2005/06/20/economia/1119218410_850215.html,2005-06-19 22:00:00+00:00,La sequía dispara los precios del cereal una media del 12%,True
train,https://elpais.com/planeta-futuro/2022-09-26/tres-adolescentes-alertan-al-mundo-desde-el-campo-de-refugiados-climaticos-mas-grande-de-somalia.html,2022-09-26 03:30:00.984000+00:00,Tres adolescentes alertan al mundo desde el campo de refugiados climáticos más grande de Somalia ,True
train,https://elpais.com/diario/1985/04/01/internacional/481154412_850215.html,1985-03-31 22:00:00+00:00,"Los refugiados, una dura carga para los países pobres",True
train,https://elpais.com/economia/2017/04/03/vivienda/1491206307_404003.html,2017-04-03 14:51:57+00:00,"Barcelona, Baleares y Madrid, donde más subió el precio de las casas en 2016",False
train,https://elpais.com/diario/1985/08/31/espana/494287216_850215.html,1985-08-30 22:00:00+00:00,«Guerra del agua» en la comarca castellonense de la Plana Baixa,True
train,https://elpais.com/diario/2004/09/09/cvalenciana/1094757478_850215.html,2004-09-08 22:00:00+00:00,El Consell pide ayudas para los afectados por la lluvias con una fórmula que Rajoy rechazó,False
train,https://elpais.com/elpais/2021/02/02/escaparate/1612269877_539070.html,2021-02-05 07:57:24+00:00,Las mejores fuentes de agua automáticas con filtro para perros y gatos,False
train,https://elpais.com/diario/2006/01/30/andalucia/1138576946_850215.html,2006-01-29 23:00:00+00:00,Ríos de contaminación,False
train,https://elpais.com/elpais/2017/12/01/opinion/1512152098_659819.html,2017-12-04 11:18:59+00:00,"Si sube la luz, saquemos al santo para que llueva",True
train,https://elpais.com/elpais/2017/12/04/ciencia/1512402686_974859.html,2017-12-04 17:03:15+00:00,Los países del Mediterráneo se unen para solventar el problema de la escasez de agua,True
train,https://elpais.com/ccaa/2012/04/04/galicia/1333554612_059753.html,2012-04-04 15:50:12+00:00,Galicia activa formalmente el protocolo contra la sequía,True
train,https://elpais.com/deportes/2018/12/10/es_laliga/1544438561_099485.html,2018-12-14 06:55:03+00:00,El partido en el que más disfrutan los árbitros ¡Lo nunca visto!,False
train,https://elpais.com/diario/2008/03/02/sociedad/1204412402_850215.html,2008-03-01 23:00:00+00:00,50.000 cazadores contra Narbona,False
train,https://elpais.com/internacional/2017/06/02/actualidad/1496393721_751866.html,2017-06-02 19:27:20+00:00,Golpe a un pacto climático que ya era insuficiente,False
train,https://elpais.com/diario/2008/04/06/catalunya/1207444041_850215.html,2008-04-05 22:00:00+00:00,Carod denuncia la «pinza» del Ejecutivo y CiU contra la Generalitat por la sequía,True
train,https://elpais.com/internacional/2022-08-30/el-primer-barco-humanitario-con-cereal-ucranio-atraca-en-africa.html,2022-08-30 14:29:36.977000+00:00,El primer barco humanitario con cereal ucranio atraca en África,True
train,https://elpais.com/planeta-futuro/2022-05-05/la-tecnologia-al-servicio-de-los-pastores-en-kenia.html,2022-05-05 03:30:00.379000+00:00,La tecnología al servicio de los pastores en Kenia,True
train,https://elpais.com/diario/2004/08/02/sociedad/1091397603_850215.html,2004-08-01 22:00:00+00:00,70 ciudades de más de 15.000 habitantes no cumplen el tratamiento de aguas residuales,False
train,https://elpais.com/elpais/2019/04/25/actualidad/1556206037_939206.html,2019-04-29 11:03:00+00:00,El sector del agua necesita oxígeno,False
train,https://elpais.com/internacional/2014/10/14/actualidad/1413302409_043950.html,2014-10-14 16:18:49+00:00,Las peleas comunales por el agua proliferan en Costa Rica,True
train,https://elpais.com/diario/1999/02/25/sociedad/919897203_850215.html,1999-02-24 23:00:00+00:00,"Monsanto, el creador de la tecnología «Terminator»",False
train,https://elpais.com/diario/1984/10/24/internacional/467420424_850215.html,1984-10-23 23:00:00+00:00,Víctimas del. hambre.,True
train,https://elpais.com/diario/2002/08/14/cvalenciana/1029352684_850215.html,2002-08-13 22:00:00+00:00,La escasez de agua para regar la Vega Baja provoca tensión entre los agricultores,True
train,https://elpais.com/america-futura/2022-07-28/los-ultimos-ocho-pescados-del-charco-mas-grande-de-america.html,2022-07-28 05:00:01.232000+00:00,Los últimos ocho pescados del charco más grande de América,True
train,https://elpais.com/diario/1999/08/13/andalucia/934496523_850215.html,1999-08-12 22:00:00+00:00,Los agricultores podrán acceder la próxima semana a créditos bonificados para paliar los daños de la sequía,True
train,https://elpais.com/internacional/2021-07-03/el-pulso-por-el-agua-del-rio-nilo-agudiza-la-crisis-regional-entre-egipto-y-etiopia.html,2021-07-03 03:40:00+00:00,El pulso por el agua del río Nilo agudiza la crisis regional entre Egipto y Etiopía,False
train,https://elpais.com/ccaa/2015/12/18/madrid/1450473721_018562.html,2015-12-18 23:23:00+00:00,Alcalá en prealerta por falta de lluvia,True
train,https://elpais.com/diario/2005/07/28/madrid/1122549862_850215.html,2005-07-27 22:00:00+00:00,La Comunidad emprende una batalla contra la sequía basada sólo en una campaña publicitaria,True
train,https://elpais.com/deportes/2022-12-21/fernando-gaviria-pasa-pagina-y-se-compromete-a-volver-a-ser-grande-en-el-movistar.html,2022-12-21 11:43:10.349000+00:00,Fernando Gaviria pasa página y se compromete a volver a ser grande en el Movistar,False
train,https://elpais.com/babelia/2022-03-19/eva-y-las-fieras-guerra-en-la-selva.html,2022-03-19 04:30:01.303000+00:00,"‘Eva y las fieras’, guerra  en la selva",False
train,https://elpais.com/elpais/2015/10/09/planeta_futuro/1444404941_671473.html,2015-10-15 09:48:41+00:00,“La resiliencia es un ingrediente que no puede faltar en tus recetas”,True
train,https://elpais.com/clima-y-medio-ambiente/2022-07-31/adios-a-los-verdes-jardines-california-lucha-por-cumplir-las-restricciones-de-uso-de-agua-en-plena-sequia.html,2022-07-31 21:45:21.720000+00:00,"Policías del agua, 8 minutos de riego y otras restricciones en la batalla de California contra la sequía",True
train,https://elpais.com/diario/2007/08/16/madrid/1187263454_850215.html,2007-08-15 22:00:00+00:00,Pelayos lanza fuegos artificiales junto a un bosque que ha sufrido dos incendios,False
train,https://elpais.com/elpais/2018/02/05/planeta_futuro/1517850788_158304.html,2018-03-12 06:14:54+00:00,"Villa Inflamable: cloacas de petróleo, agua de plomo",False
train,https://elpais.com/diario/1976/06/19/espana/203983217_850215.html,1976-06-18 22:00:00+00:00,"El Gobierno, dispuesto a ayudar a los afectados por la sequía",True
train,https://elpais.com/diario/2007/07/06/economia/1183672808_850215.html,2007-07-05 22:00:00+00:00,Bruselas aprueba sin condiciones la OPA de Enel y Acciona sobre Endesa,False
train,https://elpais.com/deportes/2020-05-20/los-jugadores-mantienen-su-negativa-a-las-concentraciones.html,2020-05-20 19:07:20.342000+00:00,Los jugadores mantienen su negativa a las concentraciones,False
train,https://elpais.com/diario/2001/08/12/internacional/997567205_850215.html,2001-08-11 22:00:00+00:00,El Salvador decreta estado de emergencia ante la grave sequía,True
train,https://elpais.com/diario/1982/12/19/espana/409100421_850215.html,1982-12-18 23:00:00+00:00,79 poblaciones siguen en «alarma roja» a causa de la sequía,True
train,https://elpais.com/diario/1985/06/22/internacional/488239207_850215.html,1985-06-21 22:00:00+00:00,«Los países de África deben unirse para sobrevivir»,True
train,https://elpais.com/planeta-futuro/2022-01-15/los-ultimos-nomadas-de-la-anatolia.html,2022-01-15 02:39:41.155000+00:00,Los últimos nómadas de la Anatolia,True
train,https://elpais.com/diario/2008/09/27/andalucia/1222467727_850215.html,2008-09-26 22:00:00+00:00,Málaga sufrirá cortes de agua en enero si no llueve durante el otoño,True
train,https://elpais.com/elpais/2019/08/06/buenavida/1565090560_671784.html,2019-08-06 11:45:48+00:00,"«Flygskam» y «tagskyrt», los movimientos suecos que sacan los colores a las aerolíneas",False
train,https://elpais.com/diario/1997/08/27/economia/872632808_850215.html,1997-08-26 22:00:00+00:00,Los algodoneros protestan por la sanción de la UE,False
train,https://elpais.com/diario/1993/04/22/opinion/735429603_850215.html,1993-04-21 22:00:00+00:00,Parques y sequía,False
train,https://elpais.com/diario/2008/04/10/andalucia/1207779729_850215.html,2008-04-09 22:00:00+00:00,El agua cae del cielo con sensatez,False
train,https://elpais.com/diario/1999/09/10/ultima/936914401_850215.html,1999-09-09 22:00:00+00:00,Los mosquitos invaden Nueva York,True
train,https://elpais.com/diario/1983/04/01/sociedad/417996003_850215.html,1983-03-31 22:00:00+00:00,Malestar entre los conservadores de Doñana por los proyectos del MOPU para el coto,True
train,https://elpais.com/diario/1981/07/29/madrid/365253858_850215.html,1981-07-28 22:00:00+00:00,"El agua de Majadahonda es potable, según el Centro Nacional de Alimentación y Nutrición",True
train,https://elpais.com/diario/2005/04/17/negocio/1113743012_850215.html,2005-04-16 22:00:00+00:00,El irresistible ascenso de Ikea,False
train,https://elpais.com/diario/1992/06/03/opinion/707522407_850215.html,1992-06-02 22:00:00+00:00,Aspirina para la sequía,True
train,https://elpais.com/diario/2007/09/01/sociedad/1188597613_850215.html,2007-08-31 22:00:00+00:00,Los países de Kioto renuncian a fijar una nueva cuota de CO2,False
train,https://elpais.com/diario/2008/05/29/catalunya/1212023238_850215.html,2008-05-28 22:00:00+00:00,El Gobierno dará por finalizada el martes la situación de sequía,True
train,https://elpais.com/diario/1999/11/17/catalunya/942804463_850215.html,1999-11-16 23:00:00+00:00,Los pantanos de Cataluña llegan al 48% de su capacidad,True
train,https://elpais.com/elpais/2016/09/05/planeta_futuro/1473075090_580428.html,2016-09-07 08:48:20+00:00,El atleta que mira el mundo con el corazón,False
train,https://elpais.com/diario/2000/06/12/catalunya/960772038_850215.html,2000-06-11 22:00:00+00:00,Dos guardias civiles mueren ahogados cuando buscaban a dos desaparecidos por el temporal,False
train,https://elpais.com/diario/2005/10/04/andalucia/1128378148_850215.html,2005-10-03 22:00:00+00:00,La reproducción de aves acuáticas desciende este año debido a la sequía,True
train,https://elpais.com/cultura/cine/2022-09-02/los-fans-adoran-a-timothee-chalamet-incluso-cuando-se-vuelve-canibal.html,2022-09-02 19:45:00.255000+00:00,"Los seguidores adoran a Timothée Chalamet, incluso cuando se vuelve caníbal",False
train,https://elpais.com/diario/2007/09/27/espana/1190844015_850215.html,2007-09-26 22:00:00+00:00,El «ferry»-chatarra escapa por Suez,False
train,https://elpais.com/diario/1984/04/30/espana/452124017_850215.html,1984-04-29 22:00:00+00:00,"Dos submarinistas, muertos en una cueva al sur de Tenerife",False
train,https://elpais.com/internacional/2022-07-14/la-subida-de-precios-dispara-las-protestas-en-africa.html,2022-07-14 03:40:00.339000+00:00,La subida de precios dispara las protestas en África,False
train,https://elpais.com/clima-y-medio-ambiente/cambio-climatico/2021-06-28/canada-y-el-noroeste-de-ee-uu-arden-con-temperaturas-que-superan-los-46-grados.html,2021-06-28 18:05:09.136000+00:00,Canadá y el noroeste de EE UU arden con temperaturas que superan los 46 grados,True
train,https://elpais.com/diario/2006/03/31/sociedad/1143756003_850215.html,2006-03-30 22:00:00+00:00,Siete de cada diez españoles consideran la sequía y los incendios problemas graves,True
train,https://elpais.com/america-futura/2022-07-28/la-apuesta-de-chile-por-cosechar-agua-de-niebla-para-combatir-la-mayor-sequia-de-su-historia.html,2022-07-28 05:00:01.611000+00:00,La apuesta de Chile por “cosechar agua” de niebla para combatir la mayor sequía de su historia,True
train,https://elpais.com/sociedad/2022-05-08/tras-32600-sismos-en-dos-meses-la-isla-portuguesa-de-san-jorge-aprende-a-vivir-con-el-riesgo.html,2022-05-08 03:30:00.643000+00:00,"Tras 32.600 sismos en dos meses, la isla portuguesa de San Jorge aprende a vivir con el riesgo",False
train,https://elpais.com/diario/2005/08/27/espana/1125093621_850215.html,2005-08-26 22:00:00+00:00,Minas de agua contra la sequía,True
train,https://elpais.com/internacional/2022-02-22/los-incendios-arrasan-casi-el-10-de-la-provincia-argentina-de-corrientes.html,2022-02-22 14:54:20.661000+00:00,Los incendios arrasan casi el 10% de la provincia argentina de Corrientes,True
train,https://elpais.com/diario/2000/08/30/cvalenciana/967663081_850215.html,2000-08-29 22:00:00+00:00,Medio Ambiente califica de «extrema» la sequía y asegura que las reservas de agua están al 12%,True
train,https://elpais.com/diario/2007/06/08/internacional/1181253602_850215.html,2007-06-07 22:00:00+00:00,La cumbre emite un tercio del CO2 del Mundial de fútbol,False
train,https://elpais.com/espana/madrid/2022-12-15/almeida-culpa-de-las-complicaciones-por-la-lluvia-a-aemet-por-no-alertar-pero-admite-que-podrian-faltar-desagues.html,2022-12-15 18:18:17.646000+00:00,"Almeida culpa de las inundaciones a Aemet por no alertar, pero admite una posible falta de desagües",False
train,https://elpais.com/deportes/2020/02/09/actualidad/1581247947_763403.html,2020-02-09 13:24:13+00:00,El Espanyol es Raúl de Tomás,False
train,https://elpais.com/escaparate/2022-05-27/los-mejores-programadores-de-riego-automaticos.html,2022-05-27 12:29:37.979000+00:00,Los mejores programadores de riego automáticos,False
train,https://elpais.com/politica/2018/01/06/actualidad/1515241418_503255.html,2018-01-07 16:01:46+00:00,La gasolinera de la fortuna,False
train,https://elpais.com/diario/1989/10/31/espana/625791642_850215.html,1989-10-30 23:00:00+00:00,La sed del Norte,True
train,https://elpais.com/internacional/2017/10/29/actualidad/1509233128_276106.html,2017-10-28 23:52:27+00:00,Un frente frío deja al menos seis muertos y 38.000 damnificados en Honduras,False
train,https://elpais.com/diario/2002/07/13/madrid/1026559465_850215.html,2002-07-12 22:00:00+00:00,El Atazar abre sus compuertas para evitar la desecación del río Jarama,True
train,https://elpais.com/planeta-futuro/2022-12-27/un-super-mosquito-invasor-introduce-la-malaria-en-urbes-africanas.html,2022-12-27 04:30:00.347000+00:00,Un súper mosquito invasor introduce la malaria en urbes africanas,False
train,https://elpais.com/sociedad/2013/11/15/actualidad/1384549691_782895.html,2013-11-15 23:09:39+00:00,Cuando sube la temperatura baja la igualdad,True
train,https://elpais.com/mexico/2021-05-15/el-templo-del-virreinato-sumergido-que-la-sequia-devolvio-a-la-luz.html,2021-05-15 21:42:49.342000+00:00,Un templo fantasma del virreinato emerge con la sequía,True
train,https://elpais.com/espana/galicia/2022-11-13/generacion-prestige-asi-son-los-ninos-del-chapapote-20-anos-despues.html,2022-11-13 04:20:00.243000+00:00,Generación ‘Prestige’: así son los niños del chapapote 20 años después,False
train,https://elpais.com/diario/1982/09/08/economia/400284014_850215.html,1982-09-07 22:00:00+00:00,Concretadas las medidas contra la sequía,True
train,https://elpais.com/elpais/2016/09/02/estilo/1472831284_483114.html,2016-09-11 22:08:03+00:00,La moda es el nuevo terreno de juego para los futbolistas,False
train,https://elpais.com/internacional/2016/01/21/america/1453333446_897283.html,2016-01-21 02:23:56+00:00,La sequía en Venezuela se convierte en emergencia,True
train,https://elpais.com/elpais/2018/01/24/media/1516812941_061998.html,2018-01-27 18:16:58+00:00,El agua y la agricultura en España,False
train,https://elpais.com/babelia/2021-01-15/infierno-sonambulo.html,2021-01-15 23:30:00+00:00,Infierno sonámbulo,False
train,https://elpais.com/diario/2007/01/18/paisvasco/1169152800_850215.html,2007-01-17 23:00:00+00:00,Los pantanos que surten al 60% de los vascos caen al nivel del inicio de la sequía de los 90,True
train,https://elpais.com/cultura/2021-07-02/galicia-dedicara-su-fiesta-de-las-letras-de-2022-al-poeta-florencio-delgado-gurriaran-hilo-conductor-con-el-exilio-en-mexico.html,2021-07-02 19:28:03.674000+00:00,"Galicia dedicará su fiesta de las letras de 2022 al poeta Florencio Delgado Gurriarán, hilo conductor con el exilio en México",False
train,https://elpais.com/diario/1999/08/20/cvalenciana/935176683_850215.html,1999-08-19 22:00:00+00:00,CARLOS SANCLEMENTE «Nos acecha una nueva crisis del agua»,True
train,https://elpais.com/diario/1990/08/22/espana/651276011_850215.html,1990-08-21 22:00:00+00:00,300 municipios españoles padecen restricciones de agua,True
train,https://elpais.com/diario/2008/04/03/espana/1207173615_850215.html,2008-04-02 22:00:00+00:00,"Las nubes, a la mitad",True
train,https://elpais.com/diario/1995/11/21/espana/816908419_850215.html,1995-11-20 23:00:00+00:00,Las últimas lluvias no han logrado mitigar los perjuicios de la sequía,True
train,https://elpais.com/deportes/2020-05-22/laliga-aguarda-ya-el-cambio-de-fase.html,2020-05-22 17:56:16.582000+00:00,LaLiga aguarda ya el cambio de fase,False
train,https://elpais.com/diario/2008/03/31/opinion/1206914401_850215.html,2008-03-30 22:00:00+00:00,"Barcelona, sedienta",True
train,https://elpais.com/opinion/2022-07-14/gestionar-el-agua.html,2022-07-14 03:00:01.511000+00:00,Gestionar el agua,True
train,https://elpais.com/diario/1985/10/24/espana/498956423_850215.html,1985-10-23 23:00:00+00:00,Los campesinos reclaman que se declare zona catastrófica la cornisa cantábrica,True
train,https://elpais.com/diario/1981/05/28/espana/359848827_850215.html,1981-05-27 22:00:00+00:00,2.000 toneladas de peces pueden morir por la sequía,True
train,https://elpais.com/diario/2004/08/28/viajero/1093727288_850215.html,2004-08-27 22:00:00+00:00,Naturaleza extensa en El Rompido,False
train,https://elpais.com/diario/2000/10/15/deportes/971560806_850215.html,2000-10-14 22:00:00+00:00,El Rayo aguantó al Espanyol,False
train,https://elpais.com/diario/2008/04/18/catalunya/1208480838_850215.html,2008-04-17 22:00:00+00:00,Los embalses aumentan su caudal por primera vez en un año,True
train,https://elpais.com/economia/2015/04/27/actualidad/1430135876_461326.html,2015-04-27 12:01:49+00:00,El presidente de Endesa demanda estabilidad política tras los comicios,False
train,https://elpais.com/diario/1999/02/10/cvalenciana/918677892_850215.html,1999-02-09 23:00:00+00:00,Las Cámaras y la CHJ acercan las ventajas fiscales a las empresas «verdes»,True
train,https://elpais.com/diario/2005/06/30/espana/1120082425_850215.html,2005-06-29 22:00:00+00:00,«Pedimos el agua que sobra»,True
train,https://elpais.com/deportes/2021-10-01/el-athletic-derriba-la-resistencia-del-alaves.html,2021-10-01 21:34:31.312000+00:00,El Athletic derriba la resistencia del Alavés ,False
train,https://elpais.com/diario/2006/07/12/madrid/1152703455_850215.html,2006-07-11 22:00:00+00:00,"No eran nubes, era polvo",True
train,https://elpais.com/diario/2005/10/09/catalunya/1128820039_850215.html,2005-10-08 22:00:00+00:00,La sequía llena Sau de turistas,True
train,https://elpais.com/diario/1995/08/22/madrid/809090658_850215.html,1995-08-21 22:00:00+00:00,"Los afectados por la explosión de Gas Natural, realojados en pisos de alquiler",False
train,https://elpais.com/clima-y-medio-ambiente/2022-02-04/la-comision-europea-amenaza-con-multar-a-espana-por-la-desproteccion-de-donana.html,2022-02-04 19:15:51.374000+00:00,La Comisión Europea amenaza con multar a España por la desprotección de Doñana ,True
train,https://elpais.com/diario/2008/05/15/catalunya/1210813641_850215.html,2008-05-14 22:00:00+00:00,Aragón reclama que se paralice la tubería del Ebro a Barcelona,False
train,https://elpais.com/diario/1995/08/29/sociedad/809647201_850215.html,1995-08-28 22:00:00+00:00,La sequía origina daños ambientales valorados en 100.000 millones anuales,True
train,https://elpais.com/diario/2007/12/12/cvalenciana/1197490689_850215.html,2007-12-11 23:00:00+00:00,«La  desertificación empujará a millones de personas al norte»,True
train,https://elpais.com/diario/1999/12/06/cvalenciana/944511486_850215.html,1999-12-05 23:00:00+00:00,El Consell incentiva los estudios contra la desertificación,False
train,https://elpais.com/espana/comunidad-valenciana/2022-10-20/40-anos-del-crac-de-la-presa-de-tous-la-pantanada-anego-toda-una-comarca-valenciana.html,2022-10-20 12:26:53.982000+00:00,40 años del crac de la presa de Tous: la ‘pantanada’ que anegó toda una comarca valenciana,False
train,https://elpais.com/diario/1981/02/13/espana/350866826_850215.html,1981-02-12 23:00:00+00:00,Badajoz recibirá agua en cisternas,True
train,https://elpais.com/elpais/2018/06/17/opinion/1529252730_238554.html,2018-06-17 18:56:26+00:00,España tiene pendiente su más larga transición,True
train,https://elpais.com/diario/1981/12/18/espana/377478028_850215.html,1981-12-17 23:00:00+00:00,Aumentan las poblaciones de Badajoz en «alerta roja» por la sequía,True
train,https://elpais.com/diario/2003/08/23/madrid/1061637856_850215.html,2003-08-22 22:00:00+00:00,La ola de calor disparó el consumo de energía eléctrica en la Comunidad,False
train,https://elpais.com/diario/2008/06/05/catalunya/1212628038_850215.html,2008-06-04 22:00:00+00:00,La sequía se ceba en el Alt Empordà,True
train,https://elpais.com/diario/1981/03/14/espana/353372430_850215.html,1981-03-13 23:00:00+00:00,Lloverá en toda España durante los próximos días,True
train,https://elpais.com/diario/2005/09/29/espana/1127944811_850215.html,2005-09-28 22:00:00+00:00,Madrid y Málaga prohíben regar jardines y llenar piscinas por la «inédita» sequía,True
train,https://elpais.com/diario/1993/06/11/madrid/739797855_850215.html,1993-06-10 22:00:00+00:00,Se acabaron las restricciones en el riego,True
train,https://elpais.com/diario/2000/09/30/catalunya/970276059_850215.html,2000-09-29 22:00:00+00:00,La situación de los embalses catalanes no mejora pese a las últimas lluvias,True
train,https://elpais.com/diario/1997/11/04/madrid/878646258_850215.html,1997-11-03 23:00:00+00:00,"Cinco obreros, heridos al caerse en otras tantas obras de la región",False
train,https://elpais.com/diario/2005/09/30/espana/1128031227_850215.html,2005-09-29 22:00:00+00:00,Multas de hasta 46.000 euros en Madrid por regar  los jardines con  agua potable,True
train,https://elpais.com/elviajero/2016/04/04/actualidad/1459759593_299534.html,2016-04-06 17:24:27+00:00,Bangkok se moja en Año Nuevo,True
train,https://elpais.com/diario/1982/11/18/espana/406422030_850215.html,1982-11-17 23:00:00+00:00,21 poblaciones se encuentran en «alerta roja» por la sequía pese a las últimas lluvias,True
train,https://elpais.com/diario/2009/01/13/catalunya/1231812438_850215.html,2009-01-12 23:00:00+00:00,Medio Ambiente da por acabada la sequía en el Empordà,True
train,https://elpais.com/diario/1985/05/12/internacional/484696807_850215.html,1985-05-11 22:00:00+00:00,Desierto y hambre,True
train,https://elpais.com/ccaa/2016/08/10/madrid/1470853829_071481.html,2016-08-11 15:35:17+00:00,Vecinos de Campamento denuncian la sequía que sufre un humedal,True
train,https://elpais.com/diario/2003/03/08/cvalenciana/1047154701_850215.html,2003-03-07 23:00:00+00:00,Agua despolitizada,False
train,https://elpais.com/diario/2008/05/13/andalucia/1210630926_850215.html,2008-05-12 22:00:00+00:00,"La Axarquía, posible nueva zona de sequía",True
train,https://elpais.com/deportes/2016/07/15/actualidad/1468610330_855458.html,2016-07-18 14:21:59+00:00,La ACB pone una denuncia por el caso del pasaporte de KC Rivers,False
train,https://elpais.com/economia/2022-03-18/las-fabricas-de-piensos-alertan-que-se-quedan-sin-reservas-de-cereal.html,2022-03-18 15:52:47.424000+00:00,Las fábricas de piensos alertan que se quedan sin reservas de cereal,False
train,https://elpais.com/diario/1998/07/31/internacional/901836011_850215.html,1998-07-30 22:00:00+00:00,"Un millón de cubanos, afectados por la peor sequía de los últimos 40 años",True
train,https://elpais.com/diario/1991/03/07/sociedad/668300404_850215.html,1991-03-06 23:00:00+00:00,La muerte por hambre amenaza a millones de personas en Etiopía y Sudán,True
train,https://elpais.com/diario/1982/05/12/economia/390002416_850215.html,1982-05-11 22:00:00+00:00,Agricultores de Castilla-León piden la declaración de zona catastrófica,True
train,https://elpais.com/planeta-futuro/2021-11-04/africa-exige-mas-fondos-en-la-cop26-para-mantener-su-resiliencia-contra-el-calentamiento.html,2021-11-04 04:03:33.693000+00:00,África exige más fondos en la COP26 para mantener su resiliencia contra el calentamiento,True
train,https://elpais.com/diario/2008/04/04/catalunya/1207271244_850215.html,2008-04-03 22:00:00+00:00,Agua: reflexiones incorrectas,True
train,https://elpais.com/deportes/2023-01-17/muguruza-sigue-sin-encontrar-la-luz.html,2023-01-17 04:29:48.751000+00:00,Muguruza sigue sin encontrar la luz,False
train,https://elpais.com/clima-y-medio-ambiente/2022-10-26/bruselas-quiere-reducir-las-muertes-por-contaminacion-del-aire-en-mas-del-75-en-una-decada.html,2022-10-26 11:14:58.210000+00:00,Bruselas quiere reducir las muertes por contaminación del aire en más del 75% en una década,False
train,https://elpais.com/politica/2017/11/14/actualidad/1510686070_925820.html,2017-11-15 10:41:17+00:00,"La reserva de agua del Duero y del Miño, en mínimo histórico",True
train,https://elpais.com/diario/1990/07/01/madrid/646831466_850215.html,1990-06-30 22:00:00+00:00,Los náufragos de San Fernando,False
train,https://elpais.com/diario/1999/07/17/sociedad/932162405_850215.html,1999-07-16 22:00:00+00:00,Una plaga de langostas devasta cerca de 85.000 hectáreas en Rusia,True
train,https://elpais.com/diario/1987/09/25/espana/559519226_850215.html,1987-09-24 22:00:00+00:00,Sequía en Cantabria.,True
train,https://elpais.com/diario/1999/09/05/espana/936482413_850215.html,1999-09-04 22:00:00+00:00,Camiones cisterna para Grazalema,True
train,https://elpais.com/diario/1981/07/31/madrid/365426654_850215.html,1981-07-30 22:00:00+00:00,El Plan de Saneamiento integral y el agua de Madrid/1,False
train,https://elpais.com/diario/2005/11/14/andalucia/1131924139_850215.html,2005-11-13 23:00:00+00:00,Innovar en materia ambiental,False
train,https://elpais.com/economia/2017/02/17/actualidad/1487358621_373669.html,2017-02-21 17:54:18+00:00,El aceite de oliva alcanza precios máximos en una década,True
train,https://elpais.com/diario/1999/08/08/madrid/934111473_850215.html,1999-08-07 22:00:00+00:00,Agua en Madrid,False
train,https://elpais.com/espana/2022-12-14/uno-de-los-afectados-por-las-inundaciones-en-extremadura-no-me-queda-nada-no-tengo-ni-calzoncillos.html,2022-12-14 20:54:08.219000+00:00,"Uno de los afectados por las inundaciones en Extremadura: “No me queda nada, no tengo ni calzoncillos” ",False
train,https://elpais.com/ccaa/2013/01/30/valencia/1359566383_198067.html,2013-01-30 17:25:00+00:00,El juzgado mantiene la suspensión cautelar del concurso del agua en Gandia,False
train,https://elpais.com/espana/2022-08-17/la-comarca-de-busturialdea-espera-la-llegada-de-un-carguero-para-paliar-la-escasez-de-agua-no-podemos-ni-tirar-de-la-cadena-del-vater-por-las-noches.html,2022-08-17 03:40:00.299000+00:00,La comarca de Busturialdea espera la llegada de un carguero para paliar la escasez de agua: “No podemos ni tirar de la cadena del váter por las noches”,True
train,https://elpais.com/diario/2004/04/29/espana/1083189625_850215.html,2004-04-28 22:00:00+00:00,IU denunciará al director de Marina Mercante por coacciones a un testigo del alejamiento del «Prestige»,False
train,https://elpais.com/elpais/2018/11/07/ciencia/1541614963_687614.html,2018-11-08 10:05:56+00:00,El Centro de Investigación en Agrigenómica crea plantas resistentes a la sequía más extrema,True
train,https://elpais.com/diario/2006/06/05/agenda/1149458402_850215.html,2006-06-04 22:00:00+00:00,Verano ovino,False
train,https://elpais.com/economia/2016/06/17/actualidad/1466154025_586327.html,2016-06-20 14:29:02+00:00,Los muebles ya no se tiran,False
train,https://elpais.com/sociedad/2012/03/16/actualidad/1331903488_597209.html,2012-03-16 13:11:28+00:00,Las lluvias de la primavera no compensarán la sequía actual,True
train,https://elpais.com/elpais/2015/11/18/ciencia/1447867686_497252.html,2015-11-20 19:03:49+00:00,"La mitad de las especies de árboles del Amazonas, en peligro de extinción",True
train,https://elpais.com/diario/2007/12/07/catalunya/1196993244_850215.html,2007-12-06 23:00:00+00:00,"El Ter, bajo mínimos",True
train,https://elpais.com/deportes/2021-01-02/el-sevilla-escapa-vivo-ante-un-betis-orgulloso.html,2021-01-02 17:43:52.493000+00:00,El Sevilla escapa vivo ante un Betis orgulloso (1-1),False
train,https://elpais.com/diario/1978/07/04/economia/268351216_850215.html,1978-07-03 22:00:00+00:00,La central socialista rinde homenaje a Wenceslalo Carrillo,False
train,https://elpais.com/diario/1981/08/25/espana/367538419_850215.html,1981-08-24 22:00:00+00:00,Polémica en Huelva por la utilización que pretende el Gobierno de las aguas del río Chanza,True
train,https://elpais.com/escaparate/2021-03-20/11-organizadores-de-especias-baratos-para-ganar-espacio-en-la-cocina.html,2021-03-20 23:30:00+00:00,11 organizadores de especias para ganar espacio en la cocina,False
train,https://elpais.com/diario/1998/02/02/deportes/886374024_850215.html,1998-02-01 23:00:00+00:00,El Espanyol suma seis puntos de 24 posibles,False
train,https://elpais.com/diario/2002/02/22/sociedad/1014332405_850215.html,2002-02-21 23:00:00+00:00,El Ebro toca fondo,True
train,https://elpais.com/diario/1998/08/03/cvalenciana/902171883_850215.html,1998-08-02 22:00:00+00:00,Los recursos hídricos en el 2060 disminuirán un 22% en el río Júcar y un 28% en el Segura,True
train,https://elpais.com/elpais/2017/01/21/tentaciones/1484990574_231044.html,2017-01-21 09:41:06+00:00,¡Ya hemos visto Trainspotting 2! Te contamos la peli entera (sin spoilers),False
train,https://elpais.com/diario/2005/06/26/espana/1119736818_850215.html,2005-06-25 22:00:00+00:00,«Sin agua del Tajo tardaremos años en recuperarnos»,True
train,https://elpais.com/sociedad/2019/05/25/actualidad/1558780657_637827.html,2019-05-26 08:06:47+00:00,El río Colorado se seca,True
train,https://elpais.com/diario/2005/06/24/catalunya/1119575255_850215.html,2005-06-23 22:00:00+00:00,El bosque es una tea,True
train,https://elpais.com/ccaa/2013/07/02/catalunya/1372786776_288696.html,2013-07-02 17:48:45+00:00,El caracol manzana coloniza ya 2.200 hectáreas del Delta del Ebro,False
train,https://elpais.com/diario/1992/04/25/internacional/704152808_850215.html,1992-04-24 22:00:00+00:00,Más de 50 muertes diarias en Etiopía a causa de la sequía,True
train,https://elpais.com/sociedad/2012/07/29/actualidad/1343581582_694591.html,2012-07-30 00:26:29+00:00,Un océano bajo las arenas de África,False
train,https://elpais.com/diario/2006/09/29/cvalenciana/1159557497_850215.html,2006-09-28 22:00:00+00:00,Los embalses del Júcar almacenan un 82% menos de agua que hace dos años,True
train,https://elpais.com/diario/2002/08/17/internacional/1029535203_850215.html,2002-08-16 22:00:00+00:00,Plan de Schröder contra el paro,False
train,https://elpais.com/sociedad/2021-11-29/agricultores-de-plataneras-el-trabajo-que-ya-era-el-mas-duro-de-la-palma-es-para-desmayarse-por-el-volcan.html,2021-11-29 04:30:00+00:00,Agricultores de plataneras: el trabajo que ya era el “más duro” de La Palma es “para desmayarse” por el volcán,False
train,https://elpais.com/planeta-futuro/2022-01-17/el-pueblo-dividido-por-una-macrogranja-de-cerdos.html,2022-01-17 04:35:00+00:00,El pueblo dividido por una macrogranja de cerdos,False
train,https://elpais.com/diario/1983/08/31/espana/431128807_850215.html,1983-08-30 22:00:00+00:00,Los Gobiernos vasco y central evaluarán conjuntamente los daños de la catástrofe,False
train,https://elpais.com/ccaa/2014/09/19/valencia/1411122236_890218.html,2014-09-19 10:25:57+00:00,Sanidad declara no potable el agua de L’Alcora,True
train,https://elpais.com/diario/2001/08/29/internacional/999036002_850215.html,2001-08-28 22:00:00+00:00,La sequía está causando más daños en Centroamérica que el huracán «Mitch»,True
train,https://elpais.com/elpais/2018/11/05/gente/1541419316_545491.html,2018-11-05 15:16:50+00:00,Hiba Abouk confirma su relación con el futbolista Achraf Hakimi,False
train,https://elpais.com/espana/2022-02-13/arsenico-en-el-grifo-de-casa.html,2022-02-13 04:30:00.401000+00:00,Arsénico en el grifo de casa,True
train,https://elpais.com/mexico/2022-07-12/las-autoridades-declaran-el-inicio-de-la-emergencia-por-sequia-en-mexico.html,2022-07-12 21:53:32.016000+00:00,Las autoridades declaran el inicio de la emergencia por sequía en México,True
train,https://elpais.com/diario/1996/02/12/economia/824079610_850215.html,1996-02-11 23:00:00+00:00,Las lluvias dan un vuelco a la previsión de producciones para la próxima campaña agrícola,True
train,https://elpais.com/deportes/2018/05/12/actualidad/1526136035_258027.html,2018-05-13 12:32:07+00:00,El Barcelona defenderá su condición de invicto en casa del Levante sin Messi,False
train,https://elpais.com/diario/1983/02/02/espana/412988430_850215.html,1983-02-01 23:00:00+00:00,La Junta solicita expedientes para pedir la declaración de zona catastrófica,True
train,https://elpais.com/diario/2008/04/14/catalunya/1208135239_850215.html,2008-04-13 22:00:00+00:00,La sequía dispara la alarma y un alud de quejas en el sector turístico,True
train,https://elpais.com/diario/2005/10/24/andalucia/1130106127_850215.html,2005-10-23 22:00:00+00:00,Sequía y despilfarro,True
train,https://elpais.com/elpais/2015/02/28/estilo/1425163060_670430.html,2015-02-28 22:40:21+00:00,Otro árbol para George Harrison,False
train,https://elpais.com/diario/1998/12/14/andalucia/913591339_850215.html,1998-12-13 23:00:00+00:00,Sastres de sofá,False
train,https://elpais.com/diario/1995/04/06/portada/797119202_850215.html,1995-04-05 22:00:00+00:00,Ocho millones de españoles carecerán de agua para beber a partir de otoño,True
train,https://elpais.com/deportes/2021-04-12/se-suspende-el-minnesota-brooklyn-despues-de-que-la-policia-matara-a-un-joven-negro.html,2021-04-12 21:49:27.869000+00:00,Se suspende el Minnesota-Brooklyn después de que la policía matara a un joven negro,False
train,https://elpais.com/diario/2007/11/17/catalunya/1195265239_850215.html,2007-11-16 23:00:00+00:00,Barcelona tendrá cortes de agua en marzo si no llueve,True
train,https://elpais.com/diario/2006/02/05/madrid/1139142264_850215.html,2006-02-04 23:00:00+00:00,Desconvocada la huelga de limpieza en el hospital Ramón y Cajal,False
train,https://elpais.com/internacional/2022-10-03/todo-estados-unidos-esta-con-ustedes-dice-biden-a-los-puertorriquenos-tras-el-golpe-del-huracan-fiona.html,2022-10-03 20:43:02.457000+00:00,"“Todo Estados Unidos está con ustedes”, dice Biden a los puertorriqueños tras el golpe del huracán ‘Fiona’",False
train,https://elpais.com/deportes/2020/02/18/actualidad/1582033297_793518.html,2020-02-18 18:02:16+00:00,"Carlos Alcaraz, la joya que viene",False
train,https://elpais.com/internacional/2018/07/20/mundo_global/1532091419_132354.html,2018-07-22 05:36:45+00:00,Reino Unido ya no es verde visto desde el espacio,True
train,https://elpais.com/ccaa/2012/06/29/galicia/1340992433_803364.html,2012-06-29 17:53:53+00:00,El plan antisequía permite captar agua de ríos que estén bajo mínimos,True
train,https://elpais.com/diario/2008/12/24/catalunya/1230084443_850215.html,2008-12-23 23:00:00+00:00,65 obras del «plan Zapatero» darán trabajo a 1.400 personas en Barcelona,False
train,https://elpais.com/diario/2000/09/17/cvalenciana/969218294_850215.html,2000-09-16 22:00:00+00:00,La sequía retrasa la vendimia en Utiel-Requena hasta octubre,True
train,https://elpais.com/espana/2022-10-07/golpe-a-los-ladrones-del-cobre-de-las-depuradoras.html,2022-10-07 13:13:54.502000+00:00,Golpe a los ladrones del cobre de las depuradoras ,False
train,https://elpais.com/espana/madrid/2021-09-26/agobiados-por-el-alquiler-los-desahucios-por-impago-suben-un-10-en-el-segundo-semestre.html,2021-09-26 08:05:25.421000+00:00,Agobiados por el alquiler: los desahucios por impago suben un 10% en el segundo semestre,False
train,https://elpais.com/diario/1999/05/20/sociedad/927151202_850215.html,1999-05-19 22:00:00+00:00,El polen de un tipo de maíz transgénico mata a ciertas larvas,False
train,https://elpais.com/diario/1981/02/13/espana/350866827_850215.html,1981-02-12 23:00:00+00:00,"UCD de Guadalajara, contra la construcción de un embalse",False
train,https://elpais.com/ccaa/2012/08/12/andalucia/1344792939_002429.html,2012-08-12 21:49:37+00:00,La falta de agua convierte a los conejos en plaga en 137 municipios andaluces,True
train,https://elpais.com/diario/2005/06/08/espana/1118181626_850215.html,2005-06-07 22:00:00+00:00,"El caudal de los ríos ha caído notablemente en un año, excepto en las cuencas del norte",True
train,https://elpais.com/diario/1976/06/23/economia/204328810_850215.html,1976-06-22 22:00:00+00:00,Descenso de la producción agrícola por la sequía,True
train,https://elpais.com/diario/1992/03/19/espana/700959606_850215.html,1992-03-18 23:00:00+00:00,Caudales extra para los veraneantes de Benidorm y Huelva,True
train,https://elpais.com/deportes/2018/07/20/actualidad/1532080912_424900.html,2018-07-20 20:06:30+00:00,El Barça la saca con la zurda,False
train,https://elpais.com/elviajero/2014/10/03/actualidad/1412338781_216831.html,2014-10-05 22:00:03+00:00,Creatividad sobre los escombros de Christchurch,False
train,https://elpais.com/diario/2005/09/30/madrid/1128079457_850215.html,2005-09-29 22:00:00+00:00,¿Impopularidad?,True
train,https://elpais.com/politica/2018/03/13/actualidad/1520939946_261839.html,2018-03-14 09:34:54+00:00,El agua embalsada aumenta cerca de un 25% en solo dos semanas de lluvias,True
train,https://elpais.com/diario/1983/06/24/economia/425253619_850215.html,1983-06-23 22:00:00+00:00,El Ministerio de Agricultura cambia la filosofía de las medidas contra la sequía,True
train,https://elpais.com/diario/2005/05/09/cvalenciana/1115666304_850215.html,2005-05-08 22:00:00+00:00,«La producción agrícola puede ayudar a cumplir con Kyoto»,False
train,https://elpais.com/diario/1995/08/23/madrid/809177056_850215.html,1995-08-22 22:00:00+00:00,Cuatro pueblos serranos beben agua maloliente,True
train,https://elpais.com/diario/1999/08/29/ultima/935877602_850215.html,1999-08-28 22:00:00+00:00,La guerra de los retretes,True
train,https://elpais.com/elpais/2018/01/02/opinion/1514910353_847862.html,2018-01-02 17:32:35+00:00,"2018, un buen año",True
train,https://elpais.com/deportes/2022-04-20/wimbledon-veta-a-los-tenistas-rusos-y-bielorrusos-por-la-guerra-de-ucrania.html,2022-04-20 14:49:23.355000+00:00,Wimbledon veta a los tenistas rusos y bielorrusos por la guerra de Ucrania,False
train,https://elpais.com/diario/2008/04/18/espana/1208469609_850215.html,2008-04-17 22:00:00+00:00,Valencia y Murcia lucharán por el agua en el Constitucional,False
train,https://elpais.com/diario/1989/11/03/espana/626050823_850215.html,1989-11-02 23:00:00+00:00,La 	sed de Euskadi,True
train,https://elpais.com/diario/2003/10/12/cvalenciana/1065986305_850215.html,2003-10-11 22:00:00+00:00,El intenso calor y la escasez de lluvias del verano propician una campaña vitivinícola histórica,True
train,https://elpais.com/diario/1993/08/13/opinion/745192810_850215.html,1993-08-12 22:00:00+00:00,La Iluvia en Sevilla es rara maravilla,True
train,https://elpais.com/diario/1995/09/23/economia/811807205_850215.html,1995-09-22 22:00:00+00:00,"50.000 hectáreas de vid, perdidas en La Mancha a  causa de la sequía",True
train,https://elpais.com/elpais/2015/11/17/planeta_futuro/1447778781_613944.html,2015-11-18 09:51:33+00:00,Etiopía lucha contra la peor sequía en décadas,True
train,https://elpais.com/diario/2003/01/20/economia/1043017212_850215.html,2003-01-20 02:10:00+00:00,La importación de cereales enfrenta a los agricultores con los ganaderos,False
train,https://elpais.com/comunicacion/el-pais-que-hacemos/2022-07-28/bienvenidos-a-america-futura.html,2022-07-28 05:00:00.586000+00:00,Bienvenidos a América Futura,False
train,https://elpais.com/diario/2005/10/11/sociedad/1128981609_850215.html,2005-10-11 01:21:00+00:00,España adquiere derechos de emisión de nueve millones de toneladas de CO2,True
train,https://elpais.com/diario/1985/12/19/madrid/503843058_850215.html,1985-12-18 23:00:00+00:00,"José Ramón Pin Arboledas,",False
train,https://elpais.com/clima-y-medio-ambiente/2022-12-23/los-gases-que-calientan-el-planeta-vuelven-a-crecer-en-espana-aunque-sin-llegar-a-los-niveles-prepandemia.html,2022-12-23 04:30:00.781000+00:00,Los gases que calientan el planeta vuelven a crecer en España aunque sin llegar a los niveles prepandemia,True
train,https://elpais.com/diario/2008/01/31/andalucia/1201735336_850215.html,2008-01-30 23:00:00+00:00,Los embalses para regadío de la CHG están en situación de «emergencia»,True
train,https://elpais.com/diario/2005/10/04/cvalenciana/1128453478_850215.html,2005-10-03 22:00:00+00:00,El Gobierno prepara medidas contra la sequía en el Júcar y el Segura,True
train,https://elpais.com/elpais/2020/10/01/escaparate/1601563472_129072.html,2020-10-03 22:12:19+00:00,Las mejores lámparas LED para cada habitación,False
train,https://elpais.com/deportes/2019/08/17/actualidad/1566065367_172576.html,2019-08-17 22:18:05+00:00,"Atlético: João Félix y la incógnita
de la solidez",False
train,https://elpais.com/diario/1993/09/29/opinion/749257208_850215.html,1993-09-28 23:00:00+00:00,La manipulación de la «pertinaz» sequía,True
train,https://elpais.com/diario/2008/03/31/espana/1206914402_850215.html,2008-03-30 22:00:00+00:00,Los regantes de Lleida exigen retener «su» río Segre,True
train,https://elpais.com/diario/1981/12/04/espana/376268427_850215.html,1981-12-03 23:00:00+00:00,"La sequía ha provocado pérdidas por valor de 50.000 millones, según la Junta",True
train,https://elpais.com/internacional/2014/01/23/actualidad/1390439914_519119.html,2014-01-23 01:18:34+00:00,La sequía amenaza el futuro de California,True
train,https://elpais.com/diario/2005/07/25/economia/1122242410_850215.html,2005-07-24 22:00:00+00:00,Agricultura y las comunidades retrasan las ayudas por la sequía y la subida del gasóleo,True
train,https://elpais.com/diario/1995/08/10/espana/808005605_850215.html,1995-08-09 22:00:00+00:00,134 pueblos de Castilla y  León se encuentran en alerta roja,True
train,https://elpais.com/ccaa/2012/10/17/valencia/1350498937_631577.html,2012-10-17 18:37:37+00:00,Los usuarios del Júcar exigen garantías para transferir agua al Vinalopó,False
train,https://elpais.com/diario/1999/01/10/sociedad/915922802_850215.html,1999-01-09 23:00:00+00:00,El Guadalquivir almacena líquido para soportar tres años secos,True
train,https://elpais.com/diario/1985/06/19/espana/487980030_850215.html,1985-06-18 22:00:00+00:00,Oposición en Granada al trasvase de agua al embalse almeriense de Beninar,True
train,https://elpais.com/diario/1981/01/28/madrid/349532657_850215.html,1981-01-27 23:00:00+00:00,Fuertes pérdidas económicas en la agricultura y la ganadería de la provincia a causa de la sequía,True
train,https://elpais.com/sociedad/2014/04/16/actualidad/1397678100_138891.html,2014-04-16 22:42:53+00:00,La pesca del tiburón divide a Australia,False
train,https://elpais.com/deportes/2022-01-31/de-la-copa-de-africa-al-campo-de-reeducacion.html,2022-01-31 04:15:00.376000+00:00,De la Copa de África al campo de reeducación,False
train,https://elpais.com/economia/2019/10/23/actualidad/1571849944_037790.html,2019-10-23 23:01:39+00:00,Las eléctricas perderán este año 1.000 millones con las plantas de carbón,False
train,https://elpais.com/diario/2005/05/16/andalucia/1116195731_850215.html,2005-05-15 22:00:00+00:00,Las reservas aseguran el suministro de agua sin restricciones este año,True
train,https://elpais.com/ccaa/2012/02/29/galicia/1330530238_575305.html,2012-02-29 15:43:58+00:00,Galicia registra el febrero más seco en 50 años un 90% menos de lo normal,True
train,https://elpais.com/diario/1982/08/27/espana/399247224_850215.html,1982-08-26 22:00:00+00:00,Más de 140.000 personas reciben suministro de agua por medio de           camiones-cisterna,True
train,https://elpais.com/elpais/2019/05/06/eps/1557163443_825155.html,2019-05-11 22:33:45+00:00,Seis ciudades de la mano de seis personajes,False
train,https://elpais.com/clima-y-medio-ambiente/2022-11-30/un-plan-de-choque-de-356-millones-para-intentar-salvar-donana-de-su-creciente-declive.html,2022-11-30 20:34:20.572000+00:00,Un plan de choque de 356 millones para intentar salvar Doñana de su creciente declive ,True
train,https://elpais.com/espana/2022-08-29/historia-de-un-bombero-en-el-verano-del-fuego-mi-madre-me-pide-todos-los-dias-que-lo-deje.html,2022-08-29 03:40:00.670000+00:00,Historia de un bombero en el verano del fuego: “Mi madre me pide todos los días que lo deje”,True
train,https://elpais.com/espana/catalunya/2022-01-13/plan-de-choque-para-contener-un-50-mas-de-incendios-forestales.html,2022-01-13 16:53:48.993000+00:00,Plan de choque para contener un 50% más de incendios forestales,True
train,https://elpais.com/sociedad/2019/12/27/actualidad/1577436214_610682.html,2019-12-28 17:31:13+00:00,La falsa muerte de las cataratas Victoria,True
train,https://elpais.com/diario/2010/08/06/portada/1281045602_850215.html,2010-08-06 05:00:00+00:00,Rusia suspende la exportación de trigo por la sequía y los fuegos,True
train,https://elpais.com/deportes/2021/06/23/es_laliga/1624462053_287224.html,2021-06-24 14:51:41+00:00,Las armas de los recién ascendidos,False
train,https://elpais.com/deportes/2020/02/19/actualidad/1582131470_464948.html,2020-02-19 17:13:35+00:00,El Mirandés se siente ninguneado,False
train,https://elpais.com/icon/actualidad/2022-04-01/quiero-hablar-con-una-persona-como-la-atencion-al-cliente-personalizada-se-convirtio-en-un-lujo.html,2022-04-01 03:20:00.351000+00:00,“Quiero hablar con una persona”: cómo la atención al cliente personalizada se convirtió en un lujo,False
train,https://elpais.com/clima-y-medio-ambiente/2022-08-19/el-gobierno-aumentara-un-17-la-capacidad-de-desalinizacion-marina-para-garantizar-el-riego-en-el-sureste-de-espana.html,2022-08-19 03:30:00.391000+00:00,La sequía fuerza a España a invertir más de 300 millones en las desaladoras ,True
train,https://elpais.com/internacional/2022-11-28/un-nuevo-balance-eleva-la-cifra-de-muertos-por-el-corrimiento-de-tierra-en-la-isla-italiana-de-ischia.html,2022-11-28 06:46:58.785000+00:00,Las autoridades elevan a ocho los muertos por el corrimiento de tierra en la isla italiana de Ischia,False
train,https://elpais.com/diario/2008/04/20/catalunya/1208653638_850215.html,2008-04-19 22:00:00+00:00,Los regantes de Lleida ofrecen tubos y bombas de agua,True
train,https://elpais.com/gente/2021-08-01/matthew-mcconaughey-que-digan-que-me-interpreto-a-mi-mismo-es-el-mejor-halago-que-me-pueden-hacer.html,2021-07-31 23:43:10.619000+00:00,Matthew McConaughey: “Mi libro no va de cómo abusaron de mí. Eso convertiría a mis lectores en ‘voyeurs”,False
train,https://elpais.com/diario/2006/05/26/cvalenciana/1148671093_850215.html,2006-05-25 22:00:00+00:00,La oposición elude votar la lista de comparecencias de la comisión de la sequía,False
train,https://elpais.com/diario/2005/05/21/cvalenciana/1116703077_850215.html,2005-05-20 22:00:00+00:00,20 ayuntamientos de la Ribera apoyan la protesta contra el trasvase del Júcar,True
train,https://elpais.com/economia/2019/09/29/actualidad/1569776771_573974.html,2019-09-29 22:05:51+00:00,El cambio climático eleva los pagos de los seguros agrarios,True
train,https://elpais.com/internacional/2014/10/13/actualidad/1413217526_922435.html,2014-10-13 17:19:57+00:00,La sequía asusta a California,True
train,https://elpais.com/diario/2005/05/09/cvalenciana/1115666298_850215.html,2005-05-08 22:00:00+00:00,Con la vista puesta en el cielo,True
train,https://elpais.com/diario/2008/04/15/catalunya/1208221643_850215.html,2008-04-14 22:00:00+00:00,ICV defiende a Baltasar con un argumentario,True
train,https://elpais.com/diario/2005/05/30/andalucia/1117405345_850215.html,2005-05-29 22:00:00+00:00,La cosecha de cerezas se reduce entre el 60% y el 90% en Jaén,True
train,https://elpais.com/elpais/2016/09/30/planeta_futuro/1475249062_216645.html,2016-10-26 06:27:39+00:00,Sin agua no hay comida,True
train,https://elpais.com/diario/1983/06/30/radiotv/425772004_850215.html,1983-06-29 22:00:00+00:00,Sequía mitológica,False
train,https://elpais.com/economia/2017/11/10/actualidad/1510335366_495010.html,2017-11-13 08:44:41+00:00,La extrema sequía pasa factura al recibo de la luz,True
train,https://elpais.com/diario/2005/09/07/espana/1126044018_850215.html,2005-09-06 22:00:00+00:00,La Confederación del Segura abre cuatro pozos para salvar los cultivos,True
train,https://elpais.com/diario/1999/09/14/andalucia/937261326_850215.html,1999-09-13 22:00:00+00:00,El PSOE centrará en el agua sus reivindicaciones al Gobierno central,True
train,https://elpais.com/diario/2005/10/10/espana/1128895218_850215.html,2005-10-09 22:00:00+00:00,Las primeras lloviznas,True
train,https://elpais.com/elviajero/2016/04/07/actualidad/1460044561_427944.html,2016-04-24 21:37:12+00:00,Los mejores vinos crianza por menos de 15 euros,False
train,https://elpais.com/sociedad/2012/03/22/actualidad/1332445625_627368.html,2012-03-22 19:47:05+00:00,España limita el caudal de los ríos hacia Portugal por la sequía,True
train,https://elpais.com/mexico/2021-09-07/las-peleas-de-las-mexicanas.html,2021-09-07 17:20:57.974000+00:00,Las peleas de las mexicanas,False
train,https://elpais.com/espana/catalunya/2022-02-06/cataluna-estrena-el-fondo-antisequia-para-retribuir-a-las-desalinizadoras.html,2022-02-06 04:15:00.441000+00:00,Cataluña estrena el fondo antisequía para retribuir a las desalinizadoras,True
train,https://elpais.com/clima-y-medio-ambiente/2021-07-06/despues-del-calor-llega-el-fuego-al-oeste-de-canada-hay-mas-de-200-focos-activos.html,2021-07-06 20:14:21.469000+00:00,"Después del calor, llega el fuego al oeste de Canadá: hay más de 200 focos activos",False
train,https://elpais.com/diario/1976/08/12/economia/208648807_850215.html,1976-08-11 22:00:00+00:00,"1977, nuevo año de sequía",True
train,https://elpais.com/diario/1983/10/26/espana/435970826_850215.html,1983-10-25 23:00:00+00:00,"Fuertes aguceros provocan daños y un fallecido en Cádiz y Huelva, después de siete meses de sequía",True
train,https://elpais.com/ccaa/2018/01/08/galicia/1515425880_609846.html,2018-01-08 20:28:08+00:00,Ponte Caldelas y Soutomaior dan el paso previo para promover la nulidad del trasvase,False
train,https://elpais.com/diario/1985/01/11/espana/474246014_850215.html,1985-01-10 23:00:00+00:00,El tiempo mejora y se recupera la normalidad ciudadana,False
train,https://elpais.com/diario/2008/04/29/catalunya/1209431245_850215.html,2008-04-28 22:00:00+00:00,ERC se abstendrá en la votación del  decreto del agua del Ebro,True
train,https://elpais.com/diario/1995/05/23/sociedad/801180006_850215.html,1995-05-22 22:00:00+00:00,Confusión sobre el alcance de un brote de fiebre de Malta cerca de Mérida,True
train,https://elpais.com/elpais/2017/03/21/planeta_futuro/1490106794_352900.html,2017-03-22 06:52:44+00:00,Ni residual ni fecal: es agua,False
train,https://elpais.com/deportes/2010/06/17/actualidad/1276759325_850215.html,2010-06-17 14:57:00+00:00,Higuaín rompe la maldición del 9,False
train,https://elpais.com/economia/2019/03/23/actualidad/1553370949_537481.html,2019-03-23 23:27:04+00:00,La falta de lluvias amenaza las cosechas,True
train,https://elpais.com/diario/1994/04/21/sociedad/766879207_850215.html,1994-04-20 22:00:00+00:00,El Gobierno de Ecuador declara el estado de emergencia por el fuego en las Galápagos,True
train,https://elpais.com/planeta-futuro/en-primera-linea/2022-09-27/sigue-habiendo-muchas-zonas-de-pakistan-en-las-que-resulta-muy-dificil-llegar-a-la-gente.html,2022-09-27 03:35:00.326000+00:00,“Sigue habiendo muchas zonas de Pakistán en las que resulta muy difícil llegar a la gente”,False
train,https://elpais.com/diario/1999/08/19/andalucia/935014930_850215.html,1999-08-18 22:00:00+00:00,El PP pide a Vallejo que deje el enfrentamiento en la gestión de infraestructuras,True
train,https://elpais.com/internacional/2022-07-13/los-incendios-se-reactivan-en-portugal-con-casi-todos-los-municipios-en-riesgo-extremo.html,2022-07-13 21:35:00+00:00,"Los incendios se reactivan en Portugal, con casi todos los municipios en riesgo extremo",False
train,https://elpais.com/diario/1981/12/10/deportes/376786808_850215.html,1981-12-09 23:00:00+00:00,Las vedas a causa de la sequía comenzarán dentro de diez días,True
train,https://elpais.com/diario/2008/04/19/opinion/1208556001_850215.html,2008-04-18 22:00:00+00:00,Ante dos sequías,True
train,https://elpais.com/diario/1997/06/02/espana/865202412_850215.html,1997-06-01 22:00:00+00:00,Se confirma que la lluvia causó el accidente de Cuenca en el que murieron 7 personas.,False
train,https://elpais.com/elpais/2008/04/21/actualidad/1208765837_850215.html,2008-04-21 15:15:00+00:00,ERC irá a la manifestación contra el minitrasvase acordado por los Gobiernos central y catalán,True
train,https://elpais.com/diario/1981/12/29/madrid/378476661_850215.html,1981-12-28 23:00:00+00:00,Búsqueda de nuevos recursos hidráulicos en Cercedilla,True
train,https://elpais.com/deportes/2021-01-31/ausencia-de-certezas.html,2021-01-31 23:09:35.856000+00:00,Ausencia de certezas,False
train,https://elpais.com/diario/2004/12/10/portada/1102633211_850215.html,2004-12-09 23:00:00+00:00,"El 45% de los niños del mundo viven acosados por la pobreza, la guerra o el sida",False
train,https://elpais.com/gente/2022-07-03/en-el-corazon-del-surrealismo-leonor-y-sofia-visitan-el-museo-de-dali-en-su-primer-acto-solitario-en-cataluna.html,2022-07-03 19:30:04.223000+00:00,En el corazón del surrealismo: Leonor y Sofía visitan el Museo de Dalí en su primer acto solitario en Cataluña,False
train,https://elpais.com/diario/2007/07/26/paisvasco/1185478804_850215.html,2007-07-25 22:00:00+00:00,"El Ministerio de Pesca destinará 4,9 millones por la veda de la anchoa",False
train,https://elpais.com/diario/2005/07/24/madrid/1122204267_850215.html,2005-07-23 22:00:00+00:00,Oremos,True
train,https://elpais.com/diario/1999/06/07/economia/928706405_850215.html,1999-06-06 22:00:00+00:00,Agricultura ultima las ayudas contra la sequía dirigidas a los ganaderos,True
train,https://elpais.com/diario/2010/06/23/madrid/1277292256_850215.html,2010-06-23 05:00:00+00:00,La crisis barre el 7% de la basura,False
train,https://elpais.com/diario/1993/08/26/opinion/746316009_850215.html,1993-08-25 22:00:00+00:00,"Ojalá que llueva, aunque sea agua",True
train,https://elpais.com/diario/1981/12/19/espana/377564427_850215.html,1981-12-18 23:00:00+00:00,El lugar conocido,True
train,https://elpais.com/sociedad/2014/03/24/actualidad/1395695472_016895.html,2014-03-24 21:11:12+00:00,Un clima cada vez más extremo,True
train,https://elpais.com/diario/1995/10/05/economia/812847608_850215.html,1995-10-04 23:00:00+00:00,Bruselas dedica 17.000 millones de pesetas a paliar la sequía española,True
train,https://elpais.com/diario/1989/07/01/espana/615247216_850215.html,1989-06-30 22:00:00+00:00,El Consejo de Ministros aprueba medidas especiales contra la sequía,True
train,https://elpais.com/ccaa/2018/02/13/catalunya/1518552209_475910.html,2018-02-13 20:47:58+00:00,Las lluvias y la nieve dan un leve respiro a la sequía,True
train,https://elpais.com/espana/catalunya/2022-07-26/el-govern-pide-no-malgastar-agua-se-cumplen-las-previsiones-mas-pesimistas.html,2022-07-26 14:31:28.100000+00:00,El Govern pide no malgastar agua: “Se cumplen las previsiones más pesimistas”,True
train,https://elpais.com/cultura/2022-09-20/un-museo-para-mostrar-el-arte-robado.html,2022-09-20 03:30:01.072000+00:00,Un museo para mostrar el arte robado,False
train,https://elpais.com/internacional/2016/09/02/actualidad/1472833535_479297.html,2016-09-03 16:47:02+00:00,Charlie Hebdo causa indignación en Italia por satirizar el terremoto,False
train,https://elpais.com/diario/2008/09/20/catalunya/1221872840_850215.html,2008-09-19 22:00:00+00:00,Sisa abre una Mercè soñadora y galáctica,True
train,https://elpais.com/diario/1983/09/07/espana/431733621_850215.html,1983-09-06 22:00:00+00:00,"382 poblaciones, en «alarma roja» por la sequía",True
train,https://elpais.com/elpais/2015/08/21/opinion/1440171213_491891.html,2015-08-21 16:24:21+00:00,El agua no es de todos,False
train,https://elpais.com/diario/1999/10/03/madrid/938949859_850215.html,1999-10-02 22:00:00+00:00,La sequía multiplicó por diez la llegada de aves migratorias,True
train,https://elpais.com/diario/2007/09/05/catalunya/1188954459_850215.html,2007-09-04 22:00:00+00:00,Los ecologistas piden abrir las jaulas de los pájaros de La Rambla,False
train,https://elpais.com/internacional/2014/02/24/actualidad/1393276790_516597.html,2014-02-24 21:47:08+00:00,“Las vacas no comen dinero”,True
train,https://elpais.com/sociedad/2019/12/27/actualidad/1577452476_036179.html,2019-12-27 14:08:00+00:00,"La dana de septiembre, uno de los 15 peores desastres naturales del mundo en 2019",False
train,https://elpais.com/america-futura/2022-09-10/las-adelitas-de-la-revolucion-por-el-agua-en-mexico.html,2022-09-10 22:08:42.333000+00:00,Las Adelitas de la revolución por el agua en México,True
train,https://elpais.com/diario/1999/09/03/cvalenciana/936386299_850215.html,1999-09-02 22:00:00+00:00,Autorizado un riego extraordinario del Segura para salvar hortalizas y fruta,True
train,https://elpais.com/diario/2001/09/09/internacional/999986403_850215.html,2001-09-08 22:00:00+00:00,Desplome de los precios,False
train,https://elpais.com/diario/1999/09/10/andalucia/936915742_850215.html,1999-09-09 22:00:00+00:00,Los sindicatos exigen al Gobierno que pague más peonadas para evitar la caída de ingresos por la sequía,True
train,https://elpais.com/sociedad/2011/04/15/actualidad/1302818403_850215.html,2011-04-15 09:32:00+00:00,Dos pozos ilegales revientan el acuífero que abastece a Capellades,False
train,https://elpais.com/diario/1981/12/10/economia/376786809_850215.html,1981-12-09 23:00:00+00:00,Los agricultores piden 200.000 millones de pesetas para hacer frente a los daños de la sequía,True
train,https://elpais.com/sociedad/2020-08-17/el-cambio-climatico-acecha-al-canal-de-panama.html,2020-08-17 22:30:00+00:00,Sequías o agua en tromba: el clima ya desestabiliza el canal de Panamá,True
train,https://elpais.com/diario/1989/03/05/economia/605055607_850215.html,1989-03-04 23:00:00+00:00,La sequía disparó el precio del seguro integral de cereales,True
train,https://elpais.com/elpais/2015/04/24/ciencia/1429889628_512767.html,2015-05-11 17:15:34+00:00,Cómo la sequía aumenta las emisiones de dióxido de carbono,True
train,https://elpais.com/diario/1989/12/21/espana/630198023_850215.html,1989-12-20 23:00:00+00:00,"El temporal origina evacuaciones, cortes de carreteras y falta de luz y teléfono en varias zonas de Galicia",False
train,https://elpais.com/diario/1989/07/30/sociedad/617752801_850215.html,1989-07-29 22:00:00+00:00,"Doñana corre peligro si no se regulan los bombeos de agua, según un estudio encargado por ADENA",False
train,https://elpais.com/espana/2022-11-10/el-caso-del-joven-muerto-durante-una-detencion-divulgada-en-twitter-ataco-a-sus-padres-y-a-los-guardias-con-martillos.html,2022-11-10 10:11:18.841000+00:00,Los guardias que detuvieron al hombre de Sevilla aseguran que utilizaron “la fuerza mínima” para reducirle,False
train,https://elpais.com/diario/1997/10/17/sociedad/877039205_850215.html,1997-10-16 22:00:00+00:00,Una «marea negra» amenaza Singapur y Ias costas de Malaisia,True
train,https://elpais.com/diario/1989/09/02/economia/620690405_850215.html,1989-09-01 22:00:00+00:00,Una comisión interministerial valora los problemas de la sequía,True
train,https://elpais.com/diario/2003/06/17/andalucia/1055802141_850215.html,2003-06-16 22:00:00+00:00,Las altas temperaturas obligaron a Medio Ambiente a adelantar el plan contra incendios,False
train,https://elpais.com/ccaa/2013/06/26/andalucia/1372275687_585644.html,2013-06-26 20:38:08+00:00,Andalucía enfría el triunfalismo de Cañete al valorar la nueva PAC,False
train,https://elpais.com/diario/2008/06/20/opinion/1213912808_850215.html,2008-06-19 22:00:00+00:00,Tiempo de sequías,True
train,https://elpais.com/diario/2002/03/23/catalunya/1016849254_850215.html,2002-03-22 23:00:00+00:00,Los embalses catalanes sólo tienen el 25% de reservas de agua,True
train,https://elpais.com/diario/2008/04/01/catalunya/1207012041_850215.html,2008-03-31 22:00:00+00:00,Lleida comunica a Baltasar su rechazo total al trasvase del Segre,False
train,https://elpais.com/diario/2010/03/12/catalunya/1268359646_850215.html,2010-03-12 06:00:00+00:00,La unánime complicidad política,False
train,https://elpais.com/diario/2008/06/08/catalunya/1212887248_850215.html,2008-06-07 22:00:00+00:00,ICV pide restituir el agua del Ter que se envía a Barcelona,True
train,https://elpais.com/elpais/2017/02/21/estilo/1487675115_774370.html,2017-02-21 16:09:07+00:00,Lucía Villalón sobre ‘Chicharito’: “Lo que duele es la traición”,False
train,https://elpais.com/diario/1984/11/11/internacional/468975608_850215.html,1984-11-10 23:00:00+00:00,Las ayudas internacionales son insuficientes para mitigar el hambre en Etiopía,True
train,https://elpais.com/ccaa/2012/03/12/galicia/1331557863_731308.html,2012-03-12 13:11:03+00:00,La Xunta suspende los permisos de quema,True
train,https://elpais.com/diario/2008/04/09/catalunya/1207703245_850215.html,2008-04-08 22:00:00+00:00,La Generalitat seguirá encargando informes de manera discrecional,False
train,https://elpais.com/ccaa/2013/01/15/andalucia/1358273511_295463.html,2013-01-15 18:28:14+00:00,Partidos y sindicatos protestan para reclamar la urgente rebaja de peonadas,True
train,https://elpais.com/diario/1981/02/28/sociedad/352162804_850215.html,1981-02-27 23:00:00+00:00,La demanda mundial de agua se triplicará en los próximos veinte años,True
train,https://elpais.com/diario/2004/01/04/negocio/1073224342_850215.html,2004-01-03 23:00:00+00:00,Los nueve pilares del crecimiento argentino,False
train,https://elpais.com/diario/2005/10/17/economia/1129500009_850215.html,2005-10-16 22:00:00+00:00,Las lluvias facilitan el inicio de la campaña de siembra de cereales,True
train,https://elpais.com/diario/2005/10/26/catalunya/1130288846_850215.html,2005-10-25 22:00:00+00:00,"Las reservas del Ter superan el 40% y las del Llobregat, el 31%",True
train,https://elpais.com/internacional/2019/01/17/actualidad/1547743079_419198.html,2019-01-24 07:27:37+00:00,Los cuatro frentes abiertos en el conflicto sirio,False
train,https://elpais.com/eps/2023-01-23/el-fotografo-que-atrapa-el-alma-del-cercanias.html,2023-01-23 04:30:01.084000+00:00,El fotógrafo que atrapa el alma del cercanías,False
train,https://elpais.com/elpais/2016/10/20/buenavida/1476977891_510963.html,2016-10-26 08:44:30+00:00,21 pequeños gestos para comer mejor sin sacrificios,False
train,https://elpais.com/diario/1988/07/10/economia/584488807_850215.html,1988-07-09 22:00:00+00:00,España ha comprado la cantidad de maiz comprometida en el acuerdo EE UU-Comunidad Europea,False
train,https://elpais.com/politica/2020/01/15/diario_de_espana/1579094027_951032.html,2020-01-15 13:52:55+00:00,La historia del niño de cuatro años que deambulaba solo por Sevilla de madrugada,False
train,https://elpais.com/politica/2017/10/14/actualidad/1508006142_535669.html,2017-10-16 21:43:08+00:00,La sequía en tres actos,True
train,https://elpais.com/diario/1983/10/21/espana/435538823_850215.html,1983-10-20 23:00:00+00:00,Ultimado un proyecto para transportar en un petrolero agua de Galicia a Canarias,True
train,https://elpais.com/diario/2005/03/19/internacional/1111186811_850215.html,2005-03-18 23:00:00+00:00,Portugal vive la peor sequía desde 1931 y los agricultores sufren pérdidas millonarias,True
train,https://elpais.com/diario/2008/08/20/galicia/1219227499_850215.html,2008-08-19 22:00:00+00:00,Poio acumula 110 toneladas de basura por la huelga,False
train,https://elpais.com/elviajero/2018/01/19/actualidad/1516379292_012058.html,2018-02-07 18:19:05+00:00,Una playa para cada mes del año,False
train,https://elpais.com/elpais/2018/05/25/icon/1527231204_472443.html,2018-05-30 08:08:41+00:00,Así es el taller de muebles derretidos de Gaetano Pesce en Nueva York,False
train,https://elpais.com/diario/2000/09/12/madrid/968757866_850215.html,2000-09-11 22:00:00+00:00,El consejero de Medio Ambiente no ve prioritarias las dos presas para Madrid,True
train,https://elpais.com/diario/1999/09/02/cvalenciana/936299882_850215.html,1999-09-01 22:00:00+00:00,La Confederación del Júcar garantiza el suministro de agua hasta septiembre del 2000,True
train,https://elpais.com/ccaa/2014/08/22/andalucia/1408719974_040520.html,2014-08-22 16:57:33+00:00,Los campos del litoral mediterráneo afrontan un año de sequía extrema,True
train,https://elpais.com/diario/2002/07/15/ultima/1026684001_850215.html,2002-07-14 22:00:00+00:00,El sur de Italia tiene sed,True
train,https://elpais.com/diario/1982/10/21/espana/404002814_850215.html,1982-10-20 23:00:00+00:00,Las razones de un diluvio,False
train,https://elpais.com/diario/2000/03/05/andalucia/952212125_850215.html,2000-03-04 23:00:00+00:00,La falta de lluvia obliga a adelantar el plan contra incendios,True
train,https://elpais.com/planeta-futuro/2021-11-05/un-ano-despues-de-los-ciclones-eta-y-iota-se-olvidaron-de-nosotros.html,2021-11-05 03:59:13.636000+00:00,Un año después de los ciclones ‘Eta’ y ‘Iota’: “Se olvidaron de nosotros”,False
train,https://elpais.com/diario/2000/05/13/internacional/958168809_850215.html,2000-05-12 22:00:00+00:00,Etiopía y Eritrea vuelven a las armas tras el fracaso de la misión de la ONU,True
train,https://elpais.com/elpais/2016/09/27/planeta_futuro/1474983526_121540.html,2016-10-14 11:47:31+00:00,Las manos que mecen el precio de los alimentos,True
train,https://elpais.com/diario/2011/03/24/internacional/1300921216_850215.html,2011-03-24 06:00:00+00:00,Francia y Austria estiman al alza la contaminación desde Fukushima,False
train,https://elpais.com/diario/2006/12/27/madrid/1167222259_850215.html,2006-12-26 23:00:00+00:00,«Soluciones milagro» contra la sequía,True
train,https://elpais.com/diario/1995/07/20/madrid/806239455_850215.html,1995-07-19 22:00:00+00:00,Agua,True
train,https://elpais.com/espana/2022-10-19/el-verono-dice-adios-con-la-borrasca-armand-que-regara-espana-entre-hoy-y-el-lunes.html,2022-10-19 09:03:27.558000+00:00,"El veroño dice adiós con la borrasca ‘Armand’, que regará España entre hoy y el lunes",True
train,https://elpais.com/ccaa/2019/12/24/madrid/1577199622_002301.html,2019-12-25 23:04:52+00:00,Madrid se estrella en América,False
train,https://elpais.com/diario/2007/02/16/cvalenciana/1171657094_850215.html,2007-02-15 23:00:00+00:00,La Confederación del Júcar mantiene restricciones al riego en el segundo año más seco,True
train,https://elpais.com/sociedad/2011/09/12/actualidad/1315778410_850215.html,2011-09-12 16:58:00+00:00,El 85% de los japoneses está en contra de la energía nuclear,False
train,https://elpais.com/clima-y-medio-ambiente/2022-10-09/la-falta-de-agua-angustia-a-ambos-lados-de-la-raya.html,2022-10-09 03:30:00.952000+00:00,La falta de agua angustia a ambos lados de la Raya,True
train,https://elpais.com/diario/1985/01/10/internacional/474159602_850215.html,1985-01-09 23:00:00+00:00,Cáritas Española,True
train,https://elpais.com/diario/1996/01/30/economia/822956405_850215.html,1996-01-29 23:00:00+00:00,La producción final agraria bajó un 5% el año pasado por la sequía,True
train,https://elpais.com/diario/1989/09/01/economia/620604007_850215.html,1989-08-31 22:00:00+00:00,EL Gobierno coordinará las medidas contra la sequía,True
train,https://elpais.com/diario/2011/06/29/internacional/1309298410_850215.html,2011-06-29 05:00:00+00:00,La peor sequía en 60 años castiga al Cuerno de África,True
train,https://elpais.com/diario/2000/10/22/catalunya/972176849_850215.html,2000-10-21 22:00:00+00:00,El río secuestrado,True
train,https://elpais.com/television/2020-08-21/que-ver-hoy-en-tv-sabado-22-de-agosto-de-2020.html,2020-08-21 22:30:00+00:00,¿Qué ver hoy en TV? Sábado 22 de agosto de 2020,False
train,https://elpais.com/diario/1983/07/18/espana/427327215_850215.html,1983-07-17 22:00:00+00:00,1.058 millones para un plan contra la sequía en Ciudad Real,True
train,https://elpais.com/diario/2006/08/19/revistaverano/1155938408_850215.html,2006-08-18 22:00:00+00:00,El cambio climático decisivo,True
train,https://elpais.com/elpais/2018/06/13/gente/1528894169_110664.html,2018-06-13 16:31:34+00:00,John Boyega estalla contra los fans de Star Wars convertidos en detractores,False
train,https://elpais.com/diario/2005/09/29/espana/1127944824_850215.html,2005-09-29 02:57:00+00:00,La agricultura seguirá con cortes aunque el otoño traiga lluvias normales,True
train,https://elpais.com/diario/1984/09/05/internacional/463183216_850215.html,1984-09-04 22:00:00+00:00,El tifón «lke» prosigue su paso devastador por el archipiélago filipino,False
train,https://elpais.com/ccaa/2017/12/16/galicia/1513423603_356957.html,2017-12-17 00:52:34+00:00,El país de los ríos de chocolate,True
train,https://elpais.com/diario/2002/08/31/paisvasco/1030822820_850215.html,2002-08-30 22:00:00+00:00,El Gobierno estudia si puede atribuirse a «lluvias torrenciales» las inundaciones,False
train,https://elpais.com/ccaa/2014/07/21/valencia/1405952840_827649.html,2014-07-21 14:27:20+00:00,La justicia tumba las jubilaciones forzadas a los sanitarios mayores de 65 años,False
train,https://elpais.com/diario/2005/06/25/espana/1119650416_850215.html,2005-06-24 22:00:00+00:00,Narbona considera que hay margen para trasvasar agua del Tajo,True
train,https://elpais.com/diario/2007/08/19/eps/1187504154_850215.html,2007-08-16 18:29:00+00:00,La costa de los placeres,False
train,https://elpais.com/internacional/2023-02-08/los-testigos-de-la-catastrofe-en-turquia-oigo-los-gritos-de-personas-atrapadas-pero-no-puedo-hacer-nada.html,2023-02-08 04:40:00.403000+00:00,"Los testigos de la catástrofe en Turquía: “Oigo los gritos de personas atrapadas, pero no puedo hacer nada”",False
train,https://elpais.com/planeta-futuro/2020-11-02/la-tormenta-perfecta-que-precede-al-hambre.html,2020-11-03 23:10:00+00:00,La tormenta perfecta que precede al hambre,False
train,https://elpais.com/diario/2009/10/18/opinion/1255816803_850215.html,2009-10-18 05:00:00+00:00,Cuando arde la turba,True
train,https://elpais.com/diario/1993/06/11/madrid/739797865_850215.html,1993-06-10 22:00:00+00:00,Sube la tinaja,True
train,https://elpais.com/diario/2008/05/09/catalunya/1210295241_850215.html,2008-05-08 22:00:00+00:00,Las previsiones apuntan a lluvias sobre los embalses,False
train,https://elpais.com/sociedad/2014/05/19/actualidad/1400534394_852431.html,2014-05-19 22:15:00+00:00,California raciona el consumo de agua y multa los excesos,True
train,https://elpais.com/diario/1998/03/23/sociedad/890607619_850215.html,1998-03-22 23:00:00+00:00,"Los expertos,  perplejos ante la magnitud de «El Niño» de este año",True
train,https://elpais.com/diario/2008/04/17/cvalenciana/1208459878_850215.html,2008-04-16 22:00:00+00:00,Tres trasvases garantizan el agua,False
train,https://elpais.com/diario/2006/01/16/espana/1137366017_850215.html,2006-01-15 23:00:00+00:00,Las grandes cuencas preparan planes de emergencia ante la gravedad de la sequía,True
train,https://elpais.com/diario/1983/07/09/espana/426549621_850215.html,1983-07-08 22:00:00+00:00,Casi medio millón de personas sufren restricciones de agua,True
train,https://elpais.com/elpais/2016/03/11/planeta_futuro/1457705252_362310.html,2016-03-16 08:33:30+00:00,La espiral perversa que atrapa a Etiopía,True
train,https://elpais.com/retina/2019/12/12/innovacion/1576159691_344895.html,2019-12-13 05:26:08+00:00,Airbnb y los falsos ‘anfitriones’: ¿qué esconde la compañía?,False
train,https://elpais.com/diario/1985/07/01/internacional/489016808_850215.html,1985-06-30 22:00:00+00:00,Llamamiento de Guinea-Bissau.,True
train,https://elpais.com/diario/2005/07/27/cvalenciana/1122491880_850215.html,2005-07-26 22:00:00+00:00,Los ecologistas rechazan reunirse con la CHJ por el trasvase del Júcar al Vinalopó,True
train,https://elpais.com/diario/2005/05/11/cvalenciana/1115839095_850215.html,2005-05-10 22:00:00+00:00,El PP de Castellón critica la falta de unas medidas contra la sequía que no pidió a los gobiernos de Aznar,True
train,https://elpais.com/diario/1987/08/18/espana/556236007_850215.html,1987-08-17 22:00:00+00:00,Protestas por la sequía.,True
train,https://elpais.com/diario/1995/04/28/cultura/799020015_850215.html,1995-04-27 22:00:00+00:00,Otra gota de agua,False
train,https://elpais.com/diario/1991/02/23/ultima/667263602_850215.html,1991-02-22 23:00:00+00:00,Agua,True
train,https://elpais.com/diario/2001/01/14/cvalenciana/979503502_850215.html,2001-01-13 23:00:00+00:00,Las subvenciones por la retirada de cultivos de secano se amplían al 75%,True
train,https://elpais.com/diario/2007/04/01/andalucia/1175379723_850215.html,2007-03-31 22:00:00+00:00,Tranquilidad para el consumo humano,True
train,https://elpais.com/politica/2017/10/14/actualidad/1508007106_421979.html,2017-10-14 21:58:09+00:00,El gran desplome hidroeléctrico,True
train,https://elpais.com/politica/2015/09/22/actualidad/1442908634_137465.html,2015-09-22 10:40:04+00:00,El verano acaba como el segundo más cálido de los últimos 54 años,False
train,https://elpais.com/diario/1981/06/19/economia/361749605_850215.html,1981-06-18 22:00:00+00:00,100.000 millones de pérdidas por la sequía,True
train,https://elpais.com/diario/1995/04/02/economia/796773603_850215.html,1995-04-01 22:00:00+00:00,"El campo reclama exención de impuestos, subvenciones y planes para ahorrar agua",True
train,https://elpais.com/internacional/2016/04/27/actualidad/1461718924_762751.html,2016-04-27 16:16:33+00:00,Los funcionarios de Venezuela solo trabajarán los lunes y martes para ahorrar energía,True
train,https://elpais.com/deportes/2022-01-18/canales-destroza-al-alaves-y-fija-al-betis-como-tercero.html,2022-01-18 21:11:13.261000+00:00,Canales destroza al Alavés y fija al Betis como tercero,False
train,https://elpais.com/diario/2002/05/09/espana/1020895219_850215.html,2002-05-08 22:00:00+00:00,Un muerto y un desaparecido por el temporal en la costa mediterránea,False
train,https://elpais.com/espana/catalunya/2022-07-18/incendio-en-pont-de-vilomara-los-bomberos-han-parado-el-fuego-en-mi-casa-otras-han-ardido.html,2022-07-18 18:04:29+00:00,Estabilizado el incendio del Pont de Vilomara (Barcelona) tras dañar decenas de viviendas ,True
train,https://elpais.com/diario/2001/03/04/deportes/983660409_850215.html,2001-03-03 23:00:00+00:00,Esnáider brilla y Aguado se queja,False
train,https://elpais.com/escaparate/2022-01-31/los-mejores-sets-de-barbacoa-para-el-jardin.html,2022-01-31 15:29:43.638000+00:00,Los mejores sets de barbacoa para el jardín,False
train,https://elpais.com/diario/2007/01/12/paisvasco/1168634403_850215.html,2007-01-11 23:00:00+00:00,Vitoria y Bilbao recurren a captaciones de emergencia ante el bajo nivel de los embalses,True
train,https://elpais.com/diario/2005/01/23/espana/1106434812_850215.html,2005-01-22 23:00:00+00:00,"La situación hidrológica, al límite",True
train,https://elpais.com/diario/2008/04/01/catalunya/1207012042_850215.html,2008-03-31 22:00:00+00:00,La primera multa por derroche de agua potable es ilegal,True
train,https://elpais.com/television/2021-03-25/el-sindicato-alma-premia-a-los-guionistas-de-antidisturbios-mira-lo-que-has-hecho-y-pasapalabra.html,2021-03-25 16:53:08.965000+00:00,"El sindicato ALMA premia a los guionistas de ‘Antidisturbios’, ‘Mira lo que has hecho’ y ‘Pasapalabra’",False
train,https://elpais.com/deportes/2021-12-22/el-barcelona-ata-a-ferran-torres.html,2021-12-22 16:09:13.078000+00:00,El Barcelona ata a Ferran Torres,False
train,https://elpais.com/diario/1985/10/22/sociedad/498783612_850215.html,1985-10-21 23:00:00+00:00,Garantizado el abastecimiento de agua del parque de Doñana,True
train,https://elpais.com/diario/1981/10/31/economia/373330810_850215.html,1981-10-30 23:00:00+00:00,Crítica situación del campo español como consecuencia de la sequía,True
train,https://elpais.com/diario/1999/09/27/sociedad/938383203_850215.html,1999-09-26 22:00:00+00:00,El Plan Nacional de Residuos plantea reducir un 6% la basura doméstica para el año 2005,False
train,https://elpais.com/clima-y-medio-ambiente/2022-11-06/la-cumbre-del-clima-arranca-con-una-advertencia-los-efectos-negativos-del-calentamiento-se-intensifican.html,2022-11-06 12:00:04.693000+00:00,La cumbre del clima empieza con una advertencia: los efectos negativos del calentamiento se intensifican ,True
train,https://elpais.com/diario/2008/05/07/catalunya/1210122447_850215.html,2008-05-06 22:00:00+00:00,Pujol sostiene que Baltasar ha hecho el «ridículo» con la sequía,True
train,https://elpais.com/diario/2011/02/28/deportes/1298847617_850215.html,2011-02-28 06:00:00+00:00,La sequía marchita al Madrid y a Ricky,False
train,https://elpais.com/diario/2011/02/16/madrid/1297859065_850215.html,2011-02-16 06:00:00+00:00,Las mejores narices de Madrid,False
train,https://elpais.com/diario/2005/07/19/madrid/1121772265_850215.html,2005-07-18 22:00:00+00:00,Aguirre prevé tomar medidas contra la sequía en septiembre,True
train,https://elpais.com/mexico/2022-11-02/el-pais-ofrece-dos-capitulos-de-la-investigacion-de-garcia-bernal-y-yasnaya-aguilar-sobre-los-agujeros-negros-climaticos-de-ciudad-de-mexico.html,2022-11-02 11:15:00.308000+00:00,EL PAÍS ofrece dos capítulos de la investigación de García Bernal y Yásnaya Aguilar sobre los agujeros negros climáticos de Ciudad de México,False
train,https://elpais.com/diario/1985/10/21/economia/498697205_850215.html,1985-10-20 23:00:00+00:00,El Gobierno navarro estudia soluciones urgentes para paliar el problema de la sequía,True
train,https://elpais.com/diario/1993/10/26/madrid/751638254_850215.html,1993-10-25 23:00:00+00:00,LOS PALOS DE LA SEQUÍA,False
train,https://elpais.com/diario/1999/02/24/espana/919810819_850215.html,1999-02-23 23:00:00+00:00,Planes de alerta en Madrid y Barcelona por la sequía,True
train,https://elpais.com/deportes/2023-01-19/djokovic-o-cuando-la-historia-depende-de-un-muslo.html,2023-01-19 16:34:36.014000+00:00,"Djokovic, o cuando la historia depende de un muslo",False
train,https://elpais.com/elpais/2020/01/22/media/1579713996_075561.html,2020-01-22 17:49:34+00:00,Antón sigue arriba,False
train,https://elpais.com/espana/2022-12-13/las-inundaciones-en-extremadura-obligan-a-desalojar-viviendas-y-cortar-carreteras.html,2022-12-13 16:59:29.670000+00:00,Las inundaciones en Extremadura obligan a desalojar viviendas y cortar carreteras,False
train,https://elpais.com/diario/1985/07/19/portada/490572004_850215.html,1985-07-18 22:00:00+00:00,"El jefe de Estado de Senegal, elegido presidente de la OUA en una «cumbre» dominada por la crisis",True
train,https://elpais.com/diario/1999/09/12/andalucia/937088534_850215.html,1999-09-11 22:00:00+00:00,Los ganaderos de Doñana negocian el uso de pastos del parque natural,True
train,https://elpais.com/economia/2022-08-14/malos-augurios-para-el-aceite-de-oliva.html,2022-08-14 03:45:00.364000+00:00,Malos augurios para el aceite de oliva,True
train,https://elpais.com/diario/1981/06/06/economia/360626415_850215.html,1981-06-05 22:00:00+00:00,Los daños por la sequía en Valladolid se valoran en 10.000 millones,True
train,https://elpais.com/politica/2017/06/13/actualidad/1497373414_193750.html,2017-06-14 14:00:30+00:00,España afronta el verano con el nivel de agua embalsada más bajo desde 1995,True
train,https://elpais.com/diario/2005/08/28/cvalenciana/1125256683_850215.html,2005-08-27 22:00:00+00:00,Narbona sostiene que la sequía valida la derogación del trasvase del Ebro,True
train,https://elpais.com/elpais/2011/07/08/3500_millones/1310099400_131009.html,2011-07-08 04:30:00+00:00,Políticas de desarrollo ineficaces amenazan millones de vidas,True
train,https://elpais.com/diario/1992/09/30/internacional/717807622_850215.html,1992-09-29 23:00:00+00:00,Barrizales de hambre,True
train,https://elpais.com/diario/2008/05/23/catalunya/1211504843_850215.html,2008-05-22 22:00:00+00:00,Publicada la relación de terrenos a expropiar para la tubería del Ebro,False
train,https://elpais.com/elpais/2020/01/26/media/1580079196_535747.html,2020-01-27 11:00:14+00:00,"Praggnanandhaa, de 14 años, gana a Topálov",False
train,https://elpais.com/internacional/2022-07-30/unas-inundaciones-causan-al-menos-25-muertos-en-kentucky.html,2022-07-30 20:03:52+00:00,Unas inundaciones causan al menos 26 muertos en Kentucky,False
train,https://elpais.com/diario/1989/11/06/espana/626310018_850215.html,1989-11-05 23:00:00+00:00,Aumentan las restricciones de agua en Bilbao y Vitoria,True
train,https://elpais.com/diario/1996/02/16/madrid/824473459_850215.html,1996-02-15 23:00:00+00:00,Colmenar rechaza dos rutas del tren veloz del Noroeste,False
train,https://elpais.com/diario/2000/07/17/economia/963784818_850215.html,2000-07-16 22:00:00+00:00,Agricultura estudia subvenciones para las zonas más afectadas por la sequía,True
train,https://elpais.com/deportes/2023-02-15/real-madrid-elche-en-directo-el-partido-de-la-liga-en-vivo.html,2023-02-15 19:33:25.566000+00:00,Así hemos contado la victoria del Real Madrid ante el Elche en la Liga,False
train,https://elpais.com/america-futura/2023-02-10/venesis-una-plataforma-para-reencontrar-a-los-venezolanos-en-los-temas-del-futuro.html,2023-02-10 10:15:00.466000+00:00,"Venesis, una plataforma para reencontrar a los venezolanos en los temas del futuro",False
train,https://elpais.com/ccaa/2012/04/05/andalucia/1333643774_589225.html,2012-04-05 20:22:21+00:00,La sequía ofrece un respiro a los alérgicos,True
train,https://elpais.com/diario/1995/12/28/economia/820105219_850215.html,1995-12-27 23:00:00+00:00,El Congreso aprueba 235.000 millones en créditos bonificados para paliar la sequía,True
train,https://elpais.com/diario/1999/03/16/cvalenciana/921615488_850215.html,1999-03-15 23:00:00+00:00,El alcalde de Xàbia apela a la solidaridad de otros pueblos para solucionar el problema de la falta de agua,True
train,https://elpais.com/ccaa/2013/04/16/valencia/1366101016_768529.html,2013-04-16 10:26:44+00:00,Unas conferencias reúnen en Alicante a las defensoras del campo,False
train,https://elpais.com/diario/1989/10/05/espana/623545224_850215.html,1989-10-04 23:00:00+00:00,Los regionalistas piden que Cantabría sea declarada zona   catastrófica por la sequía,True
train,https://elpais.com/sociedad/2012/10/17/actualidad/1350501699_922027.html,2012-10-17 19:52:16+00:00,"Biocarburantes sí, pero no todos",False
train,https://elpais.com/diario/1983/09/01/portada/431215203_850215.html,1983-08-31 22:00:00+00:00,El Gobierno estima en 554.343 millones las pérdidas por las riadas,False
train,https://elpais.com/diario/1983/07/14/economia/426981618_850215.html,1983-07-13 22:00:00+00:00,La banca podría conceder créditos subvencionados para paliar la sequía,True
train,https://elpais.com/deportes/2023-01-25/barcelona-real-sociedad-en-directo-cuartos-de-final-de-copa-del-rey-en-vivo.html,2023-01-25 19:26:30.750000+00:00,Así te hemos contado la victoria del Barcelona sobre la Real Sociedad en los cuartos de final de Copa del Rey,False
train,https://elpais.com/espana/2022-10-06/la-batalla-del-agua-en-andalucia-una-guerra-de-cifras-para-eludir-la-deficiente-gestion-del-campo.html,2022-10-06 03:40:00.310000+00:00,La batalla del agua en Andalucía: una guerra de cifras para eludir la deficiente gestión del campo,True
train,https://elpais.com/espana/2022-08-10/espana-entra-en-sequia.html,2022-08-10 12:38:32+00:00,España entra en sequía,True
train,https://elpais.com/elpais/2012/08/18/opinion/1345314824_789948.html,2012-08-18 18:33:44+00:00,Otra crisis alimentaria,True
train,https://elpais.com/sociedad/2013/05/02/actualidad/1367511655_697595.html,2013-05-02 19:10:22+00:00,La temperatura media de la tierra y del océano volvió a subir en 2012,True
train,https://elpais.com/internacional/2022-04-30/svalbard-la-zona-cero-del-calentamiento-global.html,2022-04-30 03:40:00+00:00,"Svalbard, la zona cero del calentamiento global",True
train,https://elpais.com/clima-y-medio-ambiente/2022-11-10/el-nuevo-aumento-del-co-aleja-mas-al-mundo-de-la-meta-de-un-calentamiento-de-solo-15-grados.html,2022-11-11 00:01:00.424000+00:00,"El nuevo aumento del CO₂ aleja más al mundo de la meta de un calentamiento de 1,5 grados",False
train,https://elpais.com/diario/1997/07/16/sociedad/869004013_850215.html,1997-07-15 22:00:00+00:00,200 científicos persiguen nubes en Canarias,False
train,https://elpais.com/diario/1981/11/15/espana/374626801_850215.html,1981-11-14 23:00:00+00:00,El hombre del tiempo de Calatrava.,True
train,https://elpais.com/diario/2008/05/15/catalunya/1210813638_850215.html,2008-05-14 22:00:00+00:00,Ampliada la concesión a los regantes del Ter,True
train,https://elpais.com/diario/2004/09/20/cvalenciana/1095707877_850215.html,2004-09-19 22:00:00+00:00,La mitad sur de Alicante soporta tres meses sin precipitaciones,True
train,https://elpais.com/diario/1998/12/31/sociedad/915058803_850215.html,1998-12-30 23:00:00+00:00,La mano del hombre,True
train,https://elpais.com/clima-y-medio-ambiente/2022-08-22/la-sequia-desploma-la-generacion-hidroelectrica-hasta-su-nivel-mas-bajo-en-tres-decadas.html,2022-08-22 03:30:00.807000+00:00,La sequía desploma la generación hidroeléctrica hasta su nivel más bajo en tres décadas,True
train,https://elpais.com/espana/catalunya/2022-11-22/barcelona-limita-a-dos-dias-el-riego-de-jardines-privados-y-vacia-sus-fuentes-ante-la-sequia.html,2022-11-22 18:49:02.732000+00:00,Barcelona limita a dos días el riego de jardines privados y vacía sus fuentes ante la sequía ,True
train,https://elpais.com/diario/2002/12/13/paisvasco/1039812008_850215.html,2002-12-12 23:00:00+00:00,Vitoria ve peligroso mantener el nivel de los embalses que quiere el Consorcio bilbaíno,False
train,https://elpais.com/ccaa/2018/03/15/catalunya/1521119413_918390.html,2018-03-15 13:16:01+00:00,Protesta de la PAH ante la sede de Ciudadanos en Barcelona,False
train,https://elpais.com/diario/2005/01/17/economia/1105916408_850215.html,2005-01-16 23:00:00+00:00,La sequía reduce la cosecha de aceite y eleva los precios en origen el 20%,True
train,https://elpais.com/elpais/2019/03/20/seres_urbanos/1553086263_342852.html,2019-04-01 06:51:32+00:00,Ciudades en movimiento,False
train,https://elpais.com/diario/1992/10/16/sociedad/719190006_850215.html,1992-10-15 23:00:00+00:00,El presupuesto destinado a Medio Ambiente crecerá un 30% en 1993,False
train,https://elpais.com/diario/2005/05/04/catalunya/1115168856_850215.html,2005-05-03 22:00:00+00:00,Los payeses reclaman más recursos para prevenir los incendios,True
train,https://elpais.com/diario/2011/07/21/internacional/1311199209_850215.html,2011-07-21 05:00:00+00:00,Somalia muere también de hambre,True
train,https://elpais.com/america-futura/2023-01-04/el-macondo-de-gabo-y-por-que-el-desarrollo-tiene-que-ser-solidario.html,2023-01-04 10:45:00.382000+00:00,El Macondo de Gabo y por qué el desarrollo tiene que ser solidario,False
train,https://elpais.com/diario/2005/06/26/madrid/1119785067_850215.html,2005-06-25 22:00:00+00:00,"Los bosques, en alerta máxima",True
train,https://elpais.com/ccaa/2017/12/08/galicia/1512755133_931326.html,2017-12-08 18:29:03+00:00,"La Xunta cuestiona la calidad del agua en Vigo, Moaña, Redondela y Soutomaior",True
train,https://elpais.com/planeta-futuro/2021-08-06/el-lago-poopo-de-bolivia-se-seca-y-los-cientificos-temen-que-sea-improbable-que-se-vuelva-a-llenar.html,2021-08-06 03:30:00+00:00,El lago Poopó de Bolivia se seca y los científicos temen que sea improbable que se vuelva a llenar,True
train,https://elpais.com/diario/1985/01/09/espana/474073209_850215.html,1985-01-08 23:00:00+00:00,Seis muertos por congelación en Cataluña,False
train,https://elpais.com/diario/1995/10/28/sociedad/814834807_850215.html,1995-10-27 23:00:00+00:00,IU  y ecologistas arremeten contra el interés de Borrell en combatir la sequía con obras,True
train,https://elpais.com/deportes/2018/12/16/actualidad/1544972719_486583.html,2018-12-17 07:16:45+00:00,El América hunde al Cruz Azul y se corona en la Liga mexicana,False
train,https://elpais.com/elpais/2018/10/14/ciencia/1539543413_084007.html,2018-10-16 14:59:47+00:00,"La cerveza, amenazada por el cambio climático",True
train,https://elpais.com/diario/2008/04/24/catalunya/1208999246_850215.html,2008-04-23 22:00:00+00:00,El Gobierno presume de unidad,True
train,https://elpais.com/diario/1981/03/28/espana/354582002_850215.html,1981-03-27 23:00:00+00:00,El comisairio Ballesteros dirigirá el mando único antiterrorista,True
train,https://elpais.com/icon/actualidad/2021-09-18/llamenla-vero-la-nueva-veronica-forque-revelacion-de-masterchef-celebrity.html,2021-09-18 03:30:00+00:00,"Llámenla ‘Vero’: la nueva Verónica Forqué, revelación de ‘MasterChef Celebrity’",False
train,https://elpais.com/diario/2007/02/08/cvalenciana/1170965881_850215.html,2007-02-07 23:00:00+00:00,Narbona tacha de cínico al Consell por denunciar la desaladora de Torrevieja,True
train,https://elpais.com/espana/2023-02-01/entidades-y-agricultores-de-nijar-senalan-al-crecimiento-de-los-invernaderos-y-la-falta-de-vivienda-como-causas-del-colapso-de-walili.html,2023-02-01 04:40:00.564000+00:00,Entidades y agricultores de Níjar señalan al crecimiento de los invernaderos y la falta de vivienda como causas del colapso de Walili,False
train,https://elpais.com/clima-y-medio-ambiente/2022-03-03/el-gobierno-denunciara-ante-el-constitucional-la-reforma-legal-del-pp-cs-y-vox-para-aumentar-el-regadio-en-donana.html,2022-03-03 16:47:24.578000+00:00,"El Gobierno llevará ante el Constitucional la reforma legal del PP, Cs y Vox para aumentar el regadío en Doñana",True
train,https://elpais.com/diario/1982/12/05/portada/407890801_850215.html,1982-12-04 23:00:00+00:00,La «cumbre» de la CEE pide nuevos sacrificios a España y Portugal,False
train,https://elpais.com/espana/comunidad-valenciana/2022-03-25/el-marzo-mas-lluvioso-en-70-anos-llena-los-embalses-valencianos-mitiga-la-sequia-y-causa-algunos-estragos.html,2022-03-25 17:56:58.134000+00:00,"El marzo más lluvioso en 70 años llena los embalses valencianos, mitiga la sequía y causa algunos estragos",True
train,https://elpais.com/sociedad/2011/09/08/actualidad/1315432801_850215.html,2011-09-08 11:19:00+00:00,Greenpeace traslada la protesta de El Algarrobico a La Moncloa,False
train,https://elpais.com/economia/2019/07/15/actualidad/1563210046_253045.html,2019-07-15 17:17:44+00:00,Moody’s advierte de que el recorte en la retribución que planea la CNMC afectará a la nota de las eléctricas,False
train,https://elpais.com/diario/2011/01/09/madrid/1294575856_850215.html,2011-01-09 06:00:00+00:00,Rebajas pasadas por agua en la capital,False
train,https://elpais.com/diario/1999/08/07/andalucia/933978138_850215.html,1999-08-06 22:00:00+00:00,Abiertas diligencias por el suministro de agua no potable en Cártama,True
train,https://elpais.com/diario/2007/03/17/catalunya/1174097239_850215.html,2007-03-16 23:00:00+00:00,Un descenso generalizado,True
train,https://elpais.com/diario/1999/08/08/espana/934063203_850215.html,1999-08-07 22:00:00+00:00,Los daños en la agricultura,True
train,https://elpais.com/sociedad/2012/12/13/actualidad/1355422370_449496.html,2012-12-13 19:48:10+00:00,El río Colorado se seca,True
train,https://elpais.com/elpais/2019/02/21/icon_design/1550752818_989520.html,2019-02-21 17:48:39+00:00,El ático de lujo de los nuevos «yuppies» de Manhattan por fin parece un hogar,False
train,https://elpais.com/diario/2006/06/04/cvalenciana/1149448702_850215.html,2006-06-03 22:00:00+00:00,Fortea tilda de «política» la comisión de la sequía creada en las Cortes,False
train,https://elpais.com/cultura/2022-05-19/kiril-serebrennikov-el-cineasta-ruso-que-desafia-al-idiota-que-ha-apretado-el-boton-de-la-guerra.html,2022-05-19 15:28:53.010000+00:00,"Kiril Serébrennikov, el cineasta ruso que desafía “al idiota que ha apretado el botón de la guerra”",False
train,https://elpais.com/ciencia/2021-03-01/los-sedentarios-tienen-el-doble-de-probabilidades-de-tener-enfermedades-cardiacas-que-los-mas-activos.html,2021-03-01 23:30:00+00:00,Los sedentarios tienen el doble de probabilidades de tener enfermedades cardíacas que los más activos,False
train,https://elpais.com/diario/1995/08/05/espana/807573620_850215.html,1995-08-04 22:00:00+00:00,Más restricciones en Murcia y Alicante,True
train,https://elpais.com/elviajero/2017/01/05/actualidad/1483616333_148237.html,2017-01-18 15:08:44+00:00,Una escapada a Priorat y Montsant,False
train,https://elpais.com/diario/2000/08/01/andalucia/965082123_850215.html,2000-07-31 22:00:00+00:00,El plan que asegurará el abastecimiento en épocas de sequía estará listo este año,True
train,https://elpais.com/planeta-futuro/red-de-expertos/2022-11-09/los-baobabs-alertan-de-la-emergencia-climatica-en-mali.html,2022-11-09 04:30:00.797000+00:00,Los baobabs alertan de la emergencia climática en Malí,True
train,https://elpais.com/diario/2005/05/11/opinion/1115762406_850215.html,2005-05-10 22:00:00+00:00,Sequía,True
train,https://elpais.com/espana/comunidad-valenciana/2022-12-28/la-generalitat-saca-a-exposicion-publica-el-pai-de-parc-sagunt-ii-donde-se-instalara-la-gigafactoria-de-volkswagen.html,2022-12-28 11:59:15.124000+00:00,El Gobierno da una ayuda directa de 90 millones a la Comunidad Valenciana para la gigafactoría de Volkswagen ,False
train,https://elpais.com/diario/2005/10/15/catalunya/1129338439_850215.html,2005-10-14 22:00:00+00:00,Las fuertes lluvias aplazan dos semanas las restricciones de agua previstas por la sequía,True
train,https://elpais.com/diario/2008/06/06/catalunya/1212714438_850215.html,2008-06-05 22:00:00+00:00,Las reservas que abastecen  a Barcelona superan los niveles de 2007,False
train,https://elpais.com/diario/1981/11/19/espana/374972418_850215.html,1981-11-18 23:00:00+00:00,Una empresa minera de Andalucía paraliza su actividad por falta de agua,True
train,https://elpais.com/diario/1989/09/07/espana/621122422_850215.html,1989-09-06 22:00:00+00:00,"Agricultores de Jaén, Córdoba y Sevilla podrán regar 95.000 hectáreas",True
train,https://elpais.com/diario/1992/12/16/espana/724460410_850215.html,1992-12-15 23:00:00+00:00,Aragón se opone a que se trasvase agua del Ebro a otras cuencas,False
train,https://elpais.com/clima-y-medio-ambiente/2022-11-17/los-holandeses-llevan-decadas-luchando-por-alejar-el-agua-ahora-intentan-retenerla.html,2022-11-17 04:30:01.269000+00:00,Los holandeses llevan décadas luchando por alejar el agua: ahora intentan retenerla ,True
train,https://elpais.com/diario/1983/06/23/espana/425167222_850215.html,1983-06-22 22:00:00+00:00,La sequía obliga a enterrar peces vivos en Cáceres,True
train,https://elpais.com/internacional/2014/08/06/actualidad/1407337208_888604.html,2014-08-06 15:37:19+00:00,São Paulo se queda sin agua,True
train,https://elpais.com/diario/1992/06/22/economia/709164019_850215.html,1992-06-21 22:00:00+00:00,La sequía recorta los ingresos por cereales en 100.000 millones,True
train,https://elpais.com/internacional/2015/06/12/actualidad/1434140280_725519.html,2015-06-12 22:17:12+00:00,Los recortes de agua llegan al corazón de California: la agricultura,True
train,https://elpais.com/ccaa/2014/05/14/galicia/1400092423_706039.html,2014-05-15 09:24:16+00:00,Un incendio cerca una aldea en el municipio ourensano de O Irixo,False
train,https://elpais.com/ccaa/2017/11/07/madrid/1510076354_645566.html,2017-11-07 19:50:24+00:00,Cancelada la huelga de basuras en Madrid tras llegar a un acuerdo empresas y sindicatos,False
train,https://elpais.com/sociedad/2014/03/07/actualidad/1394159136_438010.html,2014-03-07 15:50:14+00:00,El Niño podría traer lluvias a una seca California a finales de año,True
train,https://elpais.com/diario/2005/08/01/economia/1122847210_850215.html,2005-07-31 22:00:00+00:00,La previsión de una cosecha a la baja incrementa un 11% el precio del aceite de oliva,True
train,https://elpais.com/diario/2006/09/04/espana/1157320811_850215.html,2006-09-03 22:00:00+00:00,Los embalses del Tajo llegan al nivel que impide llevar a Levante agua para beber,True
train,https://elpais.com/diario/1999/09/16/andalucia/937434136_850215.html,1999-09-15 22:00:00+00:00,La Junta pedirá explicaciones a la CHG sobre los supuestos riegos ilegales en la campiña jerezana,False
train,https://elpais.com/diario/2005/07/17/madrid/1121599462_850215.html,2005-07-16 22:00:00+00:00,La Comunidad ve «deficiente» el informe sobre la sequía de Narbona,True
train,https://elpais.com/elpais/2020/02/04/eps/1580813048_467028.html,2020-02-08 23:07:39+00:00,El rey de los mastines no tiene miedo a los lobos. Un ‘western’ español del siglo XXI,False
train,https://elpais.com/diario/1992/05/23/opinion/706572004_850215.html,1992-05-22 22:00:00+00:00,Desastre en África,True
train,https://elpais.com/politica/2016/12/17/actualidad/1481998024_836571.html,2016-12-18 16:10:25+00:00,"Carmena y Colau, dos proyectos sociales frente a frente",False
train,https://elpais.com/clima-y-medio-ambiente/2022-05-18/cuatro-de-los-indicadores-clave-de-la-crisis-climatica-marcaron-niveles-record-en-2021.html,2022-05-18 08:00:00.957000+00:00,Cuatro de los indicadores clave de la crisis climática marcaron niveles récord en 2021,True
train,https://elpais.com/diario/1995/06/25/sociedad/804031209_850215.html,1995-06-24 22:00:00+00:00,La cuenta 111 contra la sed,True
train,https://elpais.com/diario/2005/05/27/madrid/1117193068_850215.html,2005-05-26 22:00:00+00:00,Un verano sin melones de Villaconejos,True
train,https://elpais.com/diario/1999/06/24/cvalenciana/930251889_850215.html,1999-06-23 22:00:00+00:00,30 depósitos para Xàbia,True
train,https://elpais.com/diario/1995/02/17/espana/792975629_850215.html,1995-02-16 23:00:00+00:00,España pide ayuda económica a la UE para paliar los efectos de la sequía,True
train,https://elpais.com/escaparate/2023-01-23/disfruta-de-un-balanceo-suave-y-de-una-buena-postura-corporal-con-una-de-estas-mecedoras.html,2023-01-23 10:15:06.168000+00:00,Disfruta de un balanceo suave y de una buena postura corporal con una de estas mecedoras,False
train,https://elpais.com/diario/1992/05/25/economia/706744816_850215.html,1992-05-24 22:00:00+00:00,La sequía provoca pérdidas de unos 250.000 millones de pesetas en la agricultura española,True
train,https://elpais.com/diario/1995/01/07/opinion/789433206_850215.html,1995-01-06 23:00:00+00:00,Emergencia del agua,True
train,https://elpais.com/diario/2005/11/18/andalucia/1132269740_850215.html,2005-11-17 23:00:00+00:00,Los apicultores estiman que la cosecha de miel caerá este año un 60% en Andalucía,True
train,https://elpais.com/elpais/2017/03/30/planeta_futuro/1490873520_500841.html,2017-04-06 06:28:26+00:00,Entre MasterChef y el hambre,True
train,https://elpais.com/diario/1999/08/01/andalucia/933459735_850215.html,1999-07-31 22:00:00+00:00,Asaja acusa a Plata de realizar «falsas promesas» y exige ayudas por la sequía,True
train,https://elpais.com/diario/1976/10/20/economia/214614006_850215.html,1976-10-19 23:00:00+00:00,"Las aguas subterráneas, alternativa a la sequía",True
train,https://elpais.com/diario/1998/08/04/catalunya/902192850_850215.html,1998-08-03 22:00:00+00:00,Continúa el temporal con nevadas en la Val dAran,True
train,https://elpais.com/diario/2005/08/17/catalunya/1124240838_850215.html,2005-08-16 22:00:00+00:00,La Generalitat extiende las restricciones por la sequía a la Muga,True
train,https://elpais.com/diario/1980/01/23/economia/317430015_850215.html,1980-01-22 23:00:00+00:00,El Gobierno quiere impedir la fragmentación de las explotaciones familiares agrarias,False
train,https://elpais.com/diario/1993/01/17/espana/727225215_850215.html,1993-01-16 23:00:00+00:00,La sequía desata las hostilidades entre las regiones ricas en agua y las que necesitan trasvases para sobrevivir,True
train,https://elpais.com/diario/2008/06/05/catalunya/1212628039_850215.html,2008-06-04 22:00:00+00:00,Los jardineros advierten de que el agua no se puede malgastar pese al fin de la sequía,True
train,https://elpais.com/diario/1978/07/12/economia/269042404_850215.html,1978-07-11 22:00:00+00:00,Convocadas para hoy ocupaciones permanentes de fincas andaluzas sin explotar,False
train,https://elpais.com/diario/1982/09/28/economia/402015609_850215.html,1982-09-27 23:00:00+00:00,"La capacidad de suministro eléctrico, en su mínimo histórico por la sequía y la paralización de Almaraz y Ascó I",True
train,https://elpais.com/elpais/2017/09/02/opinion/1504367391_132046.html,2017-09-03 15:41:12+00:00,El problema del agua,True
train,https://elpais.com/diario/2005/07/17/opinion/1121551204_850215.html,2005-07-16 22:00:00+00:00,Sequía y desarrollo sostenible,True
train,https://elpais.com/elpais/2017/11/24/opinion/1511540406_101388.html,2017-11-24 16:20:42+00:00,Plásticos y sequía,True
train,https://elpais.com/diario/1996/05/29/madrid/833369063_850215.html,1996-05-28 22:00:00+00:00,La sequía inunda las aulas,True
train,https://elpais.com/diario/2008/12/26/sociedad/1230246006_850215.html,2008-12-25 23:00:00+00:00,Cinco siglos a verlas llover,True
train,https://elpais.com/diario/2003/05/24/espana/1053727222_850215.html,2003-05-23 22:00:00+00:00,El Gobierno crea un banco de agua para hacer frente a las situaciones de sequía,True
train,https://elpais.com/economia/2014/10/06/actualidad/1412621171_263860.html,2014-10-06 20:17:01+00:00,La banca ha despedido a 63.500 empleados desde 2008,False
train,https://elpais.com/diario/1983/07/10/ultima/426636003_850215.html,1983-07-09 22:00:00+00:00,La enemiga,True
train,https://elpais.com/diario/1993/01/04/espana/726102006_850215.html,1993-01-03 23:00:00+00:00,Medidas extraordinarias en Madrid y Sevilla para atender el abastecimiento de agua,True
train,https://elpais.com/diario/2000/03/30/andalucia/954368535_850215.html,2000-03-29 22:00:00+00:00,El PSOE propone al PP lograr un pacto por el agua en Córdoba,True
train,https://elpais.com/clima-y-medio-ambiente/2022-03-09/las-reservas-de-agua-embalsada-caen-hasta-los-niveles-de-la-gran-sequia-de-los-noventa.html,2022-03-09 02:45:20.981000+00:00,Las reservas de agua embalsada caen hasta los niveles de la gran sequía de los noventa,True
train,https://elpais.com/diario/2005/07/18/madrid/1121685855_850215.html,2005-07-17 22:00:00+00:00,La otra guerra del agua,True
train,https://elpais.com/diario/2005/08/17/catalunya/1124240848_850215.html,2005-08-16 22:00:00+00:00,Reus reparte un «kit» de ahorro de agua,False
train,https://elpais.com/diario/1999/09/11/paisvasco/937078826_850215.html,1999-09-10 22:00:00+00:00,¡Ahí!,False
train,https://elpais.com/diario/2000/10/13/sociedad/971388007_850215.html,2000-10-12 22:00:00+00:00,Una bacteria que acecha en el agua pulverizada,False
train,https://elpais.com/elpais/2019/03/21/planeta_futuro/1553160674_048784.html,2019-03-22 20:58:54+00:00,El aguacate que llega a Europa seca Chile,True
train,https://elpais.com/diario/2001/02/22/economia/982796409_850215.html,2001-02-21 23:00:00+00:00,Los negociadores de Bruselas y Rabat vuelven a fracasar en el intento de cerrar un acuerdo pesquero,False
train,https://elpais.com/diario/2003/08/12/cvalenciana/1060715879_850215.html,2003-08-11 22:00:00+00:00,"Las reservas de los embalses se reducen en 36,99 hectómetros por el calor y la ausencia de lluvias",True
train,https://elpais.com/diario/1993/01/13/madrid/726927860_850215.html,1993-01-12 23:00:00+00:00,"El agua de Madrid es la más cara de toda España, afirma el PP",False
train,https://elpais.com/diario/1995/06/18/opinion/803426409_850215.html,1995-06-17 22:00:00+00:00,Desalinización,True
train,https://elpais.com/diario/1995/01/05/portada/789260404_850215.html,1995-01-04 23:00:00+00:00,Plan de emergencia ante la sequía que afecta en el sur a seis millones de españoles,True
train,https://elpais.com/opinion/2022-11-11/la-era-de-la-oportunidad-la-transicion-energetica-es-positiva-para-la-ciudadania.html,2022-11-11 04:00:01.462000+00:00,La era de la oportunidad: la transición energética es positiva para la ciudadanía,False
train,https://elpais.com/ccaa/2018/10/30/catalunya/1540905481_242624.html,2018-10-30 13:50:03+00:00,Enseñanza plantea retirar los puntos por hermanos exalumnos y celiaquía en la preinscripción,False
train,https://elpais.com/diario/1983/06/14/espana/424389629_850215.html,1983-06-13 22:00:00+00:00,"Rogativas, procesiones y novenas para pedir que las lluvias caigan sobre la región",True
train,https://elpais.com/ccaa/2012/10/09/andalucia/1349804876_003899.html,2012-10-09 17:47:56+00:00,Empleo estudia rebajar las peonadas,True
train,https://elpais.com/mexico/2022-10-18/pinocho-somete-a-guillermo-del-toro-a-la-prueba-del-tiempo.html,2022-10-18 00:04:17.584000+00:00,‘Pinocho’ somete a Guillermo del Toro a la prueba del tiempo,False
train,https://elpais.com/america-futura/2022-07-29/la-lenta-agonia-de-la-amazonia-brasilena-a-vista-de-pajaro.html,2022-07-29 10:15:00+00:00,La lenta agonía de la Amazonia brasileña a vista de pájaro,False
train,https://elpais.com/diario/2005/09/01/espana/1125525621_850215.html,2005-08-31 22:00:00+00:00,El Gobierno aprobará en octubre un nuevo y polémico trasvase desde el Tajo al Segura,True
train,https://elpais.com/deportes/2019/06/28/actualidad/1561719107_829914.html,2019-06-28 11:24:04+00:00,El Milan es excluido de la próxima Europa League,False
train,https://elpais.com/diario/2008/04/10/catalunya/1207789646_850215.html,2008-04-09 22:00:00+00:00,Hablar sin escuchar,False
train,https://elpais.com/deportes/2021-11-09/marc-marquez-sufre-diplopia-el-problema-de-vision-doble-que-ya-le-tuvo-cinco-meses-de-baja-hace-10-anos.html,2021-11-09 09:33:04.221000+00:00,"Marc Márquez sufre diplopía, el problema de visión doble que ya le tuvo cinco meses de baja hace 10 años",False
train,https://elpais.com/ccaa/2017/12/03/galicia/1512317708_977716.html,2017-12-03 18:28:45+00:00,Ponte Caldelas se moviliza contra el trasvase del río Verdugo,True
train,https://elpais.com/clima-y-medio-ambiente/2023-01-26/mas-de-un-tercio-de-la-selva-amazonica-sin-deforestar-esta-degradada-por-incendios-sequias-y-la-accion-humana.html,2023-01-26 19:00:06.014000+00:00,"Más de un tercio de la selva amazónica sin deforestar está degradada por incendios, sequías y la acción humana",True
train,https://elpais.com/diario/1995/01/31/madrid/791555078_850215.html,1995-01-30 23:00:00+00:00,El agua embalsada,True
train,https://elpais.com/diario/2000/11/13/andalucia/974071336_850215.html,2000-11-12 23:00:00+00:00,Las nuevas estaciones,True
train,https://elpais.com/diario/2008/04/10/andalucia/1207779728_850215.html,2008-04-09 22:00:00+00:00,Las lluvias alivian a los agricultores,True
train,https://elpais.com/diario/2005/07/31/catalunya/1122772039_850215.html,2005-07-30 22:00:00+00:00,"Llueve, pero poco",True
train,https://elpais.com/diario/1983/10/01/portada/433810803_850215.html,1983-09-30 23:00:00+00:00,Las fincas que se expropien en Andalucía serán de titularidad pública,False
train,https://elpais.com/deportes/2019/12/16/actualidad/1576521322_077548.html,2019-12-16 19:02:21+00:00,"Barcelona, Real Madrid y los árbitros, en el mismo hotel",False
train,https://elpais.com/escaparate/2022-12-19/cinco-cafeteras-con-estetica-vintage-para-disfrutar-del-mejor-cafe.html,2022-12-19 09:40:18.963000+00:00,Cinco cafeteras con estética ‘vintage’ para disfrutar del mejor café,False
train,https://elpais.com/politica/2017/10/02/actualidad/1506952022_705006.html,2017-10-02 17:59:01+00:00,"Más de la mitad de Galicia, en alerta por sequía tras el año más seco de su historia",True
train,https://elpais.com/politica/2019/06/12/actualidad/1560332713_261882.html,2019-06-12 11:54:07+00:00,Los audios de los supuestos pagos de OHL a políticos: “400.000 euros para las europeas del PP”,False
train,https://elpais.com/planeta-futuro/2022-12-02/malaui-no-puede-contra-el-colera.html,2022-12-02 04:30:00.757000+00:00,Malaui no puede contra el cólera,True
train,https://elpais.com/diario/1984/11/11/internacional/468975601_850215.html,1984-11-10 23:00:00+00:00,35 millones de personas condenados a muerte,True
train,https://elpais.com/sociedad/2012/03/01/actualidad/1330633358_781394.html,2012-03-01 21:36:29+00:00,Cañete enfría el trasvase: no habrá un nuevo plan hidrológico antes de dos años,True
train,https://elpais.com/internacional/2019/04/08/actualidad/1554680476_863058.html,2019-04-08 08:29:53+00:00,La secretaria de Seguridad Interior de Trump dimite en plena escalada de la crisis migratoria,False
train,https://elpais.com/elviajero/2022/02/09/actualidad/1644404178_090041.html,2022-02-11 23:19:33+00:00,¿Qué hace grande a un hotel? La reconocida interiorista Tara Bernerd responde,False
train,https://elpais.com/internacional/2015/05/13/actualidad/1431542093_232345.html,2015-05-13 18:49:54+00:00,"América Latina: la región con más agua, la más castigada por la sed",True
train,https://elpais.com/diario/1992/03/28/espana/701737214_850215.html,1992-03-27 23:00:00+00:00,El Gobierno retrasa el decreto sobre sequía,True
train,https://elpais.com/politica/2012/10/16/actualidad/1350415747_346618.html,2012-10-16 20:59:18+00:00,La fiscalía eleva a 4.442 millones la reclamación de daños económicos,False
train,https://elpais.com/diario/1983/02/09/economia/413593219_850215.html,1983-02-08 23:00:00+00:00,Los créditos directos del FORPPA podrán aumentar un punto,False
train,https://elpais.com/diario/1985/04/02/internacional/481240815_850215.html,1985-04-01 22:00:00+00:00,El azote de la sequía en África,True
train,https://elpais.com/clima-y-medio-ambiente/2022-06-17/ibrahim-thiaw-hay-que-prepararse-mejor-frente-a-las-sequias-los-agricultores-franceses-estan-cultivando-ya-cereales-africanos.html,2022-06-17 03:30:00.637000+00:00,"Ibrahim Thiaw: “Hay que prepararse mejor frente a las sequías, los agricultores franceses están cultivando ya cereales africanos”",True
train,https://elpais.com/diario/2008/04/19/catalunya/1208567240_850215.html,2008-04-18 22:00:00+00:00,La Abogacía del Estado dice que jurídicamente no hay trasvase,False
train,https://elpais.com/ccaa/2015/02/04/paisvasco/1423045729_957293.html,2015-02-04 19:32:31+00:00,La nieve llega con fuerza y colapsa la comunicación por carretera,False
train,https://elpais.com/diario/2005/05/07/espana/1115416819_850215.html,2005-05-06 22:00:00+00:00,El Gobierno asegura que el suministro urbano de agua está garantizado hasta septiembre,True
train,https://elpais.com/elviajero/2019/02/20/actualidad/1550680769_003414.html,2019-02-21 08:51:10+00:00,Lo que tienes que saber si visitas los templos de Angkor,False
train,https://elpais.com/economia/negocios/2023-01-29/espana-pide-paso-en-la-revolucion-verde.html,2023-01-29 04:45:00.369000+00:00,España pide paso en la revolución verde,False
train,https://elpais.com/diario/1981/01/08/madrid/347804656_850215.html,1981-01-07 23:00:00+00:00,Tendencia a empeorar,True
train,https://elpais.com/diario/1989/11/03/espana/626050822_850215.html,1989-11-02 23:00:00+00:00,"Doscientos pueblos de Castilla y León con 40.000 habitantes, en «alerta roja»",True
train,https://elpais.com/economia/2012/03/18/actualidad/1332094364_539407.html,2012-03-19 02:04:48+00:00,España reclama a Bruselas que adelante 5.500 millones en ayudas por la sequía,True
train,https://elpais.com/deportes/2022-07-19/hugo-houle-vence-en-foix-en-la-primera-etapa-del-tour-de-francia-en-los-pirineos.html,2022-07-19 15:24:46.860000+00:00,Hugo Houle vence en Foix en la primera etapa del Tour de Francia en los Pirineos,False
train,https://elpais.com/diario/2000/01/24/economia/948668421_850215.html,2000-01-23 23:00:00+00:00,¿Qué culpa tiene el tomate?,False
train,https://elpais.com/elpais/2019/05/01/ciencia/1556720167_342808.html,2019-05-05 07:40:11+00:00,"Las emisiones humanas provocan sequías más frecuentes, intensas y generalizadas desde 1900",True
test,https://elpais.com/elviajero/2022/07/18/actualidad/1658133837_621664.html,2022-07-19 02:49:45+00:00,Los Vengadores aterrizan en Disneyland París,False
test,https://elpais.com/diario/1994/08/04/cultura/775951204_850215.html,1994-08-03 22:00:00+00:00,"El calendario de verano de los grupos españoles, en «Tentaciones»",False
test,https://elpais.com/diario/2008/05/15/catalunya/1210813639_850215.html,2008-05-14 22:00:00+00:00,Tarragona paraliza la extracción de agua y Reus ofrece sus pozos,True
test,https://elpais.com/diario/2005/05/28/espana/1117231222_850215.html,2005-05-27 22:00:00+00:00,Sequía: una oportunidad para una política más inteligente y más sostenible,True
test,https://elpais.com/diario/1995/06/14/madrid/803129087_850215.html,1995-06-13 22:00:00+00:00,"El consumo de agua se dispara en el noroeste de la región, a pesar de la sequia",True
test,https://elpais.com/sociedad/2019/12/06/actualidad/1575655719_577962.html,2019-12-09 23:47:59+00:00,Cuando ni los dioses predicen la lluvia,True
test,https://elpais.com/deportes/2017/11/16/actualidad/1510850672_972594.html,2017-11-18 18:54:14+00:00,La llamada a filas de Sergio Ramos,False
test,https://elpais.com/espana/2021-09-23/la-subida-de-impuestos-a-grandes-empresas-atasca-los-presupuestos.html,2021-09-23 03:40:00.309000+00:00,La subida de impuestos a grandes empresas atasca los Presupuestos  ,False
test,https://elpais.com/diario/2008/05/28/catalunya/1211936839_850215.html,2008-05-27 22:00:00+00:00,El Ebro se desborda en su tramo final y el Segre inunda Lleida,False
test,https://elpais.com/diario/2005/06/21/andalucia/1119306130_850215.html,2005-06-20 22:00:00+00:00,Desierto,True
test,https://elpais.com/deportes/2019/04/11/actualidad/1554940834_337683.html,2019-04-11 05:16:31+00:00,El América se erige como campeón indiscutible en México al ganar la Copa MX,False
test,https://elpais.com/diario/2004/07/13/internacional/1089669613_850215.html,2004-07-12 22:00:00+00:00,Una grave sequía deja a un millón de personas sin agua en Cuba,True
test,https://elpais.com/elpais/2017/05/19/ciencia/1495192722_095445.html,2017-05-22 07:34:59+00:00,¿Por qué aún no podemos anticipar los terremotos?,False
test,https://elpais.com/diario/1983/11/14/economia/437612410_850215.html,1983-11-13 23:00:00+00:00,Autorizada la importación de 70 millones de litros de leche,False
test,https://elpais.com/diario/2005/10/12/catalunya/1129079241_850215.html,2005-10-11 22:00:00+00:00,Las previsiones anuncian para hoy la llegada de lluvias generalizadas,True
test,https://elpais.com/deportes/2022-11-07/pecco-bagnaia-supersticion-y-meticulosidad-al-servicio-de-italia.html,2022-11-07 04:15:00.332000+00:00,"Pecco Bagnaia, superstición y meticulosidad al servicio de Italia",False
test,https://elpais.com/sociedad/2011/04/14/actualidad/1302732007_850215.html,2011-04-14 13:07:00+00:00,"Cinco euros de energía, por favor",False
test,https://elpais.com/diario/1989/12/02/espana/628556404_850215.html,1989-12-01 23:00:00+00:00,Las restricciones de agua en Bilbao y Vitoria se amplían a nueve horas,True
test,https://elpais.com/tecnologia/2020/01/25/actualidad/1579909561_267274.html,2020-01-25 10:08:15+00:00,Así es el pulso entre Twitter y Vox por la libertad de expresión y sus límites,False
test,https://elpais.com/diario/2008/01/14/catalunya/1200276451_850215.html,2008-01-13 23:00:00+00:00,Cataluña sufre la peor sequía en 70 años,True
test,https://elpais.com/diario/2008/06/28/catalunya/1214615251_850215.html,2008-06-27 22:00:00+00:00,Baltasar atribuye a la sequía la muerte de árboles,True
test,https://elpais.com/diario/1983/10/12/sociedad/434761204_850215.html,1983-10-11 23:00:00+00:00,Dos fallecidos en Sevilla por afecciones asmáticas provocadas por el calor y la sequía,True
test,https://elpais.com/diario/1992/05/24/economia/706658408_850215.html,1992-05-23 22:00:00+00:00,El Gobierno y las organizaciones agrarias firman un acuerdo dirigido a facilitar la modernización del campo,False
test,https://elpais.com/diario/1981/11/05/economia/373762816_850215.html,1981-11-04 23:00:00+00:00,El Ministerio de Agricultura elaborará un plan para paliar los efectos de la sequía,True
test,https://elpais.com/diario/2010/02/26/catalunya/1267150048_850215.html,2010-02-26 06:00:00+00:00,Lo nuestro,False
test,https://elpais.com/diario/2008/05/19/catalunya/1211159239_850215.html,2008-05-18 22:00:00+00:00,Miles de manifestantes junto al Ebro contra la cesión de agua a Barcelona,True
test,https://elpais.com/diario/1999/03/29/sociedad/922658404_850215.html,1999-03-28 22:00:00+00:00,Manifestación en Madrid el día 25 de abril,False
test,https://elpais.com/diario/2011/02/10/catalunya/1297303641_850215.html,2011-02-10 06:00:00+00:00,El Síndic pide que se anule la tasa de residuos a los autónomos,False
test,https://elpais.com/ccaa/2013/08/30/madrid/1377854881_858668.html,2013-08-30 17:38:37+00:00,"El director del Aquópolis de Villanueva, acusado de estafa por robar agua al Canal",False
test,https://elpais.com/diario/2005/06/23/cvalenciana/1119554279_850215.html,2005-06-22 22:00:00+00:00,Agua en San Juan,False
test,https://elpais.com/diario/2005/10/04/catalunya/1128388040_850215.html,2005-10-03 22:00:00+00:00,La sequía pone en emergencia a 56 pueblos y 40 más lo estarán en días,True
test,https://elpais.com/diario/2008/04/16/galicia/1208341101_850215.html,2008-04-15 22:00:00+00:00,Dos nuevos depósitos para abastecer de agua a A Coruña,True
test,https://elpais.com/diario/2006/08/29/espana/1156802417_850215.html,2006-08-28 22:00:00+00:00,El PP valenciano pide a Narbona inversiones urgentes contra la sequía,True
test,https://elpais.com/diario/1981/07/25/espana/364860030_850215.html,1981-07-24 22:00:00+00:00,"Badajoz y Ciudad Real, al borde del estado de alarma por la sequía",True
test,https://elpais.com/diario/1983/08/05/espana/428882404_850215.html,1983-08-04 22:00:00+00:00,¿Arde el país?,False
test,https://elpais.com/mexico/2022-03-24/los-incendios-arrecian-en-gran-parte-de-mexico.html,2022-03-24 19:38:26.850000+00:00,Los incendios arrecian en gran parte de México,True
test,https://elpais.com/diario/2005/05/24/andalucia/1116886948_850215.html,2005-05-23 22:00:00+00:00,Coves considera prematuro hablar de sequía y anuncia una campaña de ahorro agua,True
test,https://elpais.com/planeta-futuro/2022-12-15/ucrania-relega-aun-mas-las-crisis-olvidadas.html,2022-12-15 14:03:16.804000+00:00,La guerra de Ucrania relega aún más las crisis olvidadas,True
test,https://elpais.com/diario/2000/03/15/cvalenciana/953151491_850215.html,2000-03-14 23:00:00+00:00,Las últimas lluvias no aplacan la sequía en el campo alicantino,True
test,https://elpais.com/diario/2002/01/24/catalunya/1011838053_850215.html,2002-01-23 23:00:00+00:00,Si no llueve habrá restricciones de agua,True
test,https://elpais.com/diario/2001/10/08/cvalenciana/1002568690_850215.html,2001-10-07 22:00:00+00:00,La Vega Baja aumenta el cultivo de hortalizas tras asegurarse el riego,True
test,https://elpais.com/diario/1995/05/23/economia/801180008_850215.html,1995-05-22 22:00:00+00:00,Las asociaciones de regantes piden la condonación de las tarifas del agua,True
test,https://elpais.com/espana/catalunya/2021-09-10/el-paron-de-el-prat-agota-la-paciencia-de-los-empresarios.html,2021-09-10 03:15:00+00:00,El parón de El Prat agota la paciencia de los empresarios,False
test,https://elpais.com/sociedad/2021-11-03/goles-con-el-volcan-en-las-gradas.html,2021-11-03 04:30:00+00:00,Goles con el volcán en las gradas,False
test,https://elpais.com/diario/2002/11/25/espana/1038178819_850215.html,2002-11-24 23:00:00+00:00,Miles de personas salen a la calle en Valencia contra el plan hidrológico,False
test,https://elpais.com/ccaa/2016/08/22/catalunya/1471885340_781423.html,2016-08-22 21:46:40+00:00,Los municipios restringen el consumo de agua ante los acuíferos secos,True
test,https://elpais.com/diario/2005/05/16/andalucia/1116195740_850215.html,2005-05-15 22:00:00+00:00,Los ganaderos reclaman ayudas directas para paliar los sobrecostes de sus explotaciones por la sequía,True
test,https://elpais.com/elviajero/2019/02/14/actualidad/1550135880_329066.html,2019-02-18 09:26:13+00:00,"Saint Louis, ciudad mestiza y vibrante",False
test,https://elpais.com/diario/2007/11/17/catalunya/1195265238_850215.html,2007-11-16 23:00:00+00:00,El frío se intensifica durante el fin de semana,False
test,https://elpais.com/diario/2007/02/16/deportes/1171580404_850215.html,2007-02-15 23:00:00+00:00,"«Tenemos una guerra psicológica en el Bernabéu», reconoce Casillas",False
test,https://elpais.com/diario/1995/08/26/economia/809388005_850215.html,1995-08-25 22:00:00+00:00,CC 00 propone condonar cuota agraria,True
test,https://elpais.com/diario/2000/09/14/catalunya/968893658_850215.html,2000-09-13 22:00:00+00:00,La sequía adelanta el otoño,True
test,https://elpais.com/diario/1981/01/27/economia/349398009_850215.html,1981-01-26 23:00:00+00:00,Pérdidas de 30.000 millones de pesetas en el campo andaluz,True
test,https://elpais.com/elpais/2019/08/19/opinion/1566226356_021341.html,2019-08-19 23:29:48+00:00,Agua y fuego,True
test,https://elpais.com/diario/1998/11/18/sociedad/911343602_850215.html,1998-11-17 23:00:00+00:00,Demografía y acuíferos sobreexplotados,True
test,https://elpais.com/diario/1996/12/19/espana/850950011_850215.html,1996-12-18 23:00:00+00:00,3.000 millones de pérdidas por el temporal,False
test,https://elpais.com/deportes/2022-03-20/xavi-con-esta-idea-si-dominamos.html,2022-03-20 23:06:21.941000+00:00,Xavi: “Con esta idea sí dominamos”,False
test,https://elpais.com/mexico/2021-11-27/lo-virtual-y-lo-presencial-en-el-regreso-de-la-feria-del-libro-de-guadalajara.html,2021-11-27 02:20:30.936000+00:00,Lo virtual y lo presencial en el regreso de la Feria del Libro de Guadalajara,False
test,https://elpais.com/economia/2019/09/13/actualidad/1568366786_617512.html,2019-09-14 22:03:41+00:00,El secreto cervecero del ‘Robin Hood’ gallego para disparar sus ventas,False
test,https://elpais.com/diario/1981/01/28/economia/349484406_850215.html,1981-01-27 23:00:00+00:00,"La subida del teléfono, al próximo Consejo de Ministros",True
test,https://elpais.com/diario/2000/08/23/cvalenciana/967058278_850215.html,2000-08-22 22:00:00+00:00,Una tormenta de agua descarga en Sagunto 105 litros en sólo dos horas,True
test,https://elpais.com/diario/1983/02/07/espana/413420421_850215.html,1983-02-06 23:00:00+00:00,"La ganadería extensiva y la siembra de cultivos sociales, producciones más afectadas por la sequía",True
test,https://elpais.com/diario/2007/11/14/catalunya/1195006060_850215.html,2007-11-13 23:00:00+00:00,La Generalitat prorrogará el decreto de sequía si baja el nivel de los pantanos,True
test,https://elpais.com/ccaa/2012/06/13/andalucia/1339602978_574274.html,2012-06-13 15:56:18+00:00,El juez condena a Befesa por la rotura de una balsa en Huelva,False
test,https://elpais.com/internacional/2014/05/22/actualidad/1400710022_617003.html,2014-05-21 22:10:35+00:00,California lidera la lucha contra el cambio climático en EE UU,True
test,https://elpais.com/diario/2007/12/18/galicia/1197976688_850215.html,2007-12-17 23:00:00+00:00,La sequía provoca un vuelco en la política de gestión del agua,True
test,https://elpais.com/diario/1995/07/16/economia/805845608_850215.html,1995-07-15 22:00:00+00:00,Vino importado de Italia y Argentina,True
test,https://elpais.com/espana/catalunya/2023-01-04/deficit-de-nieve-en-el-pirineo-durante-el-dia-estamos-a-20-grados-y-la-gente-no-ve-claro-venir-a-esquiar.html,2023-01-04 04:15:00.387000+00:00,Déficit de nieve en el Pirineo: “Durante el día estamos a 20 grados y la gente no ve claro venir a esquiar”,True
test,https://elpais.com/diario/2002/09/18/catalunya/1032311262_850215.html,2002-09-17 22:00:00+00:00,El Gobierno catalán no levantará las medidas decretadas por la sequía,True
test,https://elpais.com/diario/1976/08/05/economia/208044013_850215.html,1976-08-04 22:00:00+00:00,Los agricultores solicitan un estatuto de autonomía,True
test,https://elpais.com/sociedad/2013/09/12/actualidad/1378978383_559824.html,2013-09-12 18:56:15+00:00,Kenia descubre dos acuíferos que podrían garantizar agua durante 70 años,True
test,https://elpais.com/planeta-futuro/2022-03-30/la-sombra-alargada-de-la-hambruna-en-el-este-de-africa-por-los-estragos-de-la-guerra-en-ucrania.html,2022-03-30 03:35:00.333000+00:00,La sombra alargada de la hambruna en el este de África por los estragos de la guerra en Ucrania,True
test,https://elpais.com/diario/2006/09/07/cvalenciana/1157656678_850215.html,2006-09-06 22:00:00+00:00,Las organizaciones agrarias reclaman consenso político para afrontar la sequía,True
test,https://elpais.com/economia/2022-03-25/los-pescadores-vuelven-a-faenar-en-un-mar-de-dudas-las-promesas-son-muy-genericas.html,2022-03-25 04:45:00.273000+00:00,Los pescadores vuelven a faenar en un mar de dudas: “Las promesas son muy genéricas”,False
test,https://elpais.com/diario/2008/04/12/catalunya/1207962439_850215.html,2008-04-11 22:00:00+00:00,Cuadrar agendas,False
test,https://elpais.com/diario/2005/06/20/economia/1119218401_850215.html,2005-06-19 22:00:00+00:00,"La generación hidroeléctrica cae un 39,3% en el año por la sequía",True
test,https://elpais.com/diario/2000/02/08/economia/949964420_850215.html,2000-02-07 23:00:00+00:00,"Endesa vuelve a ganar

 en Marruecos",True
test,https://elpais.com/diario/2005/07/04/cvalenciana/1120504686_850215.html,2005-07-03 22:00:00+00:00,Elche pone en marcha un plan para ahorrar un 50% de agua potable,True
test,https://elpais.com/diario/2008/04/16/catalunya/1208308038_850215.html,2008-04-15 22:00:00+00:00,Barcelona beberá el agua que pierden las acequias del delta del Ebro,True
test,https://elpais.com/diario/2005/06/20/andalucia/1119219744_850215.html,2005-06-19 22:00:00+00:00,La campaña de la remolacha arranca afectada por la sequía y las heladas,True
test,https://elpais.com/clima-y-medio-ambiente/2022-11-06/el-sur-global-pide-cuentas-por-una-crisis-climatica-que-le-entierra-en-la-pobreza.html,2022-11-06 04:30:00.418000+00:00,Los países más vulnerables exigen que se los compense por una crisis climática que los entierra en la pobreza,True
test,https://elpais.com/diario/2000/03/21/madrid/953641458_850215.html,2000-03-20 23:00:00+00:00,La lluvia regresa con granizada en El Escorial y tormentas en Madrid tras cincuenta días de sequía,True
test,https://elpais.com/clima-y-medio-ambiente/2023-02-12/greenwashing-un-estudio-advierte-de-los-enganosos-planes-climaticos-de-las-multinacionales-que-se-presentan-como-verdes.html,2023-02-12 23:00:00.312000+00:00,‘Greenwashing’: Un estudio advierte de los engañosos planes climáticos de las multinacionales que se presentan como verdes,False
test,https://elpais.com/diario/2008/05/21/catalunya/1211332038_850215.html,2008-05-20 22:00:00+00:00,Madrileñear,False
test,https://elpais.com/diario/1992/07/07/madrid/710508259_850215.html,1992-07-06 22:00:00+00:00,El Canal aún no ha llegado al nivel de ahorro de agua que deseaba,False
test,https://elpais.com/diario/1987/02/19/economia/540687615_850215.html,1987-02-18 23:00:00+00:00,"Los precios percibidos por los agricultores aumentaron un 10,4% el pasado año",False
test,https://elpais.com/diario/2008/04/15/catalunya/1208221644_850215.html,2008-04-14 22:00:00+00:00,Saura explota y arremete contra el minitrasvase del Ebro de Zapatero,True
test,https://elpais.com/economia/negocios/2022-07-28/sensores-climaticos-para-regar.html,2022-07-28 03:45:00.368000+00:00,Sensores climáticos para regar,True
test,https://elpais.com/diario/2010/08/04/internacional/1280872806_850215.html,2010-08-04 05:00:00+00:00,Rusia sufre la peor sequía en 50 años,True
test,https://elpais.com/diario/1992/05/31/opinion/707263201_850215.html,1992-05-30 22:00:00+00:00,Sequía y crisis,True
test,https://elpais.com/diario/2008/03/12/catalunya/1205287644_850215.html,2008-03-11 23:00:00+00:00,Barcelona agota los recursos de agua y mantiene los cortes para septiembre,True
test,https://elpais.com/diario/1983/08/01/opinion/428536805_850215.html,1983-07-31 22:00:00+00:00,El Icona y la media veda,True
test,https://elpais.com/mexico/2021-04-14/un-incendio-consume-234-hectareas-en-tepoztlan-uno-de-los-principales-pulmones-de-morelos.html,2021-04-14 17:49:01.069000+00:00,"Un incendio consume 350 hectáreas en Tepoztlán, uno de los pulmones verdes de Morelos",True
test,https://elpais.com/politica/2017/10/05/actualidad/1507198653_437781.html,2017-10-07 08:48:52+00:00,Retrato de una España atrapada en la sequía,True
test,https://elpais.com/diario/2005/06/02/andalucia/1117664549_850215.html,2005-06-01 22:00:00+00:00,"La Junta invertirá 5,2 millones en recuperar los pozos de emergencia ante la sequía en Málaga",True
test,https://elpais.com/sociedad/2019/09/19/actualidad/1568896420_576502.html,2019-09-19 12:59:13+00:00,El otoño será más cálido de lo normal tras un verano marcado por dos intensas olas de calor,True
test,https://elpais.com/espana/2022-08-12/el-yate-incendiado-en-formentera-estaba-recien-construido-y-pertenece-a-un-millonario-italiano.html,2022-08-12 11:08:55.937000+00:00,El yate incendiado en Formentera estaba recién construido y pertenece a un millonario italiano,False
test,https://elpais.com/sociedad/2018/11/18/actualidad/1542539995_127384.html,2018-11-18 12:04:43+00:00,El pueblo olivarero de Jaén que mira de reojo a Bruselas,False
test,https://elpais.com/diario/2006/11/30/madrid/1164889454_850215.html,2006-11-29 23:00:00+00:00,La presidenta anuncia otra vez la recarga de acuíferos contra la sequía,True
test,https://elpais.com/deportes/2018/11/23/actualidad/1542998512_955828.html,2018-11-24 16:11:19+00:00,El Baskonia regresa al buen camino,False
test,https://elpais.com/planeta-futuro/2020-12-08/ser-blanco-gay-y-africano-de-segunda-clase.html,2020-12-08 09:32:45.620000+00:00,"Ser blanco, gay y africano de segunda clase",False
test,https://elpais.com/clima-y-medio-ambiente/2022-02-28/casi-la-mitad-de-la-poblacion-mundial-es-altamente-vulnerable-a-un-cambio-climatico-que-ha-causado-ya-danos-generalizados.html,2022-02-28 11:00:05.034000+00:00,Casi la mitad de la población mundial es “altamente vulnerable” a un cambio climático que ha causado ya daños generalizados,True
test,https://elpais.com/ccaa/2012/05/31/valencia/1338484338_786434.html,2012-05-31 17:20:59+00:00,La Confederación del Júcar reclama “rigor” en el uso del agua,True
test,https://elpais.com/diario/2009/06/30/sociedad/1246312809_850215.html,2009-06-30 05:00:00+00:00,La veda de la anchoa se prorroga hasta diciembre,False
test,https://elpais.com/deportes/2018/11/22/actualidad/1542926746_998932.html,2018-11-24 17:54:19+00:00,Juanfran se pierde el partido con el Barcelona por una lesión muscular,False
test,https://elpais.com/diario/1981/02/15/espana/351039616_850215.html,1981-02-14 23:00:00+00:00,"Cincuenta poblaciones, afectadas por la sequía",True
test,https://elpais.com/babelia/2022-06-11/pont-flotant-el-teatro-que-conmueve-cuando-menos-te-lo-esperas.html,2022-06-11 03:30:01.841000+00:00,Pont Flotant: el teatro que conmueve cuando menos te lo esperas,False
test,https://elpais.com/diario/2005/10/04/cvalenciana/1128453494_850215.html,2005-10-03 22:00:00+00:00,El ministerio prepara decretos por la sequía para el Júcar y el Segura,True
test,https://elpais.com/politica/2017/06/02/tiempo_al_tiempo/1496403410_922746.html,2017-06-03 08:55:36+00:00,¿Se secará el Ebro?,True
test,https://elpais.com/diario/1996/01/29/deportes/822870040_850215.html,1996-01-28 23:00:00+00:00,Sequía en el fango,False
test,https://elpais.com/diario/2000/04/13/internacional/955576811_850215.html,2000-04-12 22:00:00+00:00,La FAO advierte de una inminente crisis de alimentos en 35 países,True
test,https://elpais.com/elpais/2015/01/02/media/1420222416_029688.html,2015-01-03 23:09:36+00:00,Ganadores y perdedores en el cambio climático,False
test,https://elpais.com/diario/1982/09/24/sociedad/401666404_850215.html,1982-09-23 22:00:00+00:00,Presunto fraude de agua mineral embotellada,False
test,https://elpais.com/television/2022-04-02/cuando-manuel-vicent-dejo-de-ir-a-misa-por-algo-mucho-mas-profundo-banarse-en-el-mar.html,2022-04-02 03:15:00.394000+00:00,"Cuando Manuel Vicent dejó de ir a misa por “algo mucho más profundo”, bañarse en el mar",False
test,https://elpais.com/diario/1980/04/09/espana/324079203_850215.html,1980-04-08 22:00:00+00:00,El control de las aguas del trasvase Tajo-Segura,False
test,https://elpais.com/internacional/2022-09-16/las-lluvias-torrenciales-en-el-centro-de-italia-causan-al-menos-ocho-muertos.html,2022-09-16 08:56:22.062000+00:00,Las lluvias torrenciales en el centro de Italia causan al menos 10 muertos,False
test,https://elpais.com/deportes/2022-10-30/el-real-madrid-llega-tarde.html,2022-10-30 18:07:30.601000+00:00,El Real Madrid llega tarde,False
test,https://elpais.com/diario/2005/01/16/andalucia/1105831326_850215.html,2005-01-15 23:00:00+00:00,El otoño más seco de la última década alarma al campo andaluz,True
test,https://elpais.com/elpais/2019/11/11/seres_urbanos/1573482320_218278.html,2019-11-20 07:43:54+00:00,Ciudades en riesgo,True
test,https://elpais.com/ccaa/2016/09/21/valencia/1474476161_261818.html,2016-09-21 17:17:39+00:00,"2016, el segundo año más seco en la Comunidad Valenciana",True
test,https://elpais.com/diario/1986/02/26/sociedad/509756410_850215.html,1986-02-25 23:00:00+00:00,Alcaldes leridanos piden apoyo al Parlamento Europeo contra el proyecto de presa de Rialb,False
test,https://elpais.com/economia/2021-10-27/argelia-se-compromete-a-garantizar-el-suministro-a-espana-del-gas-acordado-pero-no-desvela-si-va-a-reabrir-el-gasoducto-con-marruecos.html,2021-10-27 14:44:43.754000+00:00,"Argelia se compromete a garantizar el suministro a España del gas acordado, pero no desvela si va a reabrir el gasoducto con Marruecos",False
test,https://elpais.com/diario/2008/06/01/catalunya/1212282438_850215.html,2008-05-31 22:00:00+00:00,Cuenta atrás en la lucha contra la sequía,True
test,https://elpais.com/ccaa/2016/08/19/catalunya/1471626747_543318.html,2016-08-19 21:25:03+00:00,Port de la Selva prohíbe el uso de agua que no sea estrictamente doméstico,True
test,https://elpais.com/salud-y-bienestar/2022-11-14/como-afecta-el-cambio-climatico-a-la-salud-mental-en-las-ciudades.html,2022-11-14 16:00:02.635000+00:00,¿Cómo afecta el cambio climático a la salud mental en las ciudades?,True
test,https://elpais.com/diario/2005/01/19/economia/1106089207_850215.html,2005-01-18 23:00:00+00:00,Narbona pide a las comunidades planes para hacer frente a la sequía,True
test,https://elpais.com/clima-y-medio-ambiente/2022-08-25/imagenes-de-la-nasa-muestran-como-se-seca-el-lago-de-el-planeta-de-los-simios.html,2022-08-25 14:34:53.017000+00:00,Imágenes de la NASA muestran cómo se seca el lago de ‘El planeta de los simios’,True
test,https://elpais.com/deportes/2022-03-02/la-real-sociedad-recupera-el-color.html,2022-03-02 22:15:36.883000+00:00,La Real Sociedad recupera el color,False
test,https://elpais.com/diario/1982/05/27/espana/391298426_850215.html,1982-05-26 22:00:00+00:00,La Administración no considera alarmante la actual sequía,True
test,https://elpais.com/clima-y-medio-ambiente/2022-10-25/asi-matan-los-combustibles-fosiles-un-estudio-advierte-del-impacto-en-la-salud-global-de-la-crisis-climatica.html,2022-10-25 22:30:00.324000+00:00,Así matan los combustibles fósiles: un estudio advierte del impacto de la crisis climática en la salud global,True
test,https://elpais.com/diario/1989/09/06/espana/621036029_850215.html,1989-09-05 22:00:00+00:00,Los pantanos andaluces continúan padeciendo una gran escasez de agua,True
test,https://elpais.com/economia/2022-10-24/los-costes-de-produccion-disparados-golpean-al-sector-del-pollo.html,2022-10-24 03:45:00.421000+00:00,Los costes de producción disparados ponen contra las cuerdas al sector del pollo,False
test,https://elpais.com/diario/2003/11/26/sociedad/1069801201_850215.html,2003-11-25 23:00:00+00:00,"842 millones de personas sufren de hambre, 18 millones más que en 1995",True
test,https://elpais.com/diario/2005/09/29/madrid/1127993055_850215.html,2005-09-28 22:00:00+00:00,EL EMBALSE DE SANTILLANA SE SECA,True
test,https://elpais.com/deportes/2017/01/05/actualidad/1483642153_662241.html,2017-01-05 21:12:12+00:00,El Barça vuelve a las andadas en Alemania,False
test,https://elpais.com/diario/2005/10/05/espana/1128463220_850215.html,2005-10-04 22:00:00+00:00,La falta de agua cuestiona el futuro de 35.000 nuevas viviendas previstas en Murcia,True
test,https://elpais.com/cultura/2022-11-24/mundo-extrano-disney-por-fin-trata-la-homosexualidad-con-una-pareja-gay-como-protagonista-en-una-pelicula-irregular.html,2022-11-24 15:43:51.663000+00:00,‘Mundo extraño’: Disney por fin trata la homosexualidad con una pareja gay como protagonista en una película irregular,False
test,https://elpais.com/sociedad/2014/05/20/actualidad/1400617458_732812.html,2014-05-20 21:20:42+00:00,Texas beberá el agua depurada de duchas e inodoros por la sequía,True
test,https://elpais.com/politica/2017/10/14/actualidad/1507994291_280575.html,2017-10-14 21:58:09+00:00,Cuando a Lucinda se le secó su manantial infinito,True
test,https://elpais.com/diario/1995/04/08/economia/797292012_850215.html,1995-04-07 22:00:00+00:00,Miles de agricultores y ganaderos andaluces  exigen ante la Junta soluciones a la sequía,True
test,https://elpais.com/elpais/2020/01/27/gente/1580124204_827647.html,2020-01-27 11:56:57+00:00,"Un holandés, condenado por llamar a la reina Máxima “cerda asquerosa”",False
test,https://elpais.com/diario/1984/10/25/economia/467506817_850215.html,1984-10-24 23:00:00+00:00,La URSS inicia un programa agrario para garantizar el ábastecimiento alimentario,True
test,https://elpais.com/ccaa/2014/07/04/valencia/1404493940_153387.html,2014-07-04 19:59:24+00:00,La sequía causa pérdidas de 340 millones al campo valenciano,True
test,https://elpais.com/deportes/2007/11/25/actualidad/1195978931_850215.html,2007-11-25 19:06:00+00:00,El vértigo de la cima,False
test,https://elpais.com/diario/1995/05/25/sociedad/801352808_850215.html,1995-05-24 22:00:00+00:00,"Incendios, sequía y contaminación crean una espesa nube sobre Venezuela",True
test,https://elpais.com/diario/1989/09/03/economia/620776803_850215.html,1989-09-02 22:00:00+00:00,"Iberduero, Hidrola y Unión-Fenosa reducen sus beneficios semestrales por culpa de la sequía",True
test,https://elpais.com/diario/1982/07/15/espana/395532021_850215.html,1982-07-14 22:00:00+00:00,38 poblaciones de Extremadura se encuentran en «alerta roja» por la sequía,True
test,https://elpais.com/economia/2016/11/24/actualidad/1480020465_519182.html,2016-11-25 08:27:13+00:00,Cambio climático,True
test,https://elpais.com/diario/1995/08/06/ultima/807660002_850215.html,1995-08-05 22:00:00+00:00,Sequía,True
test,https://elpais.com/economia/negocios/2023-02-04/morir-de-hambre-en-la-era-de-la-inteligencia-artificial-por-que-839-millones-de-personas-no-pueden-comer-dignamente.html,2023-02-04 16:45:00.483000+00:00,Morir de hambre en la era de la inteligencia artificial: por qué 839 millones de personas no pueden comer dignamente,True
test,https://elpais.com/diario/1983/07/26/economia/428018408_850215.html,1983-07-25 22:00:00+00:00,"Coordinando los recursos hidráulicos se puede solucionar la sequía, según Enrique Azcárate",True
test,https://elpais.com/diario/2005/06/26/espana/1119736815_850215.html,2005-06-25 22:00:00+00:00,Los dos frentes del trasvase,True
test,https://elpais.com/ccaa/2014/02/07/valencia/1391808393_683419.html,2014-02-07 21:55:04+00:00,PSOE y Compromís piden el fin de la sobreexplotación en La Mancha Oriental,False
test,https://elpais.com/diario/1999/09/23/andalucia/938038923_850215.html,1999-09-22 22:00:00+00:00,Paradojas de agua,True
test,https://elpais.com/espana/catalunya/2021-10-28/la-sequia-lleva-a-cataluna-a-imponer-restricciones-en-el-consumo-de-agua-en-22-municipios.html,2021-10-28 16:50:07.329000+00:00,La sequía lleva a Cataluña a imponer restricciones en el consumo de agua en 22 municipios,True
test,https://elpais.com/diario/2005/09/30/madrid/1128079470_850215.html,2005-09-29 22:00:00+00:00,Simancas critica la desidia de la Comunidad en el ahorro del consumo y reclama un pacto institucional,True
test,https://elpais.com/deportes/2017/03/15/actualidad/1489605323_420472.html,2017-03-16 07:16:21+00:00,"Ricky Rubio, más tiro, más pase, más líder",False
test,https://elpais.com/elviajero/2023-01-21/el-mundo-es-un-lugar-alucinante-planes-para-2023-entre-alces-cactus-gigantes-y-danzas-maories.html,2023-01-21 04:12:00.297000+00:00,"El mundo es un lugar alucinante: planes para 2023 entre alces, cactus gigantes y danzas maoríes",False
test,https://elpais.com/diario/1985/09/21/sociedad/496101602_850215.html,1985-09-20 22:00:00+00:00,La fuente milagrosa,True
test,https://elpais.com/diario/1999/06/24/cvalenciana/930251888_850215.html,1999-06-23 22:00:00+00:00,LA CONFEDERACIÓN LIMITA LOS CAUDALES Nuevas restricciones de agua para los regadíos de la Vega Baja,True
test,https://elpais.com/elpais/2016/08/05/planeta_futuro/1470396372_211003.html,2016-08-05 12:23:59+00:00,Etiopía: la sequía silenciosa,True
test,https://elpais.com/deportes/2020-07-20/el-balon-de-oro-de-2020-quedara-vacante.html,2020-07-20 12:47:47.843000+00:00,El Balón de Oro de 2020 quedará vacante,False
test,https://elpais.com/diario/2008/05/28/economia/1211925604_850215.html,2008-05-27 22:00:00+00:00,El precio del arroz cae después de que Camboya permita las exportaciones,False
test,https://elpais.com/diario/2005/06/30/espana/1120082424_850215.html,2005-06-29 22:00:00+00:00,Sed de tuberías,True
test,https://elpais.com/eps/2022-12-15/buenas-noticias-10-logros-que-invitan-al-optimismo.html,2022-12-15 04:40:00.305000+00:00,Diez buenas noticias de 2022: logros que invitan al optimismo,False
test,https://elpais.com/gente/2020-05-13/la-enemistad-que-enfrento-a-jackie-kennedy-y-a-su-hermana.html,2020-05-13 22:30:59.046000+00:00,La enemistad que enfrentó a Jackie Kennedy y a su hermana,False
test,https://elpais.com/elpais/2020/09/30/eps/1601482039_042542.html,2020-10-03 22:12:18+00:00,Criterios variables,False
test,https://elpais.com/diario/2008/12/17/catalunya/1229479644_850215.html,2008-12-16 23:00:00+00:00,Los Mossos podrán cambiar de actividad a partir de los 57 años,False
test,https://elpais.com/deportes/2014/09/14/actualidad/1410710957_574823.html,2014-09-14 17:45:03+00:00,Zidane encuentra la llave,False
test,https://elpais.com/ccaa/2018/05/14/galicia/1526285439_233182.html,2018-05-14 11:40:47+00:00,Un estudio de la Xunta descarta el trasvase del río Verdugo por insuficiente e ineficaz,True
test,https://elpais.com/internacional/2019/08/31/actualidad/1567246089_784936.html,2019-08-31 11:30:46+00:00,Hong Kong vive su jornada más tensa desde el inicio de las protestas,False
test,https://elpais.com/diario/1981/04/22/ultima/356738402_850215.html,1981-04-21 22:00:00+00:00,Los expertos predicen un final de mes invernal,True
test,https://elpais.com/deportes/2022-01-06/kyrie-irving-y-el-desconcierto-de-las-leyes.html,2022-01-06 20:34:25.674000+00:00,Kyrie Irving y el desconcierto de las leyes de la covid,False
test,https://elpais.com/internacional/2018/07/05/actualidad/1530794627_420988.html,2018-07-06 08:29:14+00:00,Los cortes eléctricos evidencian el olvido de las infraestructuras en Irán,True
test,https://elpais.com/economia/2021-07-16/los-trabajadores-rurales-sin-tierra-de-brasil-entran-en-el-mercado-de-capitales.html,2021-07-16 22:36:45.135000+00:00,Los trabajadores rurales sin tierra de Brasil entran en el mercado de capitales,False
test,https://elpais.com/clima-y-medio-ambiente/2022-05-04/chile-hace-frente-a-su-sequia-estructural-con-un-plan-de-racionalizacion-de-agua-en-santiago.html,2022-05-04 02:44:54.901000+00:00,Chile hace frente a su “sequía estructural” con un plan de racionalización de agua en Santiago,True
test,https://elpais.com/ccaa/2019/11/15/madrid/1573811209_002065.html,2019-11-15 23:04:19+00:00,Un médico y un enfermero de urgencias para 550.000 habitantes,False
test,https://elpais.com/politica/2017/07/29/actualidad/1501318010_717656.html,2017-07-30 10:40:25+00:00,Un incendio quema 1.400 hectáreas en Yeste y obliga a desalojar a 500 personas,False
test,https://elpais.com/diario/1993/06/20/espana/740527210_850215.html,1993-06-19 22:00:00+00:00,La sequía continúa en niveles preocupantes aunque se hayan suprimido las restricciones de agua,True
test,https://elpais.com/elpais/2019/08/09/escaparate/1565354270_817710.html,2019-10-25 08:54:53+00:00,15 artículos ecológicos para hacer tu rutina más sostenible,False
test,https://elpais.com/mexico/escaparate/2022-05-16/tenemos-la-plancha-vertical-a-vapor-que-deja-tu-ropa-libre-de-arrugas-en-segundos.html,2022-05-16 15:49:31.122000+00:00,Tenemos la plancha vertical a vapor que deja tu ropa libre de arrugas en segundos,False
test,https://elpais.com/diario/2006/08/18/madrid/1155900255_850215.html,2006-08-17 22:00:00+00:00,"El consumo de agua en la Comunidad de Madrid es un 11,35% inferior al del año pasado",True
test,https://elpais.com/mexico/2023-01-26/la-misteriosa-muerte-de-miles-de-peces-en-la-costa-de-sonora.html,2023-01-26 21:03:37.911000+00:00,La misteriosa muerte de miles de peces en la costa de Sonora ,False
test,https://elpais.com/diario/1999/11/05/andalucia/941757751_850215.html,1999-11-04 23:00:00+00:00,Las lluvias de septiembre y octubre  en Andalucía doblan la media registrada en las últimas décadas,True
test,https://elpais.com/economia/2022-06-02/el-centro-de-amazon-en-barcelona-3000-empleados-y-6000-robots-para-servir-un-millon-de-paquetes.html,2022-06-02 03:45:00.312000+00:00,El centro de Amazon en Barcelona: 3.000 empleados y 6.000 robots para servir un millón de paquetes,False
test,https://elpais.com/cultura/2020-07-31/juan-genoves-todo-lo-que-he-visto-lo-he-pintado-era-mi-manera-de-expresarme.html,2020-07-31 06:56:34.564000+00:00,"Juan Genovés: “Todo lo que he visto lo he pintado, era mi manera de expresarme”",False
test,https://elpais.com/mexico/2021-04-29/las-alternativas-para-paliar-la-crisis-del-agua-en-ciudad-de-mexico-amenazan-a-otras-comunidades.html,2021-04-29 16:01:05.613000+00:00,Las alternativas para paliar la crisis del agua en Ciudad de México amenazan a otras comunidades,True
test,https://elpais.com/diario/2005/10/09/andalucia/1128810125_850215.html,2005-10-08 22:00:00+00:00,La mayoría de las alegaciones al decreto de la sequía pide nuevas obras hidráulicas en Málaga,True
test,https://elpais.com/diario/2008/04/17/catalunya/1208394442_850215.html,2008-04-16 22:00:00+00:00,ERC de las comarcas del Ebro carga contra la «incompetencia nacional» de Medio Ambiente,True
test,https://elpais.com/diario/2009/11/16/internacional/1258326005_850215.html,2009-11-16 06:00:00+00:00,La sequía arrasa Argentina,True
test,https://elpais.com/diario/1982/08/01/opinion/397000807_850215.html,1982-07-31 22:00:00+00:00,Las medidas contra la sequía,True
test,https://elpais.com/planeta-futuro/en-primera-linea/2021-12-02/viaje-al-epicentro-del-cambio-climatico-en-guatemala.html,2021-12-02 04:35:00+00:00,Viaje al epicentro del cambio climático en Guatemala,True
test,https://elpais.com/ccaa/2014/06/10/valencia/1402400441_833687.html,2014-06-10 11:56:25+00:00,El Gobierno realizará un trasvase de 15 hm3 del Júcar al Vinalopó en julio,True
test,https://elpais.com/diario/2005/07/16/espana/1121464803_850215.html,2005-07-15 22:00:00+00:00,El Consejo de Ministros aprueba el Plan de Infraestructuras,True
test,https://elpais.com/elpais/2018/07/13/ciencia/1531489495_489032.html,2018-07-13 14:15:21+00:00,La sequía desvela un enorme monumento prehistórico enterrado en Irlanda,True
test,https://elpais.com/diario/1981/03/31/espana/354837611_850215.html,1981-03-30 22:00:00+00:00,Habrá seguro de desempleo para los trabajadores agrícolas,True
test,https://elpais.com/diario/2005/12/29/economia/1135810809_850215.html,2005-12-28 23:00:00+00:00,La energía hidráulica cae al mínimo de 48 años por la sequía,True
test,https://elpais.com/elviajero/2019/01/28/actualidad/1548674347_743494.html,2019-02-26 13:35:55+00:00,Baobabs y ‘babalawos’ en Benín,False
test,https://elpais.com/cultura/2021-05-03/manuela-mena-que-no-toquen-el-caravaggio-hasta-que-no-este-en-un-gran-museo.html,2021-05-03 03:15:00+00:00,Manuela Mena: “Que no toquen el ‘caravaggio’ hasta que no esté en un gran museo”,False
test,https://elpais.com/diario/1981/05/15/deportes/358725612_850215.html,1981-05-14 22:00:00+00:00,La temporada del huchón se inicia el sábado,True
test,https://elpais.com/diario/1976/06/27/economia/204674406_850215.html,1976-06-26 22:00:00+00:00,Crítica situación por la sequía en Francia,True
test,https://elpais.com/diario/2005/07/25/catalunya/1122253639_850215.html,2005-07-24 22:00:00+00:00,La emergencia por sequía se aprobará en agosto si no llueve durante tres semanas,True
test,https://elpais.com/diario/2005/05/07/espana/1115416818_850215.html,2005-05-06 22:00:00+00:00,Paradoja en el Pirineo,True
test,https://elpais.com/ccaa/2015/01/29/catalunya/1422545867_461370.html,2015-01-29 16:35:34+00:00,"Cataluña, en alerta por un temporal de viento",False
test,https://elpais.com/diario/2002/04/13/cvalenciana/1018725478_850215.html,2002-04-12 22:00:00+00:00,La lluvia obliga a abrir los aliviaderos del embalse de El Regajo ante el riesgo de la acumulación de agua,False
test,https://elpais.com/ccaa/2019/03/20/valencia/1553110219_820881.html,2019-03-20 20:02:42+00:00,Puig afirma que el trasvase Tajo-Segura sigue en vigor tras la sentencia del Supremo,False
test,https://elpais.com/internacional/2022-02-08/el-cuerno-de-africa-se-enfrenta-a-la-hambruna-debido-a-su-peor-sequia-en-40-anos.html,2022-02-08 13:14:35.749000+00:00,El Cuerno de África se enfrenta a la hambruna debido a su peor sequía en 40 años,True
test,https://elpais.com/cultura/2020-05-22/el-universal-music-festival-cancela-su-edicion-de-2020.html,2020-05-22 13:59:07.044000+00:00,El Universal Music Festival cancela su edición de 2020,False
test,https://elpais.com/diario/1997/01/19/madrid/853676687_850215.html,1997-01-18 23:00:00+00:00,Ajo y melón,False
test,https://elpais.com/diario/2008/01/13/catalunya/1200190038_850215.html,2008-01-12 23:00:00+00:00,Descartados todos los trasvases,True
test,https://elpais.com/ccaa/2013/11/27/madrid/1385560505_578979.html,2013-11-27 14:01:40+00:00,El Canal de Isabel II bajará una décima la tarifa del agua para 2014,False
test,https://elpais.com/diario/1984/01/31/internacional/444351623_850215.html,1984-01-30 23:00:00+00:00,Sequía en Etiopía.,True
test,https://elpais.com/deportes/2020/02/10/actualidad/1581335692_534989.html,2020-02-10 12:31:01+00:00,"Fekir, del éxtasis al barro",False
test,https://elpais.com/diario/1983/06/21/espana/424994425_850215.html,1983-06-20 22:00:00+00:00,Tensión en el reparto de riegos en la zona del Plan Badajoz,True
test,https://elpais.com/diario/1998/05/12/internacional/894924013_850215.html,1998-05-11 22:00:00+00:00,Antiguos contras de Nicaragua exhiben las cabezas de dos civiles,True
test,https://elpais.com/elpais/2019/11/11/eps/1573488472_802490.html,2019-11-16 23:20:39+00:00,Las chicas también juegan al fútbol,False
test,https://elpais.com/deportes/2019/11/14/actualidad/1573731361_294155.html,2019-11-14 11:50:38+00:00,Diego Costa puede estar de dos meses y medio a tres de baja por una hernia discal cervical,False
test,https://elpais.com/diario/2006/02/10/sociedad/1139526008_850215.html,2006-02-09 23:00:00+00:00,«Aquí se masca la contaminación»,False
test,https://elpais.com/diario/2000/10/15/cvalenciana/971637483_850215.html,2000-10-14 22:00:00+00:00,Los olivareros temen perder el 20% de la cosecha por la sequía,True
test,https://elpais.com/diario/2005/03/05/andalucia/1109978547_850215.html,2005-03-04 23:00:00+00:00,Asaja eleva a 1.000 millones de euros las pérdidas por el mal tiempo,True
test,https://elpais.com/diario/2000/06/14/catalunya/960944864_850215.html,2000-06-13 22:00:00+00:00,Las constructoras del puente eluden pronunciarse sobre el hundimiento,False
test,https://elpais.com/diario/2008/06/27/opinion/1214517607_850215.html,2008-06-26 22:00:00+00:00,La Expo del Agua y el Gran Scala,False
test,https://elpais.com/diario/1981/04/03/madrid/355145063_850215.html,1981-04-02 22:00:00+00:00,No hay peligro de contaminación en las aguas para consumo,False
test,https://elpais.com/diario/2005/06/03/cvalenciana/1117826289_850215.html,2005-06-02 22:00:00+00:00,La Comisión del Tajo denegará nuevos trasvases este verano si persiste la sequía,True
test,https://elpais.com/diario/2005/11/07/cvalenciana/1131394690_850215.html,2005-11-06 23:00:00+00:00,Greenpeace advierte de la mala calidad de las aguas de los ríos,False
test,https://elpais.com/mexico/2022-10-23/el-huracan-roslyn-de-categoria-3-impacta-en-las-costas-de-nayarit.html,2022-10-23 14:25:51.108000+00:00,El huracán ‘Roslyn’ de categoría 3 impacta en las costas de Nayarit ,False
test,https://elpais.com/diario/2005/10/05/catalunya/1128474439_850215.html,2005-10-04 22:00:00+00:00,Se inicia el vaciado del pantano de Sau,False
test,https://elpais.com/diario/2002/05/08/catalunya/1020820039_850215.html,2002-05-07 22:00:00+00:00,El temporal de Levante regresa a la costa catalana,False
test,https://elpais.com/clima-y-medio-ambiente/2022-04-09/el-lago-penuelas-antes-y-despues-chile-se-queda-sin-agua-tras-13-anos-de-sequia.html,2022-04-09 02:30:00.286000+00:00,El lago Peñuelas antes y después: Chile se queda sin agua tras 13 años de sequía,True
test,https://elpais.com/diario/1999/08/08/espana/934063210_850215.html,1999-08-07 22:00:00+00:00,La sequía golpea a todo el este español,True
test,https://elpais.com/elpais/2020/05/13/gastronotas_de_capel/1589355578_725522.html,2020-05-13 08:13:22+00:00,"Dani Ramos, el panadero-cocinero y sus hogazas-bocadillo",False
test,https://elpais.com/diario/2000/03/18/sociedad/953334021_850215.html,2000-03-17 23:00:00+00:00,"Los países en vías de desarrollo apuestan en el Foro del Agua por los grandes trasvases Los participantes debaten los grandes proyectos hidráulicos de China, Brasil y Túnez",True
test,https://elpais.com/television/2022-07-28/el-consejo-de-la-television-valenciana-rechaza-que-ximo-rovira-presente-un-concurso-en-a-punt-porque-su-imagen-se-asocia-a-la-telebasura.html,2022-07-28 17:56:04.675000+00:00,El consejo de la televisión valenciana rechaza que Ximo Rovira presente un concurso en À Punt porque “su imagen se asocia a la telebasura”,False
test,https://elpais.com/diario/2011/11/03/catalunya/1320286040_850215.html,2011-11-03 06:00:00+00:00,La sequía se nota ya en el Ebro,True
test,https://elpais.com/escaparate/2021-07-23/antiadherentes-o-con-efecto-piedra-sartenes-ollas-y-parrillas-buenas-y-baratas-con-garantia-de-por-vida.html,2021-07-23 03:00:00+00:00,"Antiadherentes o con efecto piedra: sartenes, ollas y parrillas buenas y baratas con garantía de por vida",False
test,https://elpais.com/clima-y-medio-ambiente/2022-03-22/tecnologias-de-esponja-y-agua-digital.html,2022-03-22 05:00:00.460000+00:00,Tecnologías de esponja y ‘agua digital’,True
test,https://elpais.com/sociedad/2021-11-19/dos-meses-de-erupcion-en-el-volcan-de-la-palma-en-cifras-700-millones-en-danos-5100-terremotos-7000-proyectos-de-vida-en-punto-muerto.html,2021-11-19 04:30:00+00:00,"Dos meses de erupción en el volcán de La Palma, en cifras: 906 millones en daños, 5.100 terremotos, 7.000 proyectos de vida en punto muerto",False
test,https://elpais.com/internacional/2022-08-11/europa-acude-al-auxilio-de-francia-ante-la-nueva-oleada-de-incendios.html,2022-08-11 19:51:36.758000+00:00,Europa acude al auxilio de Francia ante la nueva oleada de incendios,True
test,https://elpais.com/diario/2008/04/11/espana/1207864820_850215.html,2008-04-11 01:08:00+00:00,De la Vega aparta a Narbona y asume la negociación del agua para Cataluña,True
test,https://elpais.com/diario/1999/10/10/andalucia/939507733_850215.html,1999-10-09 22:00:00+00:00,Los regantes del Almanzora reclaman una reunión con Tocino para combatir la sequía,True
test,https://elpais.com/ccaa/2018/01/19/catalunya/1516358861_721698.html,2018-01-21 00:38:17+00:00,"2068: Barcelona, bajo el nivel del mar",False
test,https://elpais.com/diario/2008/05/02/catalunya/1209690447_850215.html,2008-05-01 22:00:00+00:00,Los regantes del Ter exigen compensaciones por el agua,False
test,https://elpais.com/diario/2009/12/15/sociedad/1260831605_850215.html,2009-12-15 06:00:00+00:00,La gran marea roja,True
test,https://elpais.com/diario/1992/05/05/madrid/705065055_850215.html,1992-05-04 22:00:00+00:00,La Comunidad prohibirá regar calles y parques,True
test,https://elpais.com/politica/2014/05/27/actualidad/1401190135_606174.html,2014-05-27 11:28:55+00:00,Absuelto el apicultor que causó el incendio de Ibiza tras un año en la cárcel,False
test,https://elpais.com/diario/1980/01/24/economia/317516417_850215.html,1980-01-23 23:00:00+00:00,La agricultura comunitaria seguirá en crisis durante los años ochenta,False
test,https://elpais.com/cultura/2017/07/08/actualidad/1499472181_279811.html,2017-07-09 14:43:24+00:00,La vida sigue en la ciudad que ya no existe,False
test,https://elpais.com/diario/2005/09/26/espana/1127685618_850215.html,2005-09-25 22:00:00+00:00,Cubas de agua para 56 pueblos,True
test,https://elpais.com/espana/madrid/2020-07-25/que-hacer-del-27-de-julio-al-2-de-agosto-peliculas-en-el-jardin-y-festivales-diminutos.html,2020-07-25 22:30:00+00:00,Qué hacer del 27 de julio al 2 de agosto: películas en el jardín y festivales diminutos,False
test,https://elpais.com/diario/2006/09/07/cvalenciana/1157656679_850215.html,2006-09-06 22:00:00+00:00,El déficit de lluvia del 11% respecto a lo habitual provoca el segundo año de sequía,True
test,https://elpais.com/cultura/2020-11-26/vanessa-redgrave-la-lucha-sigue-para-la-veterana-izquierdista.html,2020-11-26 23:30:00+00:00,"Vanessa Redgrave, la lucha sigue para la veterana izquierdista",False
test,https://elpais.com/diario/1997/06/27/economia/867362405_850215.html,1997-06-26 22:00:00+00:00,Aznar promete defender el olivar hasta el final,False
test,https://elpais.com/diario/2009/12/05/espana/1259967620_850215.html,2009-12-05 06:00:00+00:00,Medidas urgentes contra la sequía en siete cuencas,True
test,https://elpais.com/diario/2011/11/03/sociedad/1320274803_850215.html,2011-11-03 06:00:00+00:00,Fuertes seísmos y altos niveles de CO2 elevan la inquietud en El Hierro,False
test,https://elpais.com/diario/1987/01/31/economia/539046005_850215.html,1987-01-30 23:00:00+00:00,El compromiso de los «doce» cuestiona la política del Gobierno de aumentar la producción de maíz,False
test,https://elpais.com/diario/1992/08/01/espana/712620012_850215.html,1992-07-31 22:00:00+00:00,80.000 millones para paliar los efectos de la sequía,True
test,https://elpais.com/diario/2008/09/26/madrid/1222428265_850215.html,2008-09-25 22:00:00+00:00,Agua madre,False
test,https://elpais.com/diario/2006/04/23/madrid/1145791457_850215.html,2006-04-22 22:00:00+00:00,Una tromba de agua y granizo provoca cortes en el metro,False
test,https://elpais.com/escaparate/2022-10-14/los-mejores-hervidores-electricos-de-agua-para-los-amantes-de-las-infusiones.html,2022-10-14 22:00:00.976000+00:00,Los mejores hervidores eléctricos de agua para los amantes de las infusiones,False
test,https://elpais.com/diario/1983/10/13/espana/434847625_850215.html,1983-10-12 23:00:00+00:00,Daños importantes en Doñana tras el intento de los arroceros de construir una presa,True
test,https://elpais.com/diario/1985/11/03/economia/499820406_850215.html,1985-11-02 23:00:00+00:00,Europa se conjura contra los cavas españoles,False
test,https://elpais.com/diario/1998/02/21/madrid/888063854_850215.html,1998-02-20 23:00:00+00:00,Porquería bajo el agua,False
test,https://elpais.com/diario/1977/07/19/espana/238111214_850215.html,1977-07-18 22:00:00+00:00,"Murcia, cuatro días sin agua",False
test,https://elpais.com/opinion/2022-08-22/el-paron-de-alemania.html,2022-08-22 03:00:00.284000+00:00,El parón de Alemania,True
test,https://elpais.com/babelia/2022-04-16/extincion-musicas-de-paz-y-pandemia.html,2022-04-16 03:30:01.624000+00:00,"‘Extinción’, músicas de paz y pandemia",False
test,https://elpais.com/diario/1983/06/20/espana/424908028_850215.html,1983-06-19 22:00:00+00:00,"19 poblaciones de Zaragoza, con graves problemas por la sequía",True
test,https://elpais.com/diario/1982/07/26/espana/396482411_850215.html,1982-07-25 22:00:00+00:00,"95 poblaciones de diez provincias, en «alerta roja» por falta de suministro de agua",True
test,https://elpais.com/diario/1998/08/20/catalunya/903575239_850215.html,1998-08-19 22:00:00+00:00,Comienza la cosecha del cava de fin de siglo,True
test,https://elpais.com/diario/2007/07/17/sociedad/1184623205_850215.html,2007-07-16 22:00:00+00:00,Greenpeace denuncia que las aguas del Mediterráneo son las más contaminadas del mundo,False
test,https://elpais.com/television/2021-09-20/que-ver-hoy-en-tv-lunes-20-de-septiembre-de-2021.html,2021-09-20 04:44:26.009000+00:00,¿Qué ver hoy en TV? Lunes 20 de septiembre de 2021,False
test,https://elpais.com/diario/1995/04/10/sociedad/797464804_850215.html,1995-04-09 22:00:00+00:00,"El 74% del bosque de la España seca, dañado por la falta de lluvia en 1994",True
test,https://elpais.com/mexico/2022-06-25/nuevo-leon-se-plantea-relajar-las-restricciones-de-agua-tras-algunas-lluvias-dispersas.html,2022-06-25 10:15:00.356000+00:00,Nuevo León se plantea relajar las restricciones de agua tras un par de lluvias,True
test,https://elpais.com/economia/2022-05-01/como-la-guerra-de-putin-esta-precipitando-una-revolucion-energetica-global.html,2022-05-01 03:45:00.373000+00:00,Cómo la guerra de Putin está precipitando una revolución energética global,False
test,https://elpais.com/diario/2005/08/24/cvalenciana/1124911084_850215.html,2005-08-23 22:00:00+00:00,Los regantes aparcan el debate político para consensuar un trasvase basado en datos técnicos,False
test,https://elpais.com/diario/2005/06/18/espana/1119045627_850215.html,2005-06-17 22:00:00+00:00,El Gobierno baja la cotización a la Seguridad Social a los agricultores dañados por la sequía,True
test,https://elpais.com/escaparate/2022-05-10/calmante-e-hidratante-esta-crema-hidratante-para-la-cara-con-aloe-vera-es-perfecta-para-las-necesidades-del-verano.html,2022-05-10 03:00:00.845000+00:00,Calmante e hidratante: esta crema para la cara con aloe vera es perfecta para las necesidades del verano,False
test,https://elpais.com/diario/2005/11/07/economia/1131318011_850215.html,2005-11-06 23:00:00+00:00,La sequía y las heladas desequilibran el balance del seguro agrario,True
test,https://elpais.com/diario/1995/01/29/madrid/791382262_850215.html,1995-01-28 23:00:00+00:00,EL DESIERTO DE VALMAYOR,True
test,https://elpais.com/diario/2005/09/19/economia/1127080812_850215.html,2005-09-18 22:00:00+00:00,La sequía recorta la producción de vino el 20% en esta campaña,True
test,https://elpais.com/diario/1989/12/12/sociedad/629420411_850215.html,1989-12-11 23:00:00+00:00,Un estudio prevé fuertes restricciones de agua en el mundo a partir del año 2000,True
test,https://elpais.com/diario/2000/06/20/catalunya/961463254_850215.html,2000-06-19 22:00:00+00:00,Seis empresas optan a la reconstrucción del puente de Esparreguera,False
test,https://elpais.com/economia/2022-10-03/la-sequia-mengua-a-la-mitad-la-cosecha-de-aceite-de-oliva-y-amenaza-el-abastecimiento-a-los-mercados.html,2022-10-03 17:19:22.789000+00:00,La sequía mengua a la mitad la cosecha de aceite de oliva y amenaza el abastecimiento a los mercados,True
test,https://elpais.com/planeta-futuro/2021-06-08/un-pacto-de-ciudades-para-hacer-frente-al-cambio-climatico-en-africa.html,2021-06-08 03:35:00+00:00,Un pacto de ciudades para hacer frente al cambio climático en África,True
test,https://elpais.com/diario/1987/11/06/internacional/563151605_850215.html,1987-11-05 23:00:00+00:00,Obispo en huelga de hambre,True
test,https://elpais.com/opinion/2022-09-04/a-la-carta.html,2022-09-04 03:00:00.789000+00:00,A la carta,False
test,https://elpais.com/diario/1983/04/30/espana/420501635_850215.html,1983-04-29 22:00:00+00:00,Ligera baja del número de poblaciones en alarma roja en toda España,True
test,https://elpais.com/diario/1999/09/20/paisvasco/937856415_850215.html,1999-09-19 22:00:00+00:00,El Gran Bilbao tendrá en 10 años su tercer sistema de abastecimiento de agua,True
test,https://elpais.com/diario/2005/06/26/catalunya/1119748046_850215.html,2005-06-25 22:00:00+00:00,Consejos prácticos,False
test,https://elpais.com/diario/2001/05/07/cvalenciana/989263088_850215.html,2001-05-06 22:00:00+00:00,El Consell sólo autorizó 440 hectáreas de los miles que se han puesto en riego,False
test,https://elpais.com/clima-y-medio-ambiente/2022-08-13/europa-sin-agua-el-continente-se-asoma-a-un-futuro-con-sequias.html,2022-08-13 03:30:03.540000+00:00,Europa sin agua: el continente se asoma a un futuro con sequías ,True
test,https://elpais.com/diario/2001/06/17/deportes/992728815_850215.html,2001-06-16 22:00:00+00:00,En manos de los noveles,False
test,https://elpais.com/diario/1986/01/27/economia/507164408_850215.html,1986-01-26 23:00:00+00:00,Brasil recurre a las importaciones de productos alimenticios   a causa de la sequía,True
test,https://elpais.com/diario/1999/01/10/sociedad/915922803_850215.html,1999-01-09 23:00:00+00:00,Sensible descenso de las reservas hídricas,True
test,https://elpais.com/diario/1995/09/20/economia/811548008_850215.html,1995-09-19 22:00:00+00:00,La UE no creará ningún fondo especial para ayudas por sequía,True
test,https://elpais.com/diario/1983/04/12/espana/418946420_850215.html,1983-04-11 22:00:00+00:00,"108 poblaciones, con 240.618 habitantes, sufren «alerta roja» a causa de la sequía",True
test,https://elpais.com/diario/2000/08/05/espana/965426408_850215.html,2000-08-04 22:00:00+00:00,El Estatuto Fiscal será reformado para adecuarlo a la Ley del Menor,True
test,https://elpais.com/diario/2000/01/08/cvalenciana/947362685_850215.html,2000-01-07 23:00:00+00:00,Una empresa incumple la protección cautelar en el marjal de Almenara,False
test,https://elpais.com/diario/2003/08/07/paisvasco/1060285203_850215.html,2003-08-06 22:00:00+00:00,Los «baserritarras» exigen ayudas ante las pérdidas ocasionadas por la sequía,True
test,https://elpais.com/elpais/2017/11/07/planeta_futuro/1510060497_963926.html,2017-11-30 17:56:49+00:00,Este titular es un desastre,False
test,https://elpais.com/internacional/2012/04/09/actualidad/1333968979_264431.html,2012-04-09 11:34:36+00:00,"El hambre y la tradición ahogan el Sahel: «Si la niña se muere, pues se muere»",True
test,https://elpais.com/diario/2009/12/18/sociedad/1261090804_850215.html,2009-12-18 16:50:00+00:00,«EE UU engañó al mundo en Kioto. No lo repitamos»,False
test,https://elpais.com/elpais/2015/03/24/planeta_futuro/1427191300_774816.html,2015-03-27 14:06:22+00:00,Objetivo 15. Proteger los bosques y luchar contra la desertificación,True
test,https://elpais.com/diario/2002/12/26/espana/1040857211_850215.html,2002-12-26 07:37:00+00:00,Navidad solidaria con los voluntarios,False
test,https://elpais.com/deportes/2022-04-13/carlos-alcaraz-cae-en-el-descontrol.html,2022-04-13 13:16:25.801000+00:00,Carlos Alcaraz cae en el descontrol,False
test,https://elpais.com/diario/2005/10/02/domingo/1128225153_850215.html,2005-10-01 22:00:00+00:00,Un planeta enfermo de clima,True
test,https://elpais.com/diario/2000/08/27/cvalenciana/967403888_850215.html,2000-08-26 22:00:00+00:00,Asaja denuncia que el monopolio de los abonos dispara los precios,False
test,https://elpais.com/espana/andalucia/2022-12-28/nadie-duerme-tranquilo-en-el-paseo-del-moro-cuando-se-rajan-el-suelo-y-las-paredes-sientes-angustia.html,2022-12-28 04:00:00.245000+00:00,"Nadie duerme tranquilo en el Paseo del Moro: “Cuando se rajan el suelo y las paredes, sientes angustia”",True
test,https://elpais.com/diario/1991/03/07/madrid/668348673_850215.html,1991-03-06 23:00:00+00:00,"El agua, un bien escaso",False
test,https://elpais.com/diario/1999/07/27/economia/933026408_850215.html,1999-07-26 22:00:00+00:00,"Agricultura triplica los créditos para paliar la sequía, hasta 70.000 millones",True
test,https://elpais.com/diario/1993/02/25/espana/730594820_850215.html,1993-02-24 23:00:00+00:00,Un trasvase reducirá los daños de la sequía en varias empresas de Puertollano,True
test,https://elpais.com/diario/1992/03/21/economia/701132403_850215.html,1992-03-20 23:00:00+00:00,La sequía obligará a doblar los pagos por el seguro en cereales,True
test,https://elpais.com/diario/1985/10/14/espana/498092427_850215.html,1985-10-13 23:00:00+00:00,El Principado afronta la sequía más larga de los últimos 20 años,True
test,https://elpais.com/diario/1976/10/28/internacional/215305217_850215.html,1976-10-27 23:00:00+00:00,Cuba inicia otra zafra azucarera «especial»,True
test,https://elpais.com/diario/2006/08/11/catalunya/1155258444_850215.html,2006-08-10 22:00:00+00:00,La prolongada sequía amenaza a miles de peces en los ríos de Lleida,True
test,https://elpais.com/diario/2005/07/17/catalunya/1121562453_850215.html,2005-07-16 22:00:00+00:00,Alerta máxima contra el fuego,True
test,https://elpais.com/diario/1989/11/05/espana/626223603_850215.html,1989-11-04 23:00:00+00:00,Precipitaciones en el norte,True
test,https://elpais.com/diario/2006/12/03/paisvasco/1165178399_850215.html,2006-12-02 23:00:00+00:00,"1,3 millones de vascos se asoman a la sequía",True
test,https://elpais.com/ccaa/2014/10/04/catalunya/1412434406_650353.html,2014-10-04 15:58:26+00:00,Los trenes del AVE ya vuelven a circular por la línea Girona-Figueres,False
test,https://elpais.com/ccaa/2019/12/09/madrid/1575913265_602387.html,2019-12-09 23:50:06+00:00,La escasez de agua potable en las casas obligará a usarla reciclada,False
test,https://elpais.com/clima-y-medio-ambiente/2022-02-15/las-reservas-de-agua-siguen-cayendo-en-espana-sin-que-se-esperen-lluvias-suficientes-en-febrero-para-remediarlo.html,2022-02-15 13:38:07.591000+00:00,Las reservas de agua siguen cayendo en España sin que se esperen lluvias suficientes en febrero para remediarlo ,True
test,https://elpais.com/elpais/2019/06/24/ciencia/1561392582_787306.html,2019-06-27 10:15:19+00:00,La cúrcuma y otras gestas,False
test,https://elpais.com/diario/1983/10/06/espana/434242802_850215.html,1983-10-05 23:00:00+00:00,"Dos millones y medio de españoles, vecinos de 666 poblaciones, padecen la sequía",True
test,https://elpais.com/politica/2017/11/17/actualidad/1510905390_877429.html,2017-11-17 13:32:01+00:00,Fin de semana de contrastes térmicos: 20 grados de día y bajo cero de noche,False
test,https://elpais.com/mexico/2022-11-02/vea-el-episodio-sobre-energia-de-la-serie-el-tema.html,2022-11-02 14:24:34.180000+00:00,Vea el episodio sobre energía de la serie ‘El Tema’,False
test,https://elpais.com/diario/1994/07/29/espana/775432808_850215.html,1994-07-28 22:00:00+00:00,El reparto del agua del Tajo se olvida de las huertas de Murcia,False
test,https://elpais.com/diario/2006/09/16/viajero/1158440896_850215.html,2006-09-15 22:00:00+00:00,"Los Ángeles, en perpetuo movimiento",False
test,https://elpais.com/economia/2021-07-19/la-ley-de-la-cadena-hace-aguas-en-la-leche.html,2021-07-19 03:45:00+00:00,La Ley de la Cadena Alimentaria hace agua con la leche,False
test,https://elpais.com/economia/negocios/2022-09-25/que-puedo-hacer-si-el-calor-achicharra-mi-cosecha.html,2022-09-25 03:45:00.444000+00:00,Qué puedo hacer si el calor achicharra mi cosecha,True
test,https://elpais.com/escaparate/2022-11-04/los-mejores-juegos-de-aquabeads-abalorios-que-se-unen-magicamente-con-agua.html,2022-11-04 11:00:27.726000+00:00,Los mejores juegos de ‘Aquabeads’: abalorios que se unen mágicamente con agua,False
test,https://elpais.com/diario/1985/04/08/internacional/481759211_850215.html,1985-04-07 22:00:00+00:00,Rogativas para atraer la lluvia en Marruecos,True
test,https://elpais.com/masterdeperiodismo/master2022/2022-08-15/normalizar-lo-extremo-la-nueva-realidad-climatica.html,2022-08-15 10:00:01.527000+00:00,Normalizar lo extremo: la nueva realidad climática,True
test,https://elpais.com/deportes/2019/09/17/actualidad/1568735220_076724.html,2019-09-17 17:47:54+00:00,El Dortmund puede con el Barça pero no con Ter Stegen,False
test,https://elpais.com/escaparate/2022-04-13/ocho-cremas-para-pieles-grasas.html,2022-04-13 03:00:00.983000+00:00,Ocho cremas para pieles grasas,False
test,https://elpais.com/deportes/2019/05/27/actualidad/1558983501_875117.html,2019-05-29 10:55:47+00:00,Sergio Ramos amaga con China,False
test,https://elpais.com/deportes/2018/05/19/actualidad/1526763747_230339.html,2018-05-20 16:41:42+00:00,El Real Madrid se deja empatar ante el Villarreal en su ensayo camino a Kiev,False
test,https://elpais.com/diario/1992/05/31/espana/707263217_850215.html,1992-05-30 22:00:00+00:00,El Gobierno combatirá la sequía con un plan que cambiará los cultivos y subirá el precio del agua,True
test,https://elpais.com/cultura/2022-09-01/las-diez-mejores-peliculas-sobre-deporte-en-plataformas.html,2022-09-01 03:30:02.093000+00:00,Las diez mejores películas sobre deporte en plataformas,False
test,https://elpais.com/deportes/2023-01-13/joan-pedrero-el-regreso-a-la-esencia-del-dakar-en-la-elite-no-disfrutas.html,2023-01-13 04:15:00.650000+00:00,"Joan Pedrero, el regreso a la esencia del Dakar: “En la élite no disfrutas”",False
test,https://elpais.com/diario/2003/09/22/economia/1064181610_850215.html,2003-09-21 22:00:00+00:00,El coste del cereal se eleva por la baja oferta,True
test,https://elpais.com/diario/2005/10/05/portada/1128463204_850215.html,2005-10-04 22:00:00+00:00,La falta de agua amenaza la construcción de 35.000 viviendas en Murcia,True
test,https://elpais.com/diario/1995/08/09/espana/807919211_850215.html,1995-08-08 22:00:00+00:00,Murcia y Alicante superan el ahorro previsto el primer día de restricciones,True
test,https://elpais.com/diario/1983/09/01/espana/431215201_850215.html,1983-08-31 22:00:00+00:00,"Más de medio billon de pesetas, primera valoración de las pérdidas por el temporal en el norte de España",False
test,https://elpais.com/diario/2008/05/14/economia/1210716004_850215.html,2008-05-13 22:00:00+00:00,La CE ampliará la suspensión de aranceles a los cereales,False
test,https://elpais.com/diario/1981/12/01/economia/376009209_850215.html,1981-11-30 23:00:00+00:00,Nuevas medidas del Gobierno para paliar los efectos de la grave sequía,True
test,https://elpais.com/diario/2005/06/12/negocio/1118580747_850215.html,2005-06-11 22:00:00+00:00,La sequía se llevó la cosecha,True
test,https://elpais.com/diario/1988/02/03/economia/570841204_850215.html,1988-02-02 23:00:00+00:00,La «cumbre» de la CE hará frente a la reforma comunitaria sin contar con un compromiso previo,False
test,https://elpais.com/diario/2005/11/05/madrid/1131193472_850215.html,2005-11-04 23:00:00+00:00,Una soledad dulce como la miel,False
test,https://elpais.com/icon/actualidad/2020-12-25/arlo-parks-voz-de-la-generacion-z-creo-que-los-jovenes-de-mi-edad-estan-avanzando-a-la-hora-de-hablar-de-sexualidad-y-salud-mental.html,2020-12-25 23:30:00+00:00,"Arlo Parks, voz de la Generación Z: “Creo que los jóvenes de mi edad están avanzando a la hora de hablar de sexualidad y salud mental”",False
test,https://elpais.com/diario/1998/03/27/sociedad/890953207_850215.html,1998-03-26 23:00:00+00:00,Olvidos concentrados,True
test,https://elpais.com/espana/2023-02-07/espana-envia-su-portaaeronaves-y-un-buque-anfibio-a-turquia-para-socorrer-a-las-victimas-del-terremoto.html,2023-02-07 15:07:12.116000+00:00,España envía su portaeronaves y un buque anfibio a Turquía para socorrer a las víctimas del terremoto,False
test,https://elpais.com/diario/1993/08/22/espana/745970416_850215.html,1993-08-21 22:00:00+00:00,La sequía más grave del siglo en Andalucía,True
test,https://elpais.com/internacional/2018/10/06/actualidad/1538822060_774977.html,2018-10-06 19:28:40+00:00,Hallados con vida 31 menores atrapados en dos escuelas en Indonesia,False
test,https://elpais.com/ccaa/2012/09/09/valencia/1347212210_720136.html,2012-09-09 17:36:50+00:00,Los regantes desconocen el precio que pagarán por el agua del Júcar,True
test,https://elpais.com/diario/1999/08/08/espana/934063202_850215.html,1999-08-07 22:00:00+00:00,Predicciones para el siglo XXI,False
test,https://elpais.com/diario/1999/09/07/andalucia/936656536_850215.html,1999-09-06 22:00:00+00:00,La sequía causa la pérdida de 300.000 jornales en el verdeo de Sevilla,True
test,https://elpais.com/diario/2008/12/05/andalucia/1228432930_850215.html,2008-12-04 23:00:00+00:00,Los pueblos de más de 10.000 vecinos deberán tener planes contra la sequía,True
test,https://elpais.com/ccaa/2018/10/10/catalunya/1539192596_092687.html,2018-10-10 23:02:23+00:00,"Los Mossos desalojan una casa ‘okupa’
en Gràcia",False
test,https://elpais.com/diario/2005/06/12/madrid/1118575466_850215.html,2005-06-11 22:00:00+00:00,NO ESTÁ TAN MAL COMO PARECE,False
test,https://elpais.com/ccaa/2012/06/29/valencia/1340972196_730706.html,2012-06-29 12:16:36+00:00,"Este junio es el segundo más cálido en 42 años, desde que hay registros",False
test,https://elpais.com/diario/2009/03/27/cvalenciana/1238185092_850215.html,2009-03-26 23:00:00+00:00,Aguado revalida en AVA con el 95% de los votos,False
test,https://elpais.com/diario/2006/11/11/andalucia/1163200935_850215.html,2006-11-10 23:00:00+00:00,Málaga ahorra 60 hectómetros cúbicos de agua tras un año de decreto de sequía,True
test,https://elpais.com/diario/1981/02/26/internacional/351990011_850215.html,1981-02-25 23:00:00+00:00,Hassan II reforzará la agricultura,True
test,https://elpais.com/diario/2008/04/10/catalunya/1207789641_850215.html,2008-04-09 22:00:00+00:00,Agua reciclada contra la sequía,True
test,https://elpais.com/economia/2021-09-27/la-izquierda-quiere-quitar-el-impuesto-a-los-grandes-caseros-de-viviendas-sociales-en-paises-bajos.html,2021-09-27 03:45:00.293000+00:00,La izquierda quiere quitar el impuesto a los grandes caseros de viviendas sociales en Países Bajos,False
test,https://elpais.com/diario/2000/09/04/catalunya/968029654_850215.html,2000-09-03 22:00:00+00:00,Un canal en dique seco,False
test,https://elpais.com/diario/2006/06/16/madrid/1150457060_850215.html,2006-06-15 22:00:00+00:00,Tirados en el andén,False
test,https://elpais.com/diario/2007/04/08/sociedad/1175983202_850215.html,2007-04-07 22:00:00+00:00,La ONU y los ecologistas piden medidas urgentes contra el calentamiento global,False
test,https://elpais.com/diario/1983/06/30/economia/425772016_850215.html,1983-06-29 22:00:00+00:00,"La sequía provocará importantes restricciones, de los regadíos durante este verano",True
test,https://elpais.com/diario/2002/03/24/domingo/1016945557_850215.html,2002-03-23 23:00:00+00:00,Sobrevivir con tres litros diarios,True
test,https://elpais.com/diario/1999/04/21/paisvasco/924723624_850215.html,1999-04-20 22:00:00+00:00,Sanidad propone restringir los usos humanos en los embalses del Zadorra. Los lugares de esparcimiento de los pantanos se reducirán a dos en un plazo de tres años,True
test,https://elpais.com/diario/1992/07/30/madrid/712495462_850215.html,1992-07-29 22:00:00+00:00,El Canal de Isabel II garanitiza el abastecimento de agua para el consumo hasta dentro de un año,True
test,https://elpais.com/diario/1993/03/17/economia/732322829_850215.html,1993-03-16 23:00:00+00:00,"El ministro de Agricultura,",True
test,https://elpais.com/diario/2005/09/30/andalucia/1128032538_850215.html,2005-09-29 22:00:00+00:00,El PSOE pide el Fondo de Solidaridad Europeo por las heladas y la sequía,True
test,https://elpais.com/diario/1993/08/24/madrid/746191462_850215.html,1993-08-23 22:00:00+00:00,La sequía cuesta 5.300 millones de pesetas,True
test,https://elpais.com/planeta-futuro/migrados/2022-04-05/todas-las-opciones-que-un-refugiado-no-tiene.html,2022-04-05 03:30:00.411000+00:00,Todas las opciones que un refugiado no tiene,False
test,https://elpais.com/diario/2005/06/15/cvalenciana/1118863106_850215.html,2005-06-14 22:00:00+00:00,Los regantes de Sueca exigen cambios en el trasvase al Vinalopó para apoyar el plan del Júcar,True
test,https://elpais.com/diario/1999/04/05/economia/923263204_850215.html,1999-04-04 22:00:00+00:00,Los pactos de la UE con terceros países bloquean la exportación hortofrutícola,False
test,https://elpais.com/diario/2002/03/04/madrid/1015244672_850215.html,2002-03-03 23:00:00+00:00,El águila imperial intenta remontar el vuelo,False
test,https://elpais.com/diario/1999/07/28/cvalenciana/933189507_850215.html,1999-07-27 22:00:00+00:00,Jóvenes Agricultores cifra en 12.000 millones las pérdidas por la sequía en el sur de la Comunidad,True
test,https://elpais.com/diario/2011/07/13/opinion/1310508011_850215.html,2011-07-13 05:00:00+00:00,Catorce millones,True
test,https://elpais.com/diario/1999/08/08/espana/934063214_850215.html,1999-08-07 22:00:00+00:00,"Canarias, en escasez «permanente»",True
test,https://elpais.com/diario/2005/05/15/paisvasco/1116185999_850215.html,2005-05-14 22:00:00+00:00,Las Cofradías pedirán que la costera de la anchoa se declare «catastrófica»,False
test,https://elpais.com/diario/2004/08/14/madrid/1092482667_850215.html,2004-08-13 22:00:00+00:00,El alcalde de Getafe advierte de que encabezará «una oposición frontal» contra el nuevo proyecto,False
test,https://elpais.com/diario/1999/09/09/andalucia/936829332_850215.html,1999-09-08 22:00:00+00:00,La COAG considera un «engañabobos» las ayudas de los Gobiernos central y andaluz para paliar la sequía,True
test,https://elpais.com/cultura/2019/03/18/actualidad/1552910330_745933.html,2019-03-19 07:50:54+00:00,Cruzada de ultracatólicos y legionarios contra la libertad de creación,False
test,https://elpais.com/diario/2008/04/22/catalunya/1208826446_850215.html,2008-04-21 22:00:00+00:00,Baltasar viaja hoy a Tortosa para explicar el trasvase,False
test,https://elpais.com/diario/2002/12/08/espana/1039302024_850215.html,2002-12-08 02:17:00+00:00,La nieve mantiene cerrados cuatro puertos de montaña,False
test,https://elpais.com/diario/2007/11/04/galicia/1194175091_850215.html,2007-11-03 23:00:00+00:00,La sequía deja los embalses en el 49% de su capacidad,True
test,https://elpais.com/diario/1995/06/01/economia/801957614_850215.html,1995-05-31 22:00:00+00:00,Las eléctricas quieren repercutir en la tarifa sus pérdidas por la sequía,True
test,https://elpais.com/internacional/2017/03/07/actualidad/1488882023_397513.html,2017-03-07 13:30:48+00:00,Sin víctimas mortales tras un alud en una pista de esquí en la estación de Tignes,False
test,https://elpais.com/diario/2005/06/24/espana/1119564004_850215.html,2005-06-23 22:00:00+00:00,Murcia pide más y Castilla-La Mancha afirma que es imprudente,False
test,https://elpais.com/deportes/2018/11/05/actualidad/1541444624_614805.html,2018-11-06 14:44:23+00:00,El detallista Luciano Spalletti,False
test,https://elpais.com/diario/2003/04/29/cvalenciana/1051643891_850215.html,2003-04-28 22:00:00+00:00,Valencianos y catalanes se unen para que el arroz sea cultivo de especial interés,False
test,https://elpais.com/espana/2022-07-23/la-despoblacion-combustible-para-los-incendios.html,2022-07-23 03:40:00.323000+00:00,"La despoblación, combustible para los incendios",False
test,https://elpais.com/diario/1997/06/24/internacional/867103214_850215.html,1997-06-23 22:00:00+00:00,18 muertos y decenas de miles de damnificados por los temporales en Chile,True
test,https://elpais.com/diario/1980/06/05/espana/329004002_850215.html,1980-06-04 22:00:00+00:00,Marruecos niega que el apresamiento se haya producido en sus aguas,False
test,https://elpais.com/elpais/2017/10/30/opinion/1509384835_740998.html,2017-10-30 18:18:39+00:00,España se seca,True
test,https://elpais.com/deportes/2021-11-07/el-atletico-se-entierra-en-su-area.html,2021-11-07 18:20:42.932000+00:00,El Atlético se entierra en su área,False
test,https://elpais.com/diario/2001/07/21/andalucia/995667735_850215.html,2001-07-20 22:00:00+00:00,Una avería deja sin agua a los vecinos de San Fernando,False
test,https://elpais.com/diario/2000/08/31/sociedad/967672803_850215.html,2000-08-30 22:00:00+00:00,El plan impide ampliar regadíos desde Tarragona a Almería,False
test,https://elpais.com/diario/2002/02/21/espana/1014246013_850215.html,2002-02-20 23:00:00+00:00,La Eurocámara censura el Plan Hidrológico  y pide que no se financie  con fondos europeos,False
test,https://elpais.com/television/2023-02-11/que-ver-hoy-en-tv-sabado-11-de-febrero-de-2023.html,2023-02-11 04:30:02.289000+00:00,¿Qué ver hoy en TV? Sábado 11 de febrero de 2023,False
test,https://elpais.com/diario/2005/07/29/cvalenciana/1122664685_850215.html,2005-07-28 22:00:00+00:00,Pla afirma que en materia de agua hace falta «tranquilidad»,False
test,https://elpais.com/elpais/2016/05/05/planeta_futuro/1462459567_562808.html,2016-05-08 06:36:15+00:00,"A un lado el desierto, al otro verde",False
test,https://elpais.com/diario/2005/07/04/espana/1120428020_850215.html,2005-07-03 22:00:00+00:00,Antes de que salte la chispa,True
test,https://elpais.com/diario/2008/03/19/catalunya/1205892448_850215.html,2008-03-18 23:00:00+00:00,Críticas en el Gobierno al plan para captar agua del Segre,True
test,https://elpais.com/diario/1999/09/21/radiotv/937864808_850215.html,1999-09-20 22:00:00+00:00,"La sequía en España, en CNN+",True
test,https://elpais.com/babelia/2022-10-01/libros-de-la-semana.html,2022-10-01 03:30:01.234000+00:00,"La novela de Sergio del Molino sobre Felipe González, la literatura política de Sergio Ramírez y otros libros de la semana",False
test,https://elpais.com/elviajero/2022/04/12/actualidad/1649778241_558721.html,2022-04-19 10:20:22+00:00,"Baleares, turismo respetuoso con el planeta antes de que fuera una emergencia",False
test,https://elpais.com/diario/2005/09/26/espana/1127685615_850215.html,2005-09-25 22:00:00+00:00,Ocho horas de agua al día en el sur de Granada,True
test,https://elpais.com/elviajero/2019/06/20/actualidad/1561027538_105693.html,2019-06-23 22:17:12+00:00,"‘Chill out’ total en Ibiza, la isla bonita",False
test,https://elpais.com/diario/2007/11/09/galicia/1194607100_850215.html,2007-11-08 23:00:00+00:00,Lugo activa el plan contra la sequía,True
test,https://elpais.com/deportes/2023-02-11/gabri-veiga-el-futbolista-que-nunca-despunto-como-juvenil-y-hoy-es-la-sensacion-del-celta.html,2023-02-11 04:15:00.525000+00:00,"Gabri Veiga, el futbolista que nunca despuntó como juvenil y hoy es la sensación del Celta",False
test,https://elpais.com/ccaa/2014/03/15/galicia/1394906138_266939.html,2014-03-15 17:56:08+00:00,El acuerdo sobre las cuotas del cerco se rompe a las pocas horas,False
test,https://elpais.com/diario/1999/07/28/andalucia/933114138_850215.html,1999-07-27 22:00:00+00:00,Un trabajador muere sepultado en una zanja,False
test,https://elpais.com/diario/1982/07/18/espana/395791202_850215.html,1982-07-17 22:00:00+00:00,La quimera del agua,True
test,https://elpais.com/diario/2002/06/06/cvalenciana/1023391091_850215.html,2002-06-05 22:00:00+00:00,El PSPV critica la incompetencia de Matas en el litoral valenciano,False
test,https://elpais.com/sociedad/2020-07-09/rewinder40-la-mascarilla-reutilizable-que-ya-ha-permitido-ahorrar-5000000-de-unidades-de-un-solo-uso.html,2020-07-09 08:38:12.028000+00:00,"Rewinder40, la mascarilla reutilizable que ya ha permitido ahorrar 5.000.000 de unidades de un solo uso",False
test,https://elpais.com/eps/2021-07-31/monica-ojeda-algunas-editoriales-estan-interesadas-en-libros-de-mujeres-solo-porque-ahora-los-feminismos-venden.html,2021-07-31 03:40:00+00:00,Mónica Ojeda: “Algunas editoriales están interesadas en libros de mujeres solo porque ahora los feminismos venden”,False
test,https://elpais.com/diario/2005/10/14/economia/1129240804_850215.html,2005-10-13 22:00:00+00:00,Lamy pide un pacto rápido sobre reducción de ayudas a la agricultura,False
test,https://elpais.com/diario/2005/09/19/economia/1127080810_850215.html,2005-09-18 22:00:00+00:00,España deberá duplicar las importaciones de girasol,True
test,https://elpais.com/diario/1999/04/18/andalucia/924387747_850215.html,1999-04-17 22:00:00+00:00,Siete meses para evocar la sequía,True
test,https://elpais.com/diario/1981/05/26/madrid/359724255_850215.html,1981-05-25 22:00:00+00:00,Incendio en Torrejón,False
test,https://elpais.com/diario/1995/08/04/portada/807487203_850215.html,1995-08-03 22:00:00+00:00,Dos millones de personas sufrirán cortes de agua para completar los riegos del Segura,True
test,https://elpais.com/diario/1999/09/28/espana/938469623_850215.html,1999-09-27 22:00:00+00:00,Hallado en Ceuta el cadáver de un inmigrante ahogado en un naufragio,False
test,https://elpais.com/diario/2005/06/15/portada/1118786407_850215.html,2005-06-14 22:00:00+00:00,España pedirá ayudas a Bruselas por la sequía como catástrofe natural,True
test,https://elpais.com/cultura/2020/08/06/babelia/1596722334_607332.html,2020-08-06 22:03:10+00:00,"La ficción criminal busca espectáculo, clásicos e historia para agosto",False
test,https://elpais.com/internacional/2016/04/17/america/1460905088_045772.html,2016-04-18 08:47:35+00:00,El terremoto golpea a la zona más turística de Ecuador,False
test,https://elpais.com/sociedad/2019/12/04/actualidad/1575498523_631635.html,2019-12-04 23:06:27+00:00,Tres plagas climáticas han dañado ya el 22% de los bosques españoles,True
test,https://elpais.com/elpais/2016/06/13/tentaciones/1465814431_757410.html,2016-06-13 10:52:21+00:00,¿Dónde veranean los famosos?,False
test,https://elpais.com/deportes/2018/09/27/actualidad/1538015615_798264.html,2018-09-28 07:34:34+00:00,"Óscar Rodríguez, de Valdebebas a tumbar al Barça",False
test,https://elpais.com/ajedrez/partidas/2023-02-06/la-inmortal-de-alfaya.html,2023-02-06 16:27:56.672000+00:00,La inmortal de Alfaya,False
test,https://elpais.com/diario/1981/01/29/ultima/349570803_850215.html,1981-01-28 23:00:00+00:00,"José Méndez Asensio,",True
test,https://elpais.com/diario/2005/09/27/espana/1127772019_850215.html,2005-09-26 22:00:00+00:00,MURCIA: Un envío provisional ampliable si llueve,True
test,https://elpais.com/babelia/2021-10-26/los-museos-se-apuntan-al-onlyfans.html,2021-10-26 02:12:43.568000+00:00,Los museos se desnudan en OnlyFans,False
test,https://elpais.com/mexico/2022-07-16/mexico-y-texas-enfrentan-posibles-apagones-por-sistemas-radicalmente-opuestos.html,2022-07-16 22:16:01.792000+00:00,México y Texas enfrentan posibles apagones por sistemas (radicalmente) opuestos,True
test,https://elpais.com/diario/2005/05/06/espana/1115330420_850215.html,2005-05-05 22:00:00+00:00,La caída de la producción amenaza con elevar los precios de alimentos,True
test,https://elpais.com/espana/2022-10-10/una-fuerte-tromba-de-agua-anega-marinaleda-estepa-y-ecija.html,2022-10-10 15:26:54.661000+00:00,"Una fuerte tromba de agua anega Marinaleda, Estepa y Écija",False
test,https://elpais.com/economia/negocios/2022-04-18/espana-el-banco-de-pruebas-de-bayer.html,2022-04-18 03:45:00.271000+00:00,España: el banco de pruebas de Bayer,False
test,https://elpais.com/ccaa/2014/05/30/paisvasco/1401469913_953946.html,2014-05-30 17:16:40+00:00,Se completa la descarga de crudo de arenas bituminosas para Petronor,False
test,https://elpais.com/diario/2009/06/30/paisvasco/1246390803_850215.html,2009-06-30 05:00:00+00:00,Bruselas prorroga hasta diciembre la veda de la anchoa en el Cantábrico,False
test,https://elpais.com/diario/1982/09/07/economia/400197610_850215.html,1982-09-06 22:00:00+00:00,Los agricultores consideran insuficientes las medidas propuestas para paliar la sequía,True
test,https://elpais.com/elpais/2016/07/12/planeta_futuro/1468323278_098573.html,2016-07-14 07:34:32+00:00,Narrativas para abordar los retos de la gestión del agua,False
test,https://elpais.com/diario/1976/06/29/economia/204847209_850215.html,1976-06-28 22:00:00+00:00,Los estragos de la sequía,True
test,https://elpais.com/deportes/2019/10/05/actualidad/1570271183_971430.html,2019-10-05 13:10:53+00:00,De la goleada al sofoco: el Madrid gana al Granada (4-2),False
test,https://elpais.com/ccaa/2019/05/27/madrid/1558941342_569527.html,2019-05-27 15:12:09+00:00,Reacciones del 26M en Madrid: Vox reclama entrar en el Gobierno de la Comunidad con PP y Cs,False
test,https://elpais.com/diario/2007/08/25/madrid/1188041062_850215.html,2007-08-24 22:00:00+00:00,Atracón de cumbres,False
test,https://elpais.com/internacional/2021-07-24/el-factor-ee-uu-irrumpe-en-la-crisis-cubana.html,2021-07-24 01:29:08.926000+00:00,El ‘factor EE UU’ irrumpe en la crisis cubana,False
test,https://elpais.com/diario/1999/04/27/sociedad/925164024_850215.html,1999-04-26 22:00:00+00:00,Condonadas las deudas de la sequía,True
test,https://elpais.com/espana/2022-09-11/los-investigadores-descartan-que-el-incendio-de-granada-se-haya-producido-por-causas-naturales.html,2022-09-11 17:32:25.248000+00:00,Medio Ambiente descarta que el incendio de Granada se haya producido por causas naturales,False
test,https://elpais.com/diario/1992/06/05/madrid/707743467_850215.html,1992-06-04 22:00:00+00:00,Consumidores: primer aviso,True
test,https://elpais.com/cultura/2021-04-26/sergio-cabrera-el-miedo-me-salvo-del-fanatismo.html,2021-04-26 03:30:00+00:00,Sergio Cabrera: “El miedo me salvó del fanatismo”,False
test,https://elpais.com/diario/1983/06/27/espana/425512828_850215.html,1983-06-26 22:00:00+00:00,La sequía radicaliza las posturas entre las comunidades castellano-extremeña y murciano-valenciana,True
test,https://elpais.com/diario/1999/09/18/economia/937605621_850215.html,1999-09-17 22:00:00+00:00,Casi medio billón de pérdidas por la sequía,True
test,https://elpais.com/elpais/2015/07/14/planeta_futuro/1436884588_611348.html,2015-07-27 12:13:20+00:00,22.000 días sin agua potable,False
test,https://elpais.com/diario/1976/08/24/economia/209685608_850215.html,1976-08-23 22:00:00+00:00,El Gobierno inglés estudia medidas de apoyo a la agricultura,True
test,https://elpais.com/diario/1995/01/05/espana/789260422_850215.html,1995-01-04 23:00:00+00:00,Seis millones de españoles en la mitad sur padecen restricciones en los abastecimientos de agua,True
test,https://elpais.com/diario/2008/04/03/espana/1207173616_850215.html,2008-04-02 22:00:00+00:00,La Generalitat llevará  agua en tren a Barcelona,True
test,https://elpais.com/espana/comunidad-valenciana/2022-05-09/muere-ahogado-un-joven-en-un-barranco-de-callosa-den-sarria-el-cuarto-en-un-mes.html,2022-05-09 19:01:34.260000+00:00,"Muere ahogado un joven en un barranco de Callosa d’En Sarrià, el cuarto en un mes",False
test,https://elpais.com/america-futura/2022-09-08/california-la-nueva-frontera-por-conquistar-para-el-agave-mexicano.html,2022-09-08 10:15:00.367000+00:00,"California, la nueva frontera por conquistar para el agave mexicano",True
test,https://elpais.com/diario/1983/04/27/espana/420242444_850215.html,1983-04-26 22:00:00+00:00,Empresarios agrícolas agradecen públicamente los rezos por la lluvia,True
test,https://elpais.com/economia/2018/11/20/actualidad/1542729062_210423.html,2018-11-22 11:50:17+00:00,“Estamos cambiando el funcionamiento elemental del planeta”,False
test,https://elpais.com/deportes/2021-05-16/el-eibar-desciende-a-segunda-antes-de-la-jornada-final-que-tendra-los-puestos-de-descenso-y-europa-abiertos.html,2021-05-16 18:54:43.066000+00:00,"El Eibar cae a Segunda antes de la jornada final, que tendrá los puestos de descenso y Europa abiertos",False
test,https://elpais.com/diario/1989/11/29/espana/628297228_850215.html,1989-11-28 23:00:00+00:00,La sequía genera una situación de catástrofe en Bilbao y Vitoria,True
test,https://elpais.com/diario/2008/04/28/catalunya/1209344841_850215.html,2008-04-27 22:00:00+00:00,Begues quiere que las casas unifamiliares tengan depósito de agua,True
test,https://elpais.com/deportes/2018/12/04/actualidad/1543921382_520837.html,2018-12-06 13:11:11+00:00,El Athletic despide a Eduardo Berizzo,False
test,https://elpais.com/internacional/2015/01/26/actualidad/1422298784_721652.html,2016-01-27 13:25:21+00:00,La sequía llega al carnaval de Brasil,True
test,https://elpais.com/diario/2001/09/09/internacional/999986401_850215.html,2001-09-08 22:00:00+00:00,El hambre hace estragos en toda América Central,True
test,https://elpais.com/diario/2005/05/06/madrid/1115378674_850215.html,2005-05-05 22:00:00+00:00,El Lourdes de La Alcarria,False
test,https://elpais.com/diario/2008/04/13/opinion/1208037608_850215.html,2008-04-12 22:00:00+00:00,La frase,True
test,https://elpais.com/internacional/2012/03/13/actualidad/1331624246_227325.html,2012-03-13 17:19:58+00:00,Las ONG advierten de que la hambruna en el norte de México va a empeorar,True
test,https://elpais.com/mexico/escaparate/2022-02-02/estos-accesorios-superventas-son-perfectos-para-organizar-el-closet-y-ahorrar-espacio.html,2022-02-02 13:00:00.653000+00:00,Estos accesorios superventas son perfectos para organizar el clóset y ahorrar espacio,False
test,https://elpais.com/diario/1985/08/27/madrid/493989858_850215.html,1985-08-26 22:00:00+00:00,Escaso control del uso recreativo de los embalses madrileños,False
test,https://elpais.com/espana/catalunya/2022-05-21/el-pueblo-catalan-de-las-2000-piscinas-se-queda-sin-agua.html,2022-05-21 03:15:00.475000+00:00,El pueblo catalán de las 2.000 piscinas se queda sin agua,True
test,https://elpais.com/diario/1995/05/21/opinion/801007202_850215.html,1995-05-20 22:00:00+00:00,Sequía,True
test,https://elpais.com/diario/2009/07/21/catalunya/1248138442_850215.html,2009-07-21 05:00:00+00:00,Barcelona ya bebe agua procedente de la desalinizadora de El Prat,True
test,https://elpais.com/diario/1979/05/22/espana/296172034_850215.html,1979-05-21 22:00:00+00:00,Benidorm: agua hasta septiembre,True
test,https://elpais.com/diario/2008/04/02/catalunya/1207098458_850215.html,2008-04-01 22:00:00+00:00,"Depurar, enguarrar, contaminar",True
test,https://elpais.com/elpais/2018/06/22/planeta_futuro/1529673700_367082.html,2018-06-25 22:03:37+00:00,"Tras milenios de sequías, es hora de prepararse",True
test,https://elpais.com/diario/2006/05/12/catalunya/1147396049_850215.html,2006-05-11 22:00:00+00:00,La reutilización del agua del Baix Llobregat empezará en verano,False
test,https://elpais.com/diario/2010/01/08/catalunya/1262916443_850215.html,2010-01-08 06:00:00+00:00,La nieve corta la AP-7 en la frontera y causa problemas en 40 vías,False
test,https://elpais.com/planeta-futuro/2022-07-11/una-ventana-de-oportunidad-para-librarse-de-la-tuberculosis-en-somaliland.html,2022-07-11 03:30:00.429000+00:00,Una ventana de oportunidad para librarse de la tuberculosis en Somalilandia,True
test,https://elpais.com/diario/2001/05/11/madrid/989580285_850215.html,2001-05-10 22:00:00+00:00,Un paseo por la eternidad,False
test,https://elpais.com/internacional/2022-11-25/49-condenados-a-muerte-en-argelia-por-linchar-a-un-voluntario-al-que-confundieron-con-un-piromano.html,2022-11-25 12:14:11.821000+00:00,49 condenados a muerte en Argelia por linchar a un voluntario al que confundieron con un pirómano,False
test,https://elpais.com/ccaa/2014/08/17/valencia/1408299970_168647.html,2014-08-17 22:10:50+00:00,Los estragos de la sequía avanzan desde Alicante hacia el norte,True
test,https://elpais.com/escaparate/2021-05-12/desayunos-saludables-cafeteras-creperas-aceiteras-y-otros-accesorios-para-empezar-el-dia-comiendo-sano.html,2021-05-12 03:00:00+00:00,"Desayunos saludables: cafeteras, creperas, aceiteras y otros accesorios para empezar el día comiendo sano ",False
test,https://elpais.com/diario/1983/03/08/madrid/415974258_850215.html,1983-03-07 23:00:00+00:00,"Huelga en el Canal de sabel II para el día 24, convocada por CC OO",False
test,https://elpais.com/eps/2022-04-09/la-palabra-inflacion.html,2022-04-09 03:40:00.603000+00:00,La palabra inflación,False
test,https://elpais.com/diario/2005/10/05/espana/1128463217_850215.html,2005-10-04 22:00:00+00:00,Los ríos llevan un 57% menos de agua que hace un año,True
test,https://elpais.com/diario/2008/06/03/catalunya/1212455240_850215.html,2008-06-02 22:00:00+00:00,Mayo duplicó la media de lluvias en la Cataluña seca,False
test,https://elpais.com/escaparate/2021-10-21/las-mejores-luces-para-la-bicicleta.html,2021-10-21 15:42:17.893000+00:00,Las mejores luces para la bicicleta,False
test,https://elpais.com/opinion/2021-04-15/alguien-puede-explicar-a-vox-de-donde-vienen-los-ninos.html,2021-04-15 03:00:00+00:00,¿Alguien puede explicar a Vox de dónde vienen los niños?,True
test,https://elpais.com/elpais/2016/08/17/planeta_futuro/1471444881_191988.html,2016-08-18 07:41:58+00:00,No habrá arroz para los camboyanos,True
test,https://elpais.com/economia/2015/07/05/actualidad/1436117390_397496.html,2015-07-05 22:05:13+00:00,Agricultura costeará los avales por los daños de la sequía y el pedrisco,True
test,https://elpais.com/diario/2002/03/11/catalunya/1015812452_850215.html,2002-03-10 23:00:00+00:00,UP proyecta pedir nuevas ayudas para las granjas que tienen peste porcina,False
test,https://elpais.com/deportes/eurocopa-futbol/2021-06-22/los-carrileros-estan-de-moda-en-el-futbol.html,2021-06-22 16:50:39.954000+00:00,Los carrileros están de moda,False
test,https://elpais.com/diario/2002/07/26/cvalenciana/1027711092_850215.html,2002-07-25 22:00:00+00:00,Riego para la sequía en el sur de Alicante,True
test,https://elpais.com/diario/2005/10/03/andalucia/1128291741_850215.html,2005-10-02 22:00:00+00:00,El agua que viene del cielo,True
test,https://elpais.com/sociedad/2012/10/23/actualidad/1350983432_515461.html,2012-10-23 14:18:03+00:00,EE UU investiga la relación entre cinco muertes y el consumo de Monster,False
test,https://elpais.com/diario/1976/07/04/economia/205279213_850215.html,1976-07-03 22:00:00+00:00,Racionamientos de agua en Bélgica y Francia,True
test,https://elpais.com/deportes/2019/11/19/actualidad/1574126395_380878.html,2019-11-19 08:40:57+00:00,Luka Doncic asombra con otra gesta: 42 puntos y su sexto triple doble en 13 partidos,False
test,https://elpais.com/diario/2005/06/06/espana/1118008829_850215.html,2005-06-05 22:00:00+00:00,Medio Ambiente pedirá que suba el precio del agua,True
test,https://elpais.com/economia/2014/06/08/actualidad/1402258262_508125.html,2014-06-09 06:42:11+00:00,Agricultura lanza una batería de medidas para combatir la sequía,True
test,https://elpais.com/diario/2005/04/30/espana/1114812019_850215.html,2005-04-29 22:00:00+00:00,La falta de lluvias provoca la mayor sequía de los últimos 60 años,True
test,https://elpais.com/sociedad/2012/07/20/actualidad/1342811845_304881.html,2012-07-20 21:50:00+00:00,La peor sequía de EE UU en 50 años daña la mitad de las cosechas del país,True
test,https://elpais.com/internacional/2014/04/09/actualidad/1397046253_690015.html,2014-04-09 19:45:49+00:00,La ONU se ve forzada a reducir en un 20% las raciones de los sirios,True
test,https://elpais.com/diario/1999/04/26/sociedad/925077614_850215.html,1999-04-25 22:00:00+00:00,"El sida y la falta de agua amenazan al mundo, advierte el Worldwatch Institute",False
test,https://elpais.com/diario/2007/12/09/galicia/1197199091_850215.html,2007-12-08 23:00:00+00:00,Menos agua pero sin alarma,True
test,https://elpais.com/diario/2005/10/08/andalucia/1128723731_850215.html,2005-10-07 22:00:00+00:00,Veda,True
test,https://elpais.com/diario/1976/07/04/economia/205279212_850215.html,1976-07-03 22:00:00+00:00,Peligra la ganadería italiana por la sequía,True
test,https://elpais.com/politica/2017/11/23/actualidad/1511451457_874968.html,2017-11-25 21:44:04+00:00,El paraíso perdido de aguas cristalinas,True
test,https://elpais.com/elpais/2017/06/23/ciencia/1498227268_835670.html,2017-06-25 14:36:34+00:00,El planeta se cocina a fuego lento,True
test,https://elpais.com/diario/2002/03/24/negocio/1016978606_850215.html,2002-03-23 23:00:00+00:00,La láctea CAPSA crece en Cuba,False
test,https://elpais.com/elpais/2019/08/14/opinion/1565795270_791380.html,2019-08-14 22:59:06+00:00,Comiendo genes,False
test,https://elpais.com/diario/2008/05/14/catalunya/1210727238_850215.html,2008-05-13 22:00:00+00:00,Premio,False
test,https://elpais.com/espana/2023-01-29/un-agricultor-de-elche-ante-el-recorte-del-trasvase-sin-agua-no-puedes-animar-a-nadie-a-que-siga-en-el-campo.html,2023-01-30 04:40:00.641000+00:00,"Miles de empleos pendientes del recorte del trasvase en Elche: “Sin agua, no puedes animar a nadie a que siga en el campo”",False
test,https://elpais.com/elpais/2019/11/04/media/1572878661_350661.html,2019-11-04 16:41:10+00:00,Shírov: plata y joya,False
test,https://elpais.com/television/2022-05-14/que-ver-hoy-en-tv-sabado-14-de-mayo-de-2022.html,2022-05-14 03:30:00.368000+00:00,¿Qué ver hoy en TV? Sábado 14 de mayo de 2022,False
test,https://elpais.com/cultura/2019/01/15/television/1547543482_316062.html,2019-01-15 09:49:12+00:00,Mal diagnóstico para ‘Hospital Valle Norte’,False
test,https://elpais.com/diario/1992/09/19/madrid/716901868_850215.html,1992-09-18 22:00:00+00:00,La sequía provoca la muerte de 10.000 peces en los ríos de Madrid,True
test,https://elpais.com/diario/2006/09/19/catalunya/1158628040_850215.html,2006-09-18 22:00:00+00:00,Renfe reconoce que 57.000 personas sufrieron las alteraciones originadas por las lluvias,False
test,https://elpais.com/deportes/2022-08-07/espana-gana-el-eurobasket-sub-18-y-prolonga-un-verano-de-ensueno-en-los-junior.html,2022-08-07 20:37:34.681000+00:00,España gana el Eurobasket sub-18 y prolonga un verano de ensueño en los junior,False
test,https://elpais.com/diario/1981/02/11/portada/350694002_850215.html,1981-02-10 23:00:00+00:00,"Las lluvias de ayer, insuficientes para remediar la grave situación provocada por la sequía",True
test,https://elpais.com/elpais/2018/04/13/escaparate/1523622670_680079.html,2018-04-16 08:58:50+00:00,Test de ADN 24genetics: así descubrí que tengo predisposición a las lesiones deportivas,False
test,https://elpais.com/diario/1985/09/25/espana/496447229_850215.html,1985-09-24 22:00:00+00:00,Camiones cisterna trasladan un millón de litros de agua para ovejas de las Bardenas,True
test,https://elpais.com/internacional/2016/04/26/actualidad/1461688015_184186.html,2016-04-26 22:15:22+00:00,Revuelta en un centro de detención de migrantes en la isla de Lesbos,False
test,https://elpais.com/deportes/2018/03/19/actualidad/1521483793_065504.html,2018-03-19 20:47:10+00:00,Simeone y el diabólico dilema de gestionar el 1-0,False
test,https://elpais.com/diario/2005/10/15/espana/1129327219_850215.html,2005-10-14 22:00:00+00:00,Las lluvias aplazan las medidas contra la sequía en Cataluña,True
test,https://elpais.com/ccaa/2012/08/05/andalucia/1344190562_500846.html,2012-08-05 21:23:56+00:00,La UE autoriza el adelanto de 700 millones de euros de la PAC,False
test,https://elpais.com/diario/2005/07/04/economia/1120428010_850215.html,2005-07-04 01:08:00+00:00,El Gobierno destina 200 millones de euros a paliar la sequía,True
test,https://elpais.com/diario/1984/03/12/sociedad/447894003_850215.html,1984-03-11 23:00:00+00:00,La búsqueda del equilibrio hidráulico / 1,True
test,https://elpais.com/diario/1983/10/29/espana/436230026_850215.html,1983-10-28 23:00:00+00:00,Nuevas restricciones de agua en Sevilla,True
test,https://elpais.com/clima-y-medio-ambiente/2022-01-14/ganaderos-contra-las-macrogranjas-es-como-si-pones-un-primark-al-lado-de-una-tienda-de-barrio.html,2022-01-14 04:30:00+00:00,Ganaderos contra las macrogranjas: “Es como si pones un Primark al lado de una tienda de barrio” ,False
test,https://elpais.com/diario/1999/07/15/andalucia/931990936_850215.html,1999-07-14 22:00:00+00:00,Sevilla sufrirá restricciones de agua en el 2000 si se prolonga la falta de lluvias,True
test,https://elpais.com/diario/1994/09/05/madrid/778764284_850215.html,1994-09-04 22:00:00+00:00,Aguas turbulentas,False
test,https://elpais.com/diario/1995/04/16/espana/797983211_850215.html,1995-04-15 22:00:00+00:00,Los alcaldes alardean de cobrar el agua barata,False
test,https://elpais.com/diario/2008/04/13/catalunya/1208048843_850215.html,2008-04-12 22:00:00+00:00,Un centenar de agricultores protestan en Tarragona por la cesión de agua a Barcelona,False
test,https://elpais.com/ccaa/2012/09/18/andalucia/1347959928_715631.html,2012-09-18 09:29:58+00:00,Delegados del SAT se encierran en la Universidad de Sevilla,True
test,https://elpais.com/diario/2002/07/03/andalucia/1025648524_850215.html,2002-07-02 22:00:00+00:00,La Junta aprueba iniciar el proceso civil contra Boliden para recuperar el coste del vertido tóxico,False
test,https://elpais.com/diario/2005/07/28/espana/1122501619_850215.html,2005-07-27 22:00:00+00:00,Portugal acepta recibir menos agua del Duero por la sequía en España,True
test,https://elpais.com/diario/1982/08/13/economia/398037608_850215.html,1982-08-12 22:00:00+00:00,La Administración presentará hoy los últimos balances de cereales y las ayudas por la sequía,True
test,https://elpais.com/diario/1995/09/02/espana/809992807_850215.html,1995-09-01 22:00:00+00:00,La peor sequía del siglo provoca que ocho millones de personas sufran restricciones,True
test,https://elpais.com/diario/1995/05/18/internacional/800748003_850215.html,1995-05-17 22:00:00+00:00,Hassan II entrega su sueldo a una colecta nacional contra la sequía en Marruecos,True
test,https://elpais.com/diario/2002/02/04/sociedad/1012777205_850215.html,2002-02-03 23:00:00+00:00,La falta de lluvias en el norte del país deja las reservas al 50% de su capacidad,True
test,https://elpais.com/economia/2022-10-22/el-precio-de-la-luz-baja-a-minimos-de-mas-de-un-ano-por-el-desplome-del-gas-y-el-tiron-de-la-eolica.html,2022-10-22 14:10:15.947000+00:00,El precio de la luz baja a mínimos de más de un año por la caída del gas y el resurgir de la eólica,False
test,https://elpais.com/diario/1999/07/26/economia/932940004_850215.html,1999-07-25 22:00:00+00:00,Agricultura reabre la mesa de la sequía,True
test,https://elpais.com/elpais/2017/12/14/alterconsumismo/1513284327_874865.html,2017-12-15 19:37:22+00:00,Regala lo mejor de este mundo,False
test,https://elpais.com/diario/1985/10/02/ultima/497055603_850215.html,1985-10-01 23:00:00+00:00,"José María García Leira,",True
test,https://elpais.com/ccaa/2013/05/27/madrid/1369658918_149509.html,2013-05-27 15:33:17+00:00,El consumo de agua de los madrileños equivale al de hace 15 años,False
test,https://elpais.com/ccaa/2017/01/16/valencia/1484581762_404236.html,2017-01-17 13:41:28+00:00,El Gobierno moviliza 200 efectivos y 66 quitanieves por la ola de frío,False
test,https://elpais.com/ccaa/2012/02/29/galicia/1330544975_084087.html,2012-02-29 19:49:35+00:00,La sequía invernal desata una ola de incendios forestales en Ourense,True
test,https://elpais.com/diario/1983/10/05/madrid/434204655_850215.html,1983-10-04 23:00:00+00:00,El Canal de Isabel II estudia el corte del suministro de agua durante ocho horas al día,True
test,https://elpais.com/deportes/2023-01-07/ceuta-barcelona-y-villarreal-real-madrid-en-los-octavos-de-final-de-la-copa-del-rey.html,2023-01-07 13:20:56.537000+00:00,Ceuta - Barcelona y Villarreal - Real Madrid en los octavos de final de la Copa del Rey,False
test,https://elpais.com/diario/1999/07/13/cvalenciana/931893487_850215.html,1999-07-12 22:00:00+00:00,Vecinos de  urbanizaciones de Chiva protestan por las restricciones de agua,True
test,https://elpais.com/deportes/2022-02-03/pekin-estrena-sus-juegos-olimpicos-de-invierno-entre-la-covid-y-la-nieve-artificial.html,2022-02-03 17:13:01.144000+00:00,Pekín estrena sus Juegos Olímpicos de invierno entre la covid y la nieve artificial,False
test,https://elpais.com/diario/1999/09/08/andalucia/936742935_850215.html,1999-09-07 22:00:00+00:00,Plata cree que la gestión del agua del Gobierno pone en peligro al regadío,True
test,https://elpais.com/ccaa/2018/12/26/madrid/1545835647_523825.html,2018-12-26 17:40:19+00:00,La Comunidad de Madrid impulsará con tres millones de euros la compra de vehículos limpios,False
test,https://elpais.com/diario/2009/01/25/catalunya/1232849238_850215.html,2009-01-24 23:00:00+00:00,Las lluvias no frenan las obras previstas para combatir una futura sequía,True
test,https://elpais.com/diario/1988/02/14/internacional/571791602_850215.html,1988-02-13 23:00:00+00:00,"El aumento de los recursos, siguiendo el «plan Delors»",False
test,https://elpais.com/diario/2005/06/11/catalunya/1118452050_850215.html,2005-06-10 22:00:00+00:00,La Generalitat elevará las ayudas a los agricultores por la sequía,True
test,https://elpais.com/elpais/2015/08/04/opinion/1438707660_987623.html,2015-08-04 18:37:48+00:00,Bajo las llamas,True
test,https://elpais.com/diario/2000/09/12/cvalenciana/968786280_850215.html,2000-09-11 22:00:00+00:00,La superficie citrícola ha crecido un 23% en dos décadas a pesar de la escasez de agua,True
test,https://elpais.com/diario/2007/07/15/galicia/1184494690_850215.html,2007-07-14 22:00:00+00:00,Cuotas de xurelo  y sardina para barcos de 20 puertos gallegos,False
test,https://elpais.com/diario/2003/08/07/paisvasco/1060285202_850215.html,2003-08-06 22:00:00+00:00,El nivel de los embalses garantiza el suministro de agua hasta finales de año,True
test,https://elpais.com/espana/catalunya/2022-08-26/las-restricciones-por-la-sequia-se-extienden-y-ya-afectan-a-680000-catalanes.html,2022-08-26 11:58:14.432000+00:00,Las restricciones por la sequía se extienden y ya afectan a 680.000 catalanes,True
test,https://elpais.com/diario/1999/08/07/sociedad/933976805_850215.html,1999-08-06 22:00:00+00:00,Gobernadores de EE UU piden que se denuncie a los que derrochen agua,True
test,https://elpais.com/diario/1993/06/02/economia/738972015_850215.html,1993-06-01 22:00:00+00:00,EDP,True
test,https://elpais.com/diario/1981/11/22/espana/375231623_850215.html,1981-11-21 23:00:00+00:00,Los embalses de Málaga se encuentran a un tercio de su capacidad por la sequía,True
test,https://elpais.com/diario/2001/12/22/viajero/1009058887_850215.html,2001-12-21 23:00:00+00:00,Roma,False
test,https://elpais.com/diario/1989/07/10/economia/616024811_850215.html,1989-07-09 22:00:00+00:00,El Comité de Gestión de la CE autoriza a España para que pueda exportar cebada,False
test,https://elpais.com/clima-y-medio-ambiente/2022-06-17/el-calor-extremo-mata-a-miles-de-reses-en-kansas.html,2022-06-17 15:20:08.740000+00:00,El calor extremo mata a miles de reses en Kansas,True
test,https://elpais.com/espana/andalucia/2023-01-13/cooperativas-y-mujeres-motor-economico-en-los-pueblos-de-andalucia.html,2023-01-13 04:00:00.479000+00:00,"Cooperativas y mujeres, motor económico en los pueblos de Andalucía",True
test,https://elpais.com/diario/2000/01/14/catalunya/947815655_850215.html,2000-01-13 23:00:00+00:00,Constituida una plataforma contra el trasvase de agua del Ródano,True
test,https://elpais.com/sociedad/2012/08/07/actualidad/1344369168_967859.html,2012-08-10 08:18:31+00:00,El calor refuta a los ‘climaescépticos’,True
test,https://elpais.com/deportes/2017/11/17/actualidad/1510942165_826968.html,2017-11-18 18:52:29+00:00,Atlético de Madrid - Real Madrid: el derbi de las urgencias,False
test,https://elpais.com/diario/2008/05/28/catalunya/1211936840_850215.html,2008-05-27 22:00:00+00:00,La Generalitat hará la tubería aunque el ministerio derogue el decreto,False
test,https://elpais.com/diario/2005/09/26/economia/1127685613_850215.html,2005-09-25 22:00:00+00:00,Los precios del aceite se disparan por los efectos de la falta de lluvias,True
test,https://elpais.com/elpais/2015/12/01/planeta_futuro/1448989909_747147.html,2015-12-03 16:38:43+00:00,Por no poder comer,True
test,https://elpais.com/diario/2008/05/20/andalucia/1211235723_850215.html,2008-05-19 22:00:00+00:00,Los flamencos huyen de la sequía,True
test,https://elpais.com/diario/2005/12/22/cvalenciana/1135282688_850215.html,2005-12-21 23:00:00+00:00,Aprobada la licitación de obras del nuevo trazado Júcar-Vinalopó,True
test,https://elpais.com/diario/1994/07/16/madrid/774357858_850215.html,1994-07-15 22:00:00+00:00,La Confederación del Tajo bota la primera patrullera madrileña,True
test,https://elpais.com/ccaa/2013/06/17/valencia/1371486684_282936.html,2013-06-17 18:58:25+00:00,La protesta de taxis vacía de tráfico el centro de Valencia,False
test,https://elpais.com/deportes/2021-11-30/alejandro-valverde-el-conocimiento-te-permite-la-locura.html,2021-11-30 18:17:18.070000+00:00,Alejandro Valverde: “El conocimiento te permite la locura”  ,False
test,https://elpais.com/diario/2000/10/31/andalucia/972948136_850215.html,2000-10-30 23:00:00+00:00,"Emasesa presenta sus «web» sobre el agua y la sequía, que afectará en breve a Sevilla",True
test,https://elpais.com/diario/1995/10/17/sociedad/813884416_850215.html,1995-10-16 23:00:00+00:00,Una sangría en medio de la escasez,True
test,https://elpais.com/clima-y-medio-ambiente/2022-11-06/la-sequia-es-una-amenaza-existencial-la-resiliencia-no-es-una-opcion.html,2022-11-06 04:30:01.213000+00:00,"La sequía es una amenaza existencial, la resiliencia es una obligación",True
test,https://elpais.com/diario/1981/05/28/espana/359848829_850215.html,1981-05-27 22:00:00+00:00,Sevilla contara con solo 11 horas al día de suministro de agua,True
test,https://elpais.com/deportes/2020-06-08/publico-virtual-para-rellenar-el-vacio-de-la-puerta-cerrada.html,2020-06-08 19:41:02.272000+00:00,Público virtual para rellenar el vacío de la puerta cerrada,False
test,https://elpais.com/diario/2005/07/10/andalucia/1120947744_850215.html,2005-07-09 22:00:00+00:00,Sequía a domicilio,True
test,https://elpais.com/diario/2007/07/05/radiotv/1183586401_850215.html,2007-07-04 22:00:00+00:00,Una serie de Localia alerta de los peligros de la deforestación,False
test,https://elpais.com/elpais/2006/08/11/actualidad/1155284217_850215.html,2006-08-11 21:53:00+00:00,Un primer contingente de 400 voluntarios se une a la lucha contra el fuego,False
test,https://elpais.com/elpais/2020/07/22/planeta_futuro/1595418980_567578.html,2020-07-23 22:10:24+00:00,En peligro los humedales del Delta del río Paraná,True
test,https://elpais.com/diario/2008/01/05/viajero/1199570897_850215.html,2008-01-04 23:00:00+00:00,Visigodos en el Tajo,False
test,https://elpais.com/diario/2006/09/06/espana/1157493620_850215.html,2006-09-05 22:00:00+00:00,La reserva de agua de 2007 evitará cortes en Murcia,True
test,https://elpais.com/diario/2005/09/24/espana/1127512813_850215.html,2005-09-23 22:00:00+00:00,Murcia pide un trasvase del Tajo al Segura superior al permitido y Castilla-La Mancha replica que es temerario,True
test,https://elpais.com/diario/2007/12/10/sociedad/1197241202_850215.html,2007-12-09 23:00:00+00:00,Los países tropicales exigen ayudas a la ONU para no talar sus bosques,False
test,https://elpais.com/diario/2000/11/02/madrid/973167857_850215.html,2000-11-01 23:00:00+00:00,Los embalses de la región alcanzan el nivel más bajo de todo el año,True
test,https://elpais.com/espana/comunidad-valenciana/2023-01-28/lelca-la-masia-de-francisco-brines-inspiracion-de-sus-poemas-declarada-bien-de-interes-cultural.html,2023-01-28 04:05:00.198000+00:00,"L’Elca, la masía de Francisco Brines, inspiración de sus poemas, declarada Bien de Interés Cultural",False
test,https://elpais.com/diario/2005/06/20/andalucia/1119219749_850215.html,2005-06-19 22:00:00+00:00,El agua oculta,True
test,https://elpais.com/ccaa/2012/05/27/valencia/1338141068_765022.html,2012-05-28 00:36:01+00:00,El campo alicantino vela armas ante una nueva sequía,True
test,https://elpais.com/clima-y-medio-ambiente/2021-07-25/brasil-sufre-la-peor-sequia-en-casi-un-siglo.html,2021-07-25 16:05:38.642000+00:00,Brasil sufre la peor sequía en casi un siglo,True
test,https://elpais.com/planeta-futuro/red-de-expertos/2022-08-07/mas-y-mejor-cooperacion-espanola-en-agua-y-saneamiento.html,2022-08-07 03:30:00.284000+00:00,Más y mejor Cooperación Española en agua y saneamiento,False
test,https://elpais.com/diario/1999/01/10/sociedad/915922801_850215.html,1999-01-09 23:00:00+00:00,Las lluvias traen esperanzas para la sequía en Cataluña,True
test,https://elpais.com/gente/2020-03-05/katy-perry-anuncia-que-espera-un-hijo-con-orlando-bloom.html,2020-03-05 09:16:10.301000+00:00,Katy Perry anuncia que espera un hijo con Orlando Bloom,False
test,https://elpais.com/cultura/2023-02-08/la-interminable-guerra-de-pink-floyd.html,2023-02-08 17:59:23.373000+00:00,La interminable guerra de Pink Floyd,False
test,https://elpais.com/diario/2006/03/13/madrid/1142252665_850215.html,2006-03-12 23:00:00+00:00,Medio Ambiente impone tres multas de 450 euros por regar jardines,True
test,https://elpais.com/diario/2005/03/20/espana/1111273215_850215.html,2005-03-19 23:00:00+00:00,La nieve no basta,True
test,https://elpais.com/diario/2005/09/09/catalunya/1126228038_850215.html,2005-09-08 22:00:00+00:00,Cataluña ha sufrido 12 tornados desde el pasado lunes,False
test,https://elpais.com/economia/2020-04-26/la-epidemia-se-interpone-en-el-plan-del-gobierno-para-limitar-el-alquiler.html,2020-04-26 22:30:35.405000+00:00,El Gobierno aparca por la pandemia el plan para limitar el alquiler ,False
test,https://elpais.com/elpais/2016/01/05/planeta_futuro/1452008288_662029.html,2016-01-07 08:22:27+00:00,Que el 2016 nos traiga mucha agua (potable),False
test,https://elpais.com/diario/2005/05/01/catalunya/1114909640_850215.html,2005-04-30 22:00:00+00:00,La Generalitat pedirá a Bruselas que avance las ayudas por la sequía,True
test,https://elpais.com/ccaa/2013/05/31/madrid/1370025517_845303.html,2013-06-03 07:08:20+00:00,El campo de golf de Chamberí sigue en el limbo,False
test,https://elpais.com/diario/2000/03/18/sociedad/953334026_850215.html,2000-03-17 23:00:00+00:00,REUTERS Una inauguración poco protocolaria,False
test,https://elpais.com/diario/1995/02/24/espana/793580426_850215.html,1995-02-23 23:00:00+00:00,Borrell a De Palacio: «Sus conocimientos sobre el agua se acaban en el agua bendita»,False
test,https://elpais.com/espana/2021-08-16/el-incendio-que-arrasa-avila-mejora-tras-los-trabajos-nocturnos-pero-sigue-activo.html,2021-08-16 10:38:17.794000+00:00,"El incendio que arrasa Ávila mejora tras los trabajos nocturnos, pero sigue activo",True
test,https://elpais.com/clima-y-medio-ambiente/2022-02-11/a-la-caza-de-los-pozos-ilegales-de-donana.html,2022-02-11 04:30:00.381000+00:00,A la caza de los pozos ilegales de Doñana ,False
test,https://elpais.com/sociedad/2022-12-20/donana-remonta-el-vuelo.html,2022-12-20 04:20:00.324000+00:00,Doñana remonta el vuelo ,True
test,https://elpais.com/diario/1983/05/09/economia/421279207_850215.html,1983-05-08 22:00:00+00:00,El FORPPA quiere reducir el número de cepas,False
test,https://elpais.com/gente/2023-01-31/archewell-la-fundacion-de-enrique-de-inglaterra-y-meghan-markle-ha-recaudado-casi-12-millones-de-euros-desde-2020.html,2023-01-31 04:25:00.249000+00:00,"Archewell, la fundación de Enrique de Inglaterra y Meghan Markle, ha recaudado casi 12 millones de euros desde 2020",False
test,https://elpais.com/diario/2001/08/19/internacional/998172013_850215.html,2001-08-18 22:00:00+00:00,Víveres para El Salvador,True
test,https://elpais.com/diario/1999/04/24/andalucia/924906138_850215.html,1999-04-23 22:00:00+00:00,Asaja pide que se declare a Córdoba zona catastrófica por la sequía,True
test,https://elpais.com/diario/1989/09/20/economia/622245611_850215.html,1989-09-19 22:00:00+00:00,Las indemnizaciones en el seguro integral de cereales triplican las primas,True
test,https://elpais.com/clima-y-medio-ambiente/2021-09-01/la-sequia-obliga-al-gobierno-de-brasil-a-racionar-el-agua-y-la-electricidad.html,2021-09-01 21:13:19.880000+00:00,La sequía lleva al Gobierno de Brasil a recomendar reducir el aire acondicionado y las duchas calientes,True
test,https://elpais.com/diario/2003/10/28/cvalenciana/1067372284_850215.html,2003-10-27 23:00:00+00:00,La Acequia Real del Júcar acusa de la contaminación al vertedero de Guadassuar,False
test,https://elpais.com/ccaa/2020/01/28/madrid/1580212714_507385.html,2020-01-28 12:19:51+00:00,"Marimar Blanco, nueva asesora de Vivienda del PP en el Ayuntamiento de Madrid",False
test,https://elpais.com/ccaa/2019/07/23/catalunya/1563899670_375257.html,2019-07-23 17:17:30+00:00,Aval técnico al tranvía por la Diagonal a la espera del pacto político,False
test,https://elpais.com/elpais/2017/01/31/planeta_futuro/1485863502_820849.html,2017-02-01 07:14:42+00:00,Cómo aliviar la sequía en África,True
test,https://elpais.com/diario/2005/09/02/madrid/1125660259_850215.html,2005-09-01 22:00:00+00:00,Las Rozas y la sequía,True
test,https://elpais.com/diario/1989/09/30/espana/623113222_850215.html,1989-09-29 23:00:00+00:00,Crítica situación en El Ferrol por la sequía,True
test,https://elpais.com/espana/madrid/2023-01-27/la-ronda-de-toledo-y-la-calle-de-soria-inundadas-por-la-averia-de-una-tuberia-del-canal-de-isabel-ii.html,2023-01-27 15:14:19.210000+00:00,"La rotura de una tubería inunda varias calles de Madrid, corta tres estaciones de metro y deja varios barrios sin agua",False
test,https://elpais.com/diario/1983/02/07/espana/413420423_850215.html,1983-02-06 23:00:00+00:00,82 poblaciones españolas están actualmente en «alerta roja»,True
test,https://elpais.com/sociedad/2014/02/14/actualidad/1392393913_039085.html,2014-02-14 16:05:13+00:00,El campo de California se seca,True
test,https://elpais.com/diario/2005/10/03/espana/1128290425_850215.html,2005-10-02 22:00:00+00:00,Crónica de una crisis anunciada,True
test,https://elpais.com/diario/1984/02/02/espana/444524412_850215.html,1984-02-01 23:00:00+00:00,El Congreso prorroga hasta fin de año las medidas excepcionales contra la sequía,True
test,https://elpais.com/diario/1994/11/08/sociedad/784249228_850215.html,1994-11-07 23:00:00+00:00,La falta de agua en Doñana desde 1990 ha reducido su población de aves hasta en un 80%,True
test,https://elpais.com/diario/2000/02/03/andalucia/949533734_850215.html,2000-02-02 23:00:00+00:00,El debate del agua se estanca,True
test,https://elpais.com/diario/2006/05/19/cvalenciana/1148066305_850215.html,2006-05-18 22:00:00+00:00,La oposición amenaza con dejar la comisión de la sequía,False
test,https://elpais.com/diario/1976/07/22/economia/206834409_850215.html,1976-07-21 22:00:00+00:00,"5.000 millones de marcos, pérdidas por la sequía",True
test,https://elpais.com/deportes/juegos-olimpicos/2021-08-07/kevin-durant-da-brillo-al-cuarto-oro-seguido-de-eeuu-y-sofoca-el-asalto-frances-de-ultima-hora.html,2021-08-07 05:06:49.423000+00:00,Kevin Durant da brillo al cuarto oro seguido de EEUU y sofoca el asalto francés de última hora,False
test,https://elpais.com/diario/2005/09/23/espana/1127426419_850215.html,2005-09-22 22:00:00+00:00,"El nivel de los acuíferos del Duero, Segura, Tajo y Cataluña está por debajo del 30%",True
test,https://elpais.com/diario/2007/05/11/sociedad/1178834404_850215.html,2007-05-10 22:00:00+00:00,Adena incluye una central gallega entre las nueve eléctricas más contaminantes de Europa,False
test,https://elpais.com/cultura/2020-08-15/toda-la-odisea-cabe-en-la-isla-de-formentera.html,2020-08-15 22:30:00+00:00,Toda la ‘Odisea’ cabe en la isla de Formentera ,False
test,https://elpais.com/espana/2022-12-01/la-economia-circular-de-la-campana-de-setas-en-soria-del-recolector-local-al-turista-exquisito.html,2022-12-01 04:00:00.967000+00:00,La economía circular de la campaña de setas en Soria: del recolector local al turista exquisito,True
test,https://elpais.com/diario/1983/02/02/cultura/412988417_850215.html,1983-02-01 23:00:00+00:00,"Teatro Lebrijano vuelve con «»Sequía, de Javier Ros",False
test,https://elpais.com/elpais/2018/03/15/ciencia/1521132953_484369.html,2018-03-22 08:03:38+00:00,El problema de la falta de imaginación en España para gestionar el agua,True
test,https://elpais.com/diario/2006/05/30/andalucia/1148941334_850215.html,2006-05-29 22:00:00+00:00,La Junta levanta con limitaciones el decreto de sequía en la Costa del Sol,True
test,https://elpais.com/internacional/2016/04/07/actualidad/1460054117_036248.html,2016-04-07 20:45:11+00:00,Así se vive en la villa de Buenos Aires donde manda el dengue,False
test,https://elpais.com/diario/2005/03/28/andalucia/1111962134_850215.html,2005-03-27 22:00:00+00:00,El sector agrario convoca movilizaciones en abril por la sequía y las heladas,True
test,https://elpais.com/politica/2017/01/23/actualidad/1485186831_875055.html,2017-01-24 10:26:51+00:00,La Galicia sumergida aflora por la sequía insólita,True
test,https://elpais.com/diario/2005/10/18/catalunya/1129597638_850215.html,2005-10-17 22:00:00+00:00,Más de 8.000 reclamaciones  por los daños de los  aguaceros en Girona,True
test,https://elpais.com/diario/1999/07/26/andalucia/932941339_850215.html,1999-07-25 22:00:00+00:00,Arden dos hectáreas cerca de Medina Azahara,False
test,https://elpais.com/diario/2005/06/04/espana/1117836004_850215.html,2005-06-03 22:00:00+00:00,El alcalde de Huesca prohíbe llenar las piscinas y 200 pueblos se abastecen con cubas desde mayo,True
test,https://elpais.com/diario/2005/06/24/catalunya/1119575254_850215.html,2005-06-23 22:00:00+00:00,El viento como enemigo,False
test,https://elpais.com/espana/andalucia/2022-11-07/la-escasez-de-agua-pone-en-jaque-la-rentabilidad-del-mango-andaluz.html,2022-11-07 04:00:01.893000+00:00,La escasez de agua pone en jaque la rentabilidad del mango andaluz,True
test,https://elpais.com/planeta-futuro/planeta-unicef/2022-10-15/el-aumento-del-hambre-en-el-mundo-hipoteca-el-futuro-de-los-ninos.html,2022-10-15 03:35:00.419000+00:00,El aumento del hambre en el mundo hipoteca el futuro de los niños  ,True
test,https://elpais.com/ccaa/2018/06/26/paisvasco/1530013712_721005.html,2018-06-26 17:35:23+00:00,"Imatek, precisión total para medir ruidos, aire y contaminación",False
test,https://elpais.com/diario/1995/10/25/espana/814575617_850215.html,1995-10-24 23:00:00+00:00,Las lluvias pasan de largo sobre las regiones más afectadas por la sequía,True
test,https://elpais.com/diario/1989/11/10/espana/626655622_850215.html,1989-11-09 23:00:00+00:00,Campaña para restringir el consumo de agua en Cataluña,True
test,https://elpais.com/diario/2007/07/23/sociedad/1185141603_850215.html,2007-07-22 22:00:00+00:00,Diez borrones en el litoral español,False
test,https://elpais.com/diario/2005/10/06/andalucia/1128550926_850215.html,2005-10-05 22:00:00+00:00,La Junta crea una web para informar sobre la sequía,True
test,https://elpais.com/diario/1983/11/10/espana/437266826_850215.html,1983-11-09 23:00:00+00:00,La Generalitat valenciana pide al Gobierno que le permita coordinar las tareas sobre inundaciones,True
test,https://elpais.com/sociedad/2012/02/27/actualidad/1330372548_599315.html,2012-02-28 01:47:00+00:00,El invierno más seco desde que hay datos dispara la polución,True
test,https://elpais.com/politica/2017/10/24/actualidad/1508845996_661021.html,2017-10-25 08:07:53+00:00,Las últimas lluvias no revierten la situación límite de los embalses,True
test,https://elpais.com/deportes/mundial-futbol/2022-11-23/dormir-en-una-caja-a-200-euros-la-noche-para-asistir-al-mundial-de-qatar.html,2022-11-23 11:42:41.226000+00:00,Dormir en una caja a 200 euros la noche para asistir al Mundial de Qatar,False
test,https://elpais.com/diario/2007/04/21/cvalenciana/1177183080_850215.html,2007-04-20 22:00:00+00:00,Las lluvias alivian la sequía del Júcar y sacan al Turia de la emergencia,True
test,https://elpais.com/deportes/2017/05/19/actualidad/1495188939_151676.html,2017-05-21 15:12:29+00:00,Final Four de la Euroliga 2017: horarios y dónde ver el baloncesto,False
test,https://elpais.com/diario/2005/07/17/cvalenciana/1121627891_850215.html,2005-07-16 22:00:00+00:00,Tecnología contra la sequía,True
test,https://elpais.com/diario/1995/07/19/economia/806104803_850215.html,1995-07-18 22:00:00+00:00,La producción de la vendimia de Jerez se ha reducido un 70% por la sequía,True
test,https://elpais.com/diario/2005/10/12/catalunya/1129079249_850215.html,2005-10-11 22:00:00+00:00,Los meteorólogos esperan para hoy fuertes lluvias que durarán cuatro días,True
test,https://elpais.com/diario/1981/11/15/portada/374626801_850215.html,1981-11-14 23:00:00+00:00,"Puente sin río, España con sed.",True
test,https://elpais.com/internacional/2015/08/22/actualidad/1440196284_337185.html,2015-08-21 23:13:50+00:00,La sequía devasta Guatemala,True
test,https://elpais.com/economia/2014/10/24/actualidad/1414168506_648523.html,2014-10-26 00:11:03+00:00,La magia de congelar la fruta,False
